service,primary_model,fallback_model,attack_type,attack_severity,rho,mask_id,scenario_name,trusted_service_restore_sec_cpsat,trusted_service_restore_sec_easy,trusted_service_restore_sec_heft,trusted_service_restore_sec_replica,preferred_restore_sec_cpsat,preferred_restore_sec_easy,preferred_restore_sec_heft,preferred_restore_sec_replica,preferred_recovery_action,recovery_strategy,replanned,planning_overhead_sec
detection,yolo11n,yolov5s,patch,0.0,0.333,1,rho_0.333_mask_01,0.0,0.0,0.0,0.0,0.0,0.0,0.0,0.0,no_recovery_required,baseline_or_no_recovery,False,0.0
detection,yolo11n,yolov5s,patch,0.0,0.333,2,rho_0.333_mask_02,0.0,0.0,0.0,0.0,0.0,0.0,0.0,0.0,no_recovery_required,baseline_or_no_recovery,False,0.0
detection,yolo11n,yolov5s,patch,0.0,0.333,3,rho_0.333_mask_03,0.0,0.0,0.0,0.0,0.0,0.0,0.0,0.0,no_recovery_required,baseline_or_no_recovery,False,0.0
detection,yolo11n,yolov5s,patch,0.0,0.333,4,rho_0.333_mask_04,0.0,0.0,0.0,0.0,0.0,0.0,0.0,0.0,no_recovery_required,baseline_or_no_recovery,False,0.0
detection,yolo11n,yolov5s,patch,0.0,0.333,5,rho_0.333_mask_05,0.0,0.0,0.0,0.0,0.0,0.0,0.0,0.0,no_recovery_required,baseline_or_no_recovery,False,0.0
detection,yolo11n,yolov5s,patch,0.0,0.333,6,rho_0.333_mask_06,0.0,0.0,0.0,0.0,0.0,0.0,0.0,0.0,no_recovery_required,baseline_or_no_recovery,False,0.0
detection,yolo11n,yolov5s,patch,0.0,0.333,7,rho_0.333_mask_07,0.0,0.0,0.0,0.0,0.0,0.0,0.0,0.0,no_recovery_required,baseline_or_no_recovery,False,0.0
detection,yolo11n,yolov5s,patch,0.0,0.333,8,rho_0.333_mask_08,0.0,0.0,0.0,0.0,0.0,0.0,0.0,0.0,no_recovery_required,baseline_or_no_recovery,False,0.0
detection,yolo11n,yolov5s,patch,0.0,0.333,9,rho_0.333_mask_09,0.0,0.0,0.0,0.0,0.0,0.0,0.0,0.0,no_recovery_required,baseline_or_no_recovery,False,0.0
detection,yolo11n,yolov5s,patch,0.0,0.333,10,rho_0.333_mask_10,0.0,0.0,0.0,0.0,0.0,0.0,0.0,0.0,no_recovery_required,baseline_or_no_recovery,False,0.0
detection,yolo11n,yolov5s,patch,0.0,0.333,11,rho_0.333_mask_11,0.0,0.0,0.0,0.0,0.0,0.0,0.0,0.0,no_recovery_required,baseline_or_no_recovery,False,0.0
detection,yolo11n,yolov5s,patch,0.0,0.333,12,rho_0.333_mask_12,0.0,0.0,0.0,0.0,0.0,0.0,0.0,0.0,no_recovery_required,baseline_or_no_recovery,False,0.0
detection,yolo11n,yolov5s,patch,0.0,0.333,13,rho_0.333_mask_13,0.0,0.0,0.0,0.0,0.0,0.0,0.0,0.0,no_recovery_required,baseline_or_no_recovery,False,0.0
detection,yolo11n,yolov5s,patch,0.0,0.333,14,rho_0.333_mask_14,0.0,0.0,0.0,0.0,0.0,0.0,0.0,0.0,no_recovery_required,baseline_or_no_recovery,False,0.0
detection,yolo11n,yolov5s,patch,0.0,0.333,15,rho_0.333_mask_15,0.0,0.0,0.0,0.0,0.0,0.0,0.0,0.0,no_recovery_required,baseline_or_no_recovery,False,0.0
detection,yolo11n,yolov5s,patch,0.0,0.333,16,rho_0.333_mask_16,0.0,0.0,0.0,0.0,0.0,0.0,0.0,0.0,no_recovery_required,baseline_or_no_recovery,False,0.0
detection,yolo11n,yolov5s,patch,0.0,0.333,17,rho_0.333_mask_17,0.0,0.0,0.0,0.0,0.0,0.0,0.0,0.0,no_recovery_required,baseline_or_no_recovery,False,0.0
detection,yolo11n,yolov5s,patch,0.0,0.333,18,rho_0.333_mask_18,0.0,0.0,0.0,0.0,0.0,0.0,0.0,0.0,no_recovery_required,baseline_or_no_recovery,False,0.0
detection,yolo11n,yolov5s,patch,0.0,0.333,19,rho_0.333_mask_19,0.0,0.0,0.0,0.0,0.0,0.0,0.0,0.0,no_recovery_required,baseline_or_no_recovery,False,0.0
detection,yolo11n,yolov5s,patch,0.0,0.333,20,rho_0.333_mask_20,0.0,0.0,0.0,0.0,0.0,0.0,0.0,0.0,no_recovery_required,baseline_or_no_recovery,False,0.0
detection,yolo11n,yolov5s,patch,0.0,0.4,1,rho_0.400_mask_01,0.0,0.0,0.0,0.0,0.0,0.0,0.0,0.0,no_recovery_required,baseline_or_no_recovery,False,0.0
detection,yolo11n,yolov5s,patch,0.0,0.4,2,rho_0.400_mask_02,0.0,0.0,0.0,0.0,0.0,0.0,0.0,0.0,no_recovery_required,baseline_or_no_recovery,False,0.0
detection,yolo11n,yolov5s,patch,0.0,0.4,3,rho_0.400_mask_03,0.0,0.0,0.0,0.0,0.0,0.0,0.0,0.0,no_recovery_required,baseline_or_no_recovery,False,0.0
detection,yolo11n,yolov5s,patch,0.0,0.4,4,rho_0.400_mask_04,0.0,0.0,0.0,0.0,0.0,0.0,0.0,0.0,no_recovery_required,baseline_or_no_recovery,False,0.0
detection,yolo11n,yolov5s,patch,0.0,0.4,5,rho_0.400_mask_05,0.0,0.0,0.0,0.0,0.0,0.0,0.0,0.0,no_recovery_required,baseline_or_no_recovery,False,0.0
detection,yolo11n,yolov5s,patch,0.0,0.4,6,rho_0.400_mask_06,0.0,0.0,0.0,0.0,0.0,0.0,0.0,0.0,no_recovery_required,baseline_or_no_recovery,False,0.0
detection,yolo11n,yolov5s,patch,0.0,0.4,7,rho_0.400_mask_07,0.0,0.0,0.0,0.0,0.0,0.0,0.0,0.0,no_recovery_required,baseline_or_no_recovery,False,0.0
detection,yolo11n,yolov5s,patch,0.0,0.4,8,rho_0.400_mask_08,0.0,0.0,0.0,0.0,0.0,0.0,0.0,0.0,no_recovery_required,baseline_or_no_recovery,False,0.0
detection,yolo11n,yolov5s,patch,0.0,0.4,9,rho_0.400_mask_09,0.0,0.0,0.0,0.0,0.0,0.0,0.0,0.0,no_recovery_required,baseline_or_no_recovery,False,0.0
detection,yolo11n,yolov5s,patch,0.0,0.4,10,rho_0.400_mask_10,0.0,0.0,0.0,0.0,0.0,0.0,0.0,0.0,no_recovery_required,baseline_or_no_recovery,False,0.0
detection,yolo11n,yolov5s,patch,0.0,0.4,11,rho_0.400_mask_11,0.0,0.0,0.0,0.0,0.0,0.0,0.0,0.0,no_recovery_required,baseline_or_no_recovery,False,0.0
detection,yolo11n,yolov5s,patch,0.0,0.4,12,rho_0.400_mask_12,0.0,0.0,0.0,0.0,0.0,0.0,0.0,0.0,no_recovery_required,baseline_or_no_recovery,False,0.0
detection,yolo11n,yolov5s,patch,0.0,0.4,13,rho_0.400_mask_13,0.0,0.0,0.0,0.0,0.0,0.0,0.0,0.0,no_recovery_required,baseline_or_no_recovery,False,0.0
detection,yolo11n,yolov5s,patch,0.0,0.4,14,rho_0.400_mask_14,0.0,0.0,0.0,0.0,0.0,0.0,0.0,0.0,no_recovery_required,baseline_or_no_recovery,False,0.0
detection,yolo11n,yolov5s,patch,0.0,0.4,15,rho_0.400_mask_15,0.0,0.0,0.0,0.0,0.0,0.0,0.0,0.0,no_recovery_required,baseline_or_no_recovery,False,0.0
detection,yolo11n,yolov5s,patch,0.0,0.4,16,rho_0.400_mask_16,0.0,0.0,0.0,0.0,0.0,0.0,0.0,0.0,no_recovery_required,baseline_or_no_recovery,False,0.0
detection,yolo11n,yolov5s,patch,0.0,0.4,17,rho_0.400_mask_17,0.0,0.0,0.0,0.0,0.0,0.0,0.0,0.0,no_recovery_required,baseline_or_no_recovery,False,0.0
detection,yolo11n,yolov5s,patch,0.0,0.4,18,rho_0.400_mask_18,0.0,0.0,0.0,0.0,0.0,0.0,0.0,0.0,no_recovery_required,baseline_or_no_recovery,False,0.0
detection,yolo11n,yolov5s,patch,0.0,0.4,19,rho_0.400_mask_19,0.0,0.0,0.0,0.0,0.0,0.0,0.0,0.0,no_recovery_required,baseline_or_no_recovery,False,0.0
detection,yolo11n,yolov5s,patch,0.0,0.4,20,rho_0.400_mask_20,0.0,0.0,0.0,0.0,0.0,0.0,0.0,0.0,no_recovery_required,baseline_or_no_recovery,False,0.0
detection,yolo11n,yolov5s,patch,0.0,0.6,1,rho_0.600_mask_01,0.0,0.0,0.0,0.0,0.0,0.0,0.0,0.0,no_recovery_required,baseline_or_no_recovery,False,0.0
detection,yolo11n,yolov5s,patch,0.0,0.6,2,rho_0.600_mask_02,0.0,0.0,0.0,0.0,0.0,0.0,0.0,0.0,no_recovery_required,baseline_or_no_recovery,False,0.0
detection,yolo11n,yolov5s,patch,0.0,0.6,3,rho_0.600_mask_03,0.0,0.0,0.0,0.0,0.0,0.0,0.0,0.0,no_recovery_required,baseline_or_no_recovery,False,0.0
detection,yolo11n,yolov5s,patch,0.0,0.6,4,rho_0.600_mask_04,0.0,0.0,0.0,0.0,0.0,0.0,0.0,0.0,no_recovery_required,baseline_or_no_recovery,False,0.0
detection,yolo11n,yolov5s,patch,0.0,0.6,5,rho_0.600_mask_05,0.0,0.0,0.0,0.0,0.0,0.0,0.0,0.0,no_recovery_required,baseline_or_no_recovery,False,0.0
detection,yolo11n,yolov5s,patch,0.0,0.6,6,rho_0.600_mask_06,0.0,0.0,0.0,0.0,0.0,0.0,0.0,0.0,no_recovery_required,baseline_or_no_recovery,False,0.0
detection,yolo11n,yolov5s,patch,0.0,0.6,7,rho_0.600_mask_07,0.0,0.0,0.0,0.0,0.0,0.0,0.0,0.0,no_recovery_required,baseline_or_no_recovery,False,0.0
detection,yolo11n,yolov5s,patch,0.0,0.6,8,rho_0.600_mask_08,0.0,0.0,0.0,0.0,0.0,0.0,0.0,0.0,no_recovery_required,baseline_or_no_recovery,False,0.0
detection,yolo11n,yolov5s,patch,0.0,0.6,9,rho_0.600_mask_09,0.0,0.0,0.0,0.0,0.0,0.0,0.0,0.0,no_recovery_required,baseline_or_no_recovery,False,0.0
detection,yolo11n,yolov5s,patch,0.0,0.6,10,rho_0.600_mask_10,0.0,0.0,0.0,0.0,0.0,0.0,0.0,0.0,no_recovery_required,baseline_or_no_recovery,False,0.0
detection,yolo11n,yolov5s,patch,0.0,0.6,11,rho_0.600_mask_11,0.0,0.0,0.0,0.0,0.0,0.0,0.0,0.0,no_recovery_required,baseline_or_no_recovery,False,0.0
detection,yolo11n,yolov5s,patch,0.0,0.6,12,rho_0.600_mask_12,0.0,0.0,0.0,0.0,0.0,0.0,0.0,0.0,no_recovery_required,baseline_or_no_recovery,False,0.0
detection,yolo11n,yolov5s,patch,0.0,0.6,13,rho_0.600_mask_13,0.0,0.0,0.0,0.0,0.0,0.0,0.0,0.0,no_recovery_required,baseline_or_no_recovery,False,0.0
detection,yolo11n,yolov5s,patch,0.0,0.6,14,rho_0.600_mask_14,0.0,0.0,0.0,0.0,0.0,0.0,0.0,0.0,no_recovery_required,baseline_or_no_recovery,False,0.0
detection,yolo11n,yolov5s,patch,0.0,0.6,15,rho_0.600_mask_15,0.0,0.0,0.0,0.0,0.0,0.0,0.0,0.0,no_recovery_required,baseline_or_no_recovery,False,0.0
detection,yolo11n,yolov5s,patch,0.0,0.6,16,rho_0.600_mask_16,0.0,0.0,0.0,0.0,0.0,0.0,0.0,0.0,no_recovery_required,baseline_or_no_recovery,False,0.0
detection,yolo11n,yolov5s,patch,0.0,0.6,17,rho_0.600_mask_17,0.0,0.0,0.0,0.0,0.0,0.0,0.0,0.0,no_recovery_required,baseline_or_no_recovery,False,0.0
detection,yolo11n,yolov5s,patch,0.0,0.6,18,rho_0.600_mask_18,0.0,0.0,0.0,0.0,0.0,0.0,0.0,0.0,no_recovery_required,baseline_or_no_recovery,False,0.0
detection,yolo11n,yolov5s,patch,0.0,0.6,19,rho_0.600_mask_19,0.0,0.0,0.0,0.0,0.0,0.0,0.0,0.0,no_recovery_required,baseline_or_no_recovery,False,0.0
detection,yolo11n,yolov5s,patch,0.0,0.6,20,rho_0.600_mask_20,0.0,0.0,0.0,0.0,0.0,0.0,0.0,0.0,no_recovery_required,baseline_or_no_recovery,False,0.0
detection,yolo11n,yolov5s,patch,0.0,0.8,1,rho_0.800_mask_01,0.0,0.0,0.0,0.0,0.0,0.0,0.0,0.0,no_recovery_required,baseline_or_no_recovery,False,0.0
detection,yolo11n,yolov5s,patch,0.0,0.8,2,rho_0.800_mask_02,0.0,0.0,0.0,0.0,0.0,0.0,0.0,0.0,no_recovery_required,baseline_or_no_recovery,False,0.0
detection,yolo11n,yolov5s,patch,0.0,0.8,3,rho_0.800_mask_03,0.0,0.0,0.0,0.0,0.0,0.0,0.0,0.0,no_recovery_required,baseline_or_no_recovery,False,0.0
detection,yolo11n,yolov5s,patch,0.0,0.8,4,rho_0.800_mask_04,0.0,0.0,0.0,0.0,0.0,0.0,0.0,0.0,no_recovery_required,baseline_or_no_recovery,False,0.0
detection,yolo11n,yolov5s,patch,0.0,0.8,5,rho_0.800_mask_05,0.0,0.0,0.0,0.0,0.0,0.0,0.0,0.0,no_recovery_required,baseline_or_no_recovery,False,0.0
detection,yolo11n,yolov5s,patch,0.0,0.8,6,rho_0.800_mask_06,0.0,0.0,0.0,0.0,0.0,0.0,0.0,0.0,no_recovery_required,baseline_or_no_recovery,False,0.0
detection,yolo11n,yolov5s,patch,0.0,0.8,7,rho_0.800_mask_07,0.0,0.0,0.0,0.0,0.0,0.0,0.0,0.0,no_recovery_required,baseline_or_no_recovery,False,0.0
detection,yolo11n,yolov5s,patch,0.0,0.8,8,rho_0.800_mask_08,0.0,0.0,0.0,0.0,0.0,0.0,0.0,0.0,no_recovery_required,baseline_or_no_recovery,False,0.0
detection,yolo11n,yolov5s,patch,0.0,0.8,9,rho_0.800_mask_09,0.0,0.0,0.0,0.0,0.0,0.0,0.0,0.0,no_recovery_required,baseline_or_no_recovery,False,0.0
detection,yolo11n,yolov5s,patch,0.0,0.8,10,rho_0.800_mask_10,0.0,0.0,0.0,0.0,0.0,0.0,0.0,0.0,no_recovery_required,baseline_or_no_recovery,False,0.0
detection,yolo11n,yolov5s,patch,0.0,0.8,11,rho_0.800_mask_11,0.0,0.0,0.0,0.0,0.0,0.0,0.0,0.0,no_recovery_required,baseline_or_no_recovery,False,0.0
detection,yolo11n,yolov5s,patch,0.0,0.8,12,rho_0.800_mask_12,0.0,0.0,0.0,0.0,0.0,0.0,0.0,0.0,no_recovery_required,baseline_or_no_recovery,False,0.0
detection,yolo11n,yolov5s,patch,0.0,0.8,13,rho_0.800_mask_13,0.0,0.0,0.0,0.0,0.0,0.0,0.0,0.0,no_recovery_required,baseline_or_no_recovery,False,0.0
detection,yolo11n,yolov5s,patch,0.0,0.8,14,rho_0.800_mask_14,0.0,0.0,0.0,0.0,0.0,0.0,0.0,0.0,no_recovery_required,baseline_or_no_recovery,False,0.0
detection,yolo11n,yolov5s,patch,0.0,0.8,15,rho_0.800_mask_15,0.0,0.0,0.0,0.0,0.0,0.0,0.0,0.0,no_recovery_required,baseline_or_no_recovery,False,0.0
detection,yolo11n,yolov5s,patch,0.0,0.8,16,rho_0.800_mask_16,0.0,0.0,0.0,0.0,0.0,0.0,0.0,0.0,no_recovery_required,baseline_or_no_recovery,False,0.0
detection,yolo11n,yolov5s,patch,0.0,0.8,17,rho_0.800_mask_17,0.0,0.0,0.0,0.0,0.0,0.0,0.0,0.0,no_recovery_required,baseline_or_no_recovery,False,0.0
detection,yolo11n,yolov5s,patch,0.0,0.8,18,rho_0.800_mask_18,0.0,0.0,0.0,0.0,0.0,0.0,0.0,0.0,no_recovery_required,baseline_or_no_recovery,False,0.0
detection,yolo11n,yolov5s,patch,0.0,0.8,19,rho_0.800_mask_19,0.0,0.0,0.0,0.0,0.0,0.0,0.0,0.0,no_recovery_required,baseline_or_no_recovery,False,0.0
detection,yolo11n,yolov5s,patch,0.0,0.8,20,rho_0.800_mask_20,0.0,0.0,0.0,0.0,0.0,0.0,0.0,0.0,no_recovery_required,baseline_or_no_recovery,False,0.0
detection,yolo11n,yolov5s,patch,0.0,1.0,0,rho_1.000_nominal,0.0,0.0,0.0,0.0,0.0,0.0,0.0,0.0,no_recovery_required,baseline_or_no_recovery,False,0.0
detection,yolo11n,yolov5s,patch,0.25,0.333,1,rho_0.333_mask_01,0.0,0.0,0.0,0.0,0.0,0.0,0.0,0.0,no_recovery_required,baseline_or_no_recovery,False,0.0
detection,yolo11n,yolov5s,patch,0.25,0.333,2,rho_0.333_mask_02,0.0,0.0,0.0,0.0,0.0,0.0,0.0,0.0,no_recovery_required,baseline_or_no_recovery,False,0.0
detection,yolo11n,yolov5s,patch,0.25,0.333,3,rho_0.333_mask_03,0.0,0.0,0.0,0.0,0.0,0.0,0.0,0.0,no_recovery_required,baseline_or_no_recovery,False,0.0
detection,yolo11n,yolov5s,patch,0.25,0.333,4,rho_0.333_mask_04,0.0,0.0,0.0,0.0,0.0,0.0,0.0,0.0,no_recovery_required,baseline_or_no_recovery,False,0.0
detection,yolo11n,yolov5s,patch,0.25,0.333,5,rho_0.333_mask_05,0.0,0.0,0.0,0.0,0.0,0.0,0.0,0.0,no_recovery_required,baseline_or_no_recovery,False,0.0
detection,yolo11n,yolov5s,patch,0.25,0.333,6,rho_0.333_mask_06,0.0,0.0,0.0,0.0,0.0,0.0,0.0,0.0,no_recovery_required,baseline_or_no_recovery,False,0.0
detection,yolo11n,yolov5s,patch,0.25,0.333,7,rho_0.333_mask_07,0.0,0.0,0.0,0.0,0.0,0.0,0.0,0.0,no_recovery_required,baseline_or_no_recovery,False,0.0
detection,yolo11n,yolov5s,patch,0.25,0.333,8,rho_0.333_mask_08,0.0,0.0,0.0,0.0,0.0,0.0,0.0,0.0,no_recovery_required,baseline_or_no_recovery,False,0.0
detection,yolo11n,yolov5s,patch,0.25,0.333,9,rho_0.333_mask_09,0.0,0.0,0.0,0.0,0.0,0.0,0.0,0.0,no_recovery_required,baseline_or_no_recovery,False,0.0
detection,yolo11n,yolov5s,patch,0.25,0.333,10,rho_0.333_mask_10,0.0,0.0,0.0,0.0,0.0,0.0,0.0,0.0,no_recovery_required,baseline_or_no_recovery,False,0.0
detection,yolo11n,yolov5s,patch,0.25,0.333,11,rho_0.333_mask_11,0.0,0.0,0.0,0.0,0.0,0.0,0.0,0.0,no_recovery_required,baseline_or_no_recovery,False,0.0
detection,yolo11n,yolov5s,patch,0.25,0.333,12,rho_0.333_mask_12,0.0,0.0,0.0,0.0,0.0,0.0,0.0,0.0,no_recovery_required,baseline_or_no_recovery,False,0.0
detection,yolo11n,yolov5s,patch,0.25,0.333,13,rho_0.333_mask_13,0.0,0.0,0.0,0.0,0.0,0.0,0.0,0.0,no_recovery_required,baseline_or_no_recovery,False,0.0
detection,yolo11n,yolov5s,patch,0.25,0.333,14,rho_0.333_mask_14,0.0,0.0,0.0,0.0,0.0,0.0,0.0,0.0,no_recovery_required,baseline_or_no_recovery,False,0.0
detection,yolo11n,yolov5s,patch,0.25,0.333,15,rho_0.333_mask_15,0.0,0.0,0.0,0.0,0.0,0.0,0.0,0.0,no_recovery_required,baseline_or_no_recovery,False,0.0
detection,yolo11n,yolov5s,patch,0.25,0.333,16,rho_0.333_mask_16,0.0,0.0,0.0,0.0,0.0,0.0,0.0,0.0,no_recovery_required,baseline_or_no_recovery,False,0.0
detection,yolo11n,yolov5s,patch,0.25,0.333,17,rho_0.333_mask_17,0.0,0.0,0.0,0.0,0.0,0.0,0.0,0.0,no_recovery_required,baseline_or_no_recovery,False,0.0
detection,yolo11n,yolov5s,patch,0.25,0.333,18,rho_0.333_mask_18,0.0,0.0,0.0,0.0,0.0,0.0,0.0,0.0,no_recovery_required,baseline_or_no_recovery,False,0.0
detection,yolo11n,yolov5s,patch,0.25,0.333,19,rho_0.333_mask_19,0.0,0.0,0.0,0.0,0.0,0.0,0.0,0.0,no_recovery_required,baseline_or_no_recovery,False,0.0
detection,yolo11n,yolov5s,patch,0.25,0.333,20,rho_0.333_mask_20,0.0,0.0,0.0,0.0,0.0,0.0,0.0,0.0,no_recovery_required,baseline_or_no_recovery,False,0.0
detection,yolo11n,yolov5s,patch,0.25,0.4,1,rho_0.400_mask_01,0.0,0.0,0.0,0.0,0.0,0.0,0.0,0.0,no_recovery_required,baseline_or_no_recovery,False,0.0
detection,yolo11n,yolov5s,patch,0.25,0.4,2,rho_0.400_mask_02,0.0,0.0,0.0,0.0,0.0,0.0,0.0,0.0,no_recovery_required,baseline_or_no_recovery,False,0.0
detection,yolo11n,yolov5s,patch,0.25,0.4,3,rho_0.400_mask_03,0.0,0.0,0.0,0.0,0.0,0.0,0.0,0.0,no_recovery_required,baseline_or_no_recovery,False,0.0
detection,yolo11n,yolov5s,patch,0.25,0.4,4,rho_0.400_mask_04,0.0,0.0,0.0,0.0,0.0,0.0,0.0,0.0,no_recovery_required,baseline_or_no_recovery,False,0.0
detection,yolo11n,yolov5s,patch,0.25,0.4,5,rho_0.400_mask_05,0.0,0.0,0.0,0.0,0.0,0.0,0.0,0.0,no_recovery_required,baseline_or_no_recovery,False,0.0
detection,yolo11n,yolov5s,patch,0.25,0.4,6,rho_0.400_mask_06,0.0,0.0,0.0,0.0,0.0,0.0,0.0,0.0,no_recovery_required,baseline_or_no_recovery,False,0.0
detection,yolo11n,yolov5s,patch,0.25,0.4,7,rho_0.400_mask_07,0.0,0.0,0.0,0.0,0.0,0.0,0.0,0.0,no_recovery_required,baseline_or_no_recovery,False,0.0
detection,yolo11n,yolov5s,patch,0.25,0.4,8,rho_0.400_mask_08,0.0,0.0,0.0,0.0,0.0,0.0,0.0,0.0,no_recovery_required,baseline_or_no_recovery,False,0.0
detection,yolo11n,yolov5s,patch,0.25,0.4,9,rho_0.400_mask_09,0.0,0.0,0.0,0.0,0.0,0.0,0.0,0.0,no_recovery_required,baseline_or_no_recovery,False,0.0
detection,yolo11n,yolov5s,patch,0.25,0.4,10,rho_0.400_mask_10,0.0,0.0,0.0,0.0,0.0,0.0,0.0,0.0,no_recovery_required,baseline_or_no_recovery,False,0.0
detection,yolo11n,yolov5s,patch,0.25,0.4,11,rho_0.400_mask_11,0.0,0.0,0.0,0.0,0.0,0.0,0.0,0.0,no_recovery_required,baseline_or_no_recovery,False,0.0
detection,yolo11n,yolov5s,patch,0.25,0.4,12,rho_0.400_mask_12,0.0,0.0,0.0,0.0,0.0,0.0,0.0,0.0,no_recovery_required,baseline_or_no_recovery,False,0.0
detection,yolo11n,yolov5s,patch,0.25,0.4,13,rho_0.400_mask_13,0.0,0.0,0.0,0.0,0.0,0.0,0.0,0.0,no_recovery_required,baseline_or_no_recovery,False,0.0
detection,yolo11n,yolov5s,patch,0.25,0.4,14,rho_0.400_mask_14,0.0,0.0,0.0,0.0,0.0,0.0,0.0,0.0,no_recovery_required,baseline_or_no_recovery,False,0.0
detection,yolo11n,yolov5s,patch,0.25,0.4,15,rho_0.400_mask_15,0.0,0.0,0.0,0.0,0.0,0.0,0.0,0.0,no_recovery_required,baseline_or_no_recovery,False,0.0
detection,yolo11n,yolov5s,patch,0.25,0.4,16,rho_0.400_mask_16,0.0,0.0,0.0,0.0,0.0,0.0,0.0,0.0,no_recovery_required,baseline_or_no_recovery,False,0.0
detection,yolo11n,yolov5s,patch,0.25,0.4,17,rho_0.400_mask_17,0.0,0.0,0.0,0.0,0.0,0.0,0.0,0.0,no_recovery_required,baseline_or_no_recovery,False,0.0
detection,yolo11n,yolov5s,patch,0.25,0.4,18,rho_0.400_mask_18,0.0,0.0,0.0,0.0,0.0,0.0,0.0,0.0,no_recovery_required,baseline_or_no_recovery,False,0.0
detection,yolo11n,yolov5s,patch,0.25,0.4,19,rho_0.400_mask_19,0.0,0.0,0.0,0.0,0.0,0.0,0.0,0.0,no_recovery_required,baseline_or_no_recovery,False,0.0
detection,yolo11n,yolov5s,patch,0.25,0.4,20,rho_0.400_mask_20,0.0,0.0,0.0,0.0,0.0,0.0,0.0,0.0,no_recovery_required,baseline_or_no_recovery,False,0.0
detection,yolo11n,yolov5s,patch,0.25,0.6,1,rho_0.600_mask_01,0.0,0.0,0.0,0.0,0.0,0.0,0.0,0.0,no_recovery_required,baseline_or_no_recovery,False,0.0
detection,yolo11n,yolov5s,patch,0.25,0.6,2,rho_0.600_mask_02,0.0,0.0,0.0,0.0,0.0,0.0,0.0,0.0,no_recovery_required,baseline_or_no_recovery,False,0.0
detection,yolo11n,yolov5s,patch,0.25,0.6,3,rho_0.600_mask_03,0.0,0.0,0.0,0.0,0.0,0.0,0.0,0.0,no_recovery_required,baseline_or_no_recovery,False,0.0
detection,yolo11n,yolov5s,patch,0.25,0.6,4,rho_0.600_mask_04,0.0,0.0,0.0,0.0,0.0,0.0,0.0,0.0,no_recovery_required,baseline_or_no_recovery,False,0.0
detection,yolo11n,yolov5s,patch,0.25,0.6,5,rho_0.600_mask_05,0.0,0.0,0.0,0.0,0.0,0.0,0.0,0.0,no_recovery_required,baseline_or_no_recovery,False,0.0
detection,yolo11n,yolov5s,patch,0.25,0.6,6,rho_0.600_mask_06,0.0,0.0,0.0,0.0,0.0,0.0,0.0,0.0,no_recovery_required,baseline_or_no_recovery,False,0.0
detection,yolo11n,yolov5s,patch,0.25,0.6,7,rho_0.600_mask_07,0.0,0.0,0.0,0.0,0.0,0.0,0.0,0.0,no_recovery_required,baseline_or_no_recovery,False,0.0
detection,yolo11n,yolov5s,patch,0.25,0.6,8,rho_0.600_mask_08,0.0,0.0,0.0,0.0,0.0,0.0,0.0,0.0,no_recovery_required,baseline_or_no_recovery,False,0.0
detection,yolo11n,yolov5s,patch,0.25,0.6,9,rho_0.600_mask_09,0.0,0.0,0.0,0.0,0.0,0.0,0.0,0.0,no_recovery_required,baseline_or_no_recovery,False,0.0
detection,yolo11n,yolov5s,patch,0.25,0.6,10,rho_0.600_mask_10,0.0,0.0,0.0,0.0,0.0,0.0,0.0,0.0,no_recovery_required,baseline_or_no_recovery,False,0.0
detection,yolo11n,yolov5s,patch,0.25,0.6,11,rho_0.600_mask_11,0.0,0.0,0.0,0.0,0.0,0.0,0.0,0.0,no_recovery_required,baseline_or_no_recovery,False,0.0
detection,yolo11n,yolov5s,patch,0.25,0.6,12,rho_0.600_mask_12,0.0,0.0,0.0,0.0,0.0,0.0,0.0,0.0,no_recovery_required,baseline_or_no_recovery,False,0.0
detection,yolo11n,yolov5s,patch,0.25,0.6,13,rho_0.600_mask_13,0.0,0.0,0.0,0.0,0.0,0.0,0.0,0.0,no_recovery_required,baseline_or_no_recovery,False,0.0
detection,yolo11n,yolov5s,patch,0.25,0.6,14,rho_0.600_mask_14,0.0,0.0,0.0,0.0,0.0,0.0,0.0,0.0,no_recovery_required,baseline_or_no_recovery,False,0.0
detection,yolo11n,yolov5s,patch,0.25,0.6,15,rho_0.600_mask_15,0.0,0.0,0.0,0.0,0.0,0.0,0.0,0.0,no_recovery_required,baseline_or_no_recovery,False,0.0
detection,yolo11n,yolov5s,patch,0.25,0.6,16,rho_0.600_mask_16,0.0,0.0,0.0,0.0,0.0,0.0,0.0,0.0,no_recovery_required,baseline_or_no_recovery,False,0.0
detection,yolo11n,yolov5s,patch,0.25,0.6,17,rho_0.600_mask_17,0.0,0.0,0.0,0.0,0.0,0.0,0.0,0.0,no_recovery_required,baseline_or_no_recovery,False,0.0
detection,yolo11n,yolov5s,patch,0.25,0.6,18,rho_0.600_mask_18,0.0,0.0,0.0,0.0,0.0,0.0,0.0,0.0,no_recovery_required,baseline_or_no_recovery,False,0.0
detection,yolo11n,yolov5s,patch,0.25,0.6,19,rho_0.600_mask_19,0.0,0.0,0.0,0.0,0.0,0.0,0.0,0.0,no_recovery_required,baseline_or_no_recovery,False,0.0
detection,yolo11n,yolov5s,patch,0.25,0.6,20,rho_0.600_mask_20,0.0,0.0,0.0,0.0,0.0,0.0,0.0,0.0,no_recovery_required,baseline_or_no_recovery,False,0.0
detection,yolo11n,yolov5s,patch,0.25,0.8,1,rho_0.800_mask_01,0.0,0.0,0.0,0.0,0.0,0.0,0.0,0.0,no_recovery_required,baseline_or_no_recovery,False,0.0
detection,yolo11n,yolov5s,patch,0.25,0.8,2,rho_0.800_mask_02,0.0,0.0,0.0,0.0,0.0,0.0,0.0,0.0,no_recovery_required,baseline_or_no_recovery,False,0.0
detection,yolo11n,yolov5s,patch,0.25,0.8,3,rho_0.800_mask_03,0.0,0.0,0.0,0.0,0.0,0.0,0.0,0.0,no_recovery_required,baseline_or_no_recovery,False,0.0
detection,yolo11n,yolov5s,patch,0.25,0.8,4,rho_0.800_mask_04,0.0,0.0,0.0,0.0,0.0,0.0,0.0,0.0,no_recovery_required,baseline_or_no_recovery,False,0.0
detection,yolo11n,yolov5s,patch,0.25,0.8,5,rho_0.800_mask_05,0.0,0.0,0.0,0.0,0.0,0.0,0.0,0.0,no_recovery_required,baseline_or_no_recovery,False,0.0
detection,yolo11n,yolov5s,patch,0.25,0.8,6,rho_0.800_mask_06,0.0,0.0,0.0,0.0,0.0,0.0,0.0,0.0,no_recovery_required,baseline_or_no_recovery,False,0.0
detection,yolo11n,yolov5s,patch,0.25,0.8,7,rho_0.800_mask_07,0.0,0.0,0.0,0.0,0.0,0.0,0.0,0.0,no_recovery_required,baseline_or_no_recovery,False,0.0
detection,yolo11n,yolov5s,patch,0.25,0.8,8,rho_0.800_mask_08,0.0,0.0,0.0,0.0,0.0,0.0,0.0,0.0,no_recovery_required,baseline_or_no_recovery,False,0.0
detection,yolo11n,yolov5s,patch,0.25,0.8,9,rho_0.800_mask_09,0.0,0.0,0.0,0.0,0.0,0.0,0.0,0.0,no_recovery_required,baseline_or_no_recovery,False,0.0
detection,yolo11n,yolov5s,patch,0.25,0.8,10,rho_0.800_mask_10,0.0,0.0,0.0,0.0,0.0,0.0,0.0,0.0,no_recovery_required,baseline_or_no_recovery,False,0.0
detection,yolo11n,yolov5s,patch,0.25,0.8,11,rho_0.800_mask_11,0.0,0.0,0.0,0.0,0.0,0.0,0.0,0.0,no_recovery_required,baseline_or_no_recovery,False,0.0
detection,yolo11n,yolov5s,patch,0.25,0.8,12,rho_0.800_mask_12,0.0,0.0,0.0,0.0,0.0,0.0,0.0,0.0,no_recovery_required,baseline_or_no_recovery,False,0.0
detection,yolo11n,yolov5s,patch,0.25,0.8,13,rho_0.800_mask_13,0.0,0.0,0.0,0.0,0.0,0.0,0.0,0.0,no_recovery_required,baseline_or_no_recovery,False,0.0
detection,yolo11n,yolov5s,patch,0.25,0.8,14,rho_0.800_mask_14,0.0,0.0,0.0,0.0,0.0,0.0,0.0,0.0,no_recovery_required,baseline_or_no_recovery,False,0.0
detection,yolo11n,yolov5s,patch,0.25,0.8,15,rho_0.800_mask_15,0.0,0.0,0.0,0.0,0.0,0.0,0.0,0.0,no_recovery_required,baseline_or_no_recovery,False,0.0
detection,yolo11n,yolov5s,patch,0.25,0.8,16,rho_0.800_mask_16,0.0,0.0,0.0,0.0,0.0,0.0,0.0,0.0,no_recovery_required,baseline_or_no_recovery,False,0.0
detection,yolo11n,yolov5s,patch,0.25,0.8,17,rho_0.800_mask_17,0.0,0.0,0.0,0.0,0.0,0.0,0.0,0.0,no_recovery_required,baseline_or_no_recovery,False,0.0
detection,yolo11n,yolov5s,patch,0.25,0.8,18,rho_0.800_mask_18,0.0,0.0,0.0,0.0,0.0,0.0,0.0,0.0,no_recovery_required,baseline_or_no_recovery,False,0.0
detection,yolo11n,yolov5s,patch,0.25,0.8,19,rho_0.800_mask_19,0.0,0.0,0.0,0.0,0.0,0.0,0.0,0.0,no_recovery_required,baseline_or_no_recovery,False,0.0
detection,yolo11n,yolov5s,patch,0.25,0.8,20,rho_0.800_mask_20,0.0,0.0,0.0,0.0,0.0,0.0,0.0,0.0,no_recovery_required,baseline_or_no_recovery,False,0.0
detection,yolo11n,yolov5s,patch,0.25,1.0,0,rho_1.000_nominal,0.0,0.0,0.0,0.0,0.0,0.0,0.0,0.0,no_recovery_required,baseline_or_no_recovery,False,0.0
detection,yolo11n,yolov5s,patch,0.5,0.333,1,rho_0.333_mask_01,234.165,234.16465232101476,234.16465232101476,0.039,234.165,234.16465232101476,234.16465232101476,234.20365232101472,failover_then_repair,failover_then_direct_repair_after_background_infeasible,True,2.0669991802424192
detection,yolo11n,yolov5s,patch,0.5,0.333,2,rho_0.333_mask_02,237.158,237.1578836231747,237.1578836231747,0.069,237.158,237.1578836231747,237.1578836231747,237.2268836231747,failover_then_repair,failover_then_direct_repair_after_background_infeasible,True,2.082923128269613
detection,yolo11n,yolov5s,patch,0.5,0.333,3,rho_0.333_mask_03,360.799,360.7985953585885,360.7985953585885,0.069,360.799,360.7985953585885,360.7985953585885,360.8675953585885,failover_then_repair,failover_then_direct_repair_after_background_infeasible,True,2.131871271878481
detection,yolo11n,yolov5s,patch,0.5,0.333,4,rho_0.333_mask_04,350.737,350.737021307963,350.737021307963,0.069,350.737,350.737021307963,350.737021307963,350.806021307963,failover_then_repair,failover_then_direct_repair_after_background_infeasible,True,2.108327210880816
detection,yolo11n,yolov5s,patch,0.5,0.333,5,rho_0.333_mask_05,232.813,232.81336417579223,232.81336417579223,0.036,232.813,232.81336417579223,232.81336417579223,232.84936417579223,failover_then_repair,failover_then_direct_repair_after_background_infeasible,True,2.1053601000458
detection,yolo11n,yolov5s,patch,0.5,0.333,6,rho_0.333_mask_06,359.542,359.5412545767613,359.5412545767613,0.039,359.542,359.5412545767613,359.5412545767613,359.58025457676126,failover_then_repair,failover_then_direct_repair_after_background_infeasible,True,2.083257533609867
detection,yolo11n,yolov5s,patch,0.5,0.333,7,rho_0.333_mask_07,239.09,239.09040198098955,239.09040198098955,0.039,239.09,239.09040198098955,239.09040198098955,239.12940198098957,failover_then_repair,failover_then_direct_repair_after_background_infeasible,True,2.0666757663711905
detection,yolo11n,yolov5s,patch,0.5,0.333,8,rho_0.333_mask_08,355.844,355.8433402409719,355.8433402409719,0.036,355.844,355.8433402409719,355.8433402409719,355.8793402409719,failover_then_repair,failover_then_direct_repair_after_background_infeasible,True,2.1124425465241075
detection,yolo11n,yolov5s,patch,0.5,0.333,9,rho_0.333_mask_09,359.998,359.9982361493421,359.9982361493421,0.039,359.998,359.9982361493421,359.9982361493421,360.0372361493421,failover_then_repair,failover_then_direct_repair_after_background_infeasible,True,2.154167234897613
detection,yolo11n,yolov5s,patch,0.5,0.333,10,rho_0.333_mask_10,355.812,355.81135976197766,355.81135976197766,0.069,355.812,355.81135976197766,355.81135976197766,355.8803597619777,failover_then_repair,failover_then_direct_repair_after_background_infeasible,True,2.1213215813040733
detection,yolo11n,yolov5s,patch,0.5,0.333,11,rho_0.333_mask_11,214.901,214.9020756119644,214.9020756119644,0.036,214.901,214.9020756119644,214.9020756119644,214.9380756119644,failover_then_repair,failover_then_direct_repair_after_background_infeasible,True,2.0998459570109844
detection,yolo11n,yolov5s,patch,0.5,0.333,12,rho_0.333_mask_12,209.946,209.9465552329821,209.9465552329821,0.069,209.946,209.9465552329821,209.9465552329821,210.015,failover_then_repair,failover_then_background_repair,False,0.6425778083503246
detection,yolo11n,yolov5s,patch,0.5,0.333,13,rho_0.333_mask_13,234.229,234.22834801763747,234.22834801763747,0.036,234.229,234.22834801763747,234.22834801763747,234.26434801763747,failover_then_repair,failover_then_direct_repair_after_background_infeasible,True,2.1082805674523115
detection,yolo11n,yolov5s,patch,0.5,0.333,14,rho_0.333_mask_14,213.703,213.7037957807552,213.7037957807552,0.036,213.703,213.7037957807552,213.7037957807552,213.7397957807552,failover_then_repair,failover_then_direct_repair_after_background_infeasible,True,2.0906089525669813
detection,yolo11n,yolov5s,patch,0.5,0.333,15,rho_0.333_mask_15,213.706,213.70595550540747,213.70595550540747,0.039,213.706,213.70595550540747,213.70595550540747,213.74495550540743,failover_then_repair,failover_then_direct_repair_after_background_infeasible,True,2.103718866594136
detection,yolo11n,yolov5s,patch,0.5,0.333,16,rho_0.333_mask_16,213.674,213.67424028777896,213.67424028777896,0.039,213.674,213.67424028777896,213.67424028777896,213.71324028777892,failover_then_repair,failover_then_direct_repair_after_background_infeasible,True,2.181111673824489
detection,yolo11n,yolov5s,patch,0.5,0.333,17,rho_0.333_mask_17,234.197,234.19663280000896,234.19663280000896,0.069,234.197,234.19663280000896,234.19663280000896,234.26563280000892,failover_then_repair,failover_then_direct_repair_after_background_infeasible,True,2.110493536107242
detection,yolo11n,yolov5s,patch,0.5,0.333,18,rho_0.333_mask_18,354.457,354.45764663073714,354.45764663073714,0.069,354.457,354.45764663073714,354.45764663073714,354.5266466307372,failover_then_repair,failover_then_direct_repair_after_background_infeasible,True,2.1139991963282228
detection,yolo11n,yolov5s,patch,0.5,0.333,19,rho_0.333_mask_19,359.537,359.53661983075654,359.53661983075654,0.069,359.537,359.53661983075654,359.53661983075654,359.6056198307565,failover_then_repair,failover_then_direct_repair_after_background_infeasible,True,2.1753819612786174
detection,yolo11n,yolov5s,patch,0.5,0.333,20,rho_0.333_mask_20,220.013,220.0127640296123,220.0127640296123,0.039,220.013,220.0127640296123,220.0127640296123,220.0517640296123,failover_then_repair,failover_then_direct_repair_after_background_infeasible,True,2.09713012073189
detection,yolo11n,yolov5s,patch,0.5,0.4,1,rho_0.400_mask_01,219.185,219.1853243487421,219.1853243487421,0.039,219.185,219.1853243487421,219.1853243487421,219.22432434874213,failover_then_repair,failover_then_direct_repair_after_background_infeasible,True,2.1366543229669333
detection,yolo11n,yolov5s,patch,0.5,0.4,2,rho_0.400_mask_02,218.753,218.75299826176703,218.75299826176703,0.039,218.753,218.75299826176703,218.75299826176703,218.79199826176705,failover_then_repair,failover_then_direct_repair_after_background_infeasible,True,2.083539251238108
detection,yolo11n,yolov5s,patch,0.5,0.4,3,rho_0.400_mask_03,213.738,213.7379359844017,213.7379359844017,0.039,213.738,213.7379359844017,213.7379359844017,232.916,failover_then_repair,failover_then_background_repair,False,0.6656630989164114
detection,yolo11n,yolov5s,patch,0.5,0.4,4,rho_0.400_mask_04,237.123,237.12374341952815,237.12374341952815,0.039,237.123,237.12374341952815,237.12374341952815,237.16274341952817,failover_then_repair,failover_then_direct_repair_after_background_infeasible,True,2.122163243591785
detection,yolo11n,yolov5s,patch,0.5,0.4,5,rho_0.400_mask_05,350.732,350.73238656195826,350.73238656195826,0.069,350.732,350.73238656195826,350.73238656195826,350.8013865619583,failover_then_repair,failover_then_direct_repair_after_background_infeasible,True,2.156743719242513
detection,yolo11n,yolov5s,patch,0.5,0.4,6,rho_0.400_mask_06,214.874,214.8747298789749,214.8747298789749,0.036,214.874,214.8747298789749,214.8747298789749,214.9107298789749,failover_then_repair,failover_then_direct_repair_after_background_infeasible,True,2.128434612415731
detection,yolo11n,yolov5s,patch,0.5,0.4,7,rho_0.400_mask_07,350.732,350.73238656195826,350.73238656195826,0.036,350.732,350.73238656195826,350.73238656195826,350.76838656195827,failover_then_repair,failover_then_direct_repair_after_background_infeasible,True,2.0938002541661263
detection,yolo11n,yolov5s,patch,0.5,0.4,8,rho_0.400_mask_08,233.398,233.3984833507493,233.3984833507493,0.036,233.398,233.3984833507493,233.3984833507493,233.4344833507493,failover_then_repair,failover_then_direct_repair_after_background_infeasible,True,2.148346723988652
detection,yolo11n,yolov5s,patch,0.5,0.4,9,rho_0.400_mask_09,213.711,213.7105902514122,213.7105902514122,0.039,213.711,213.7105902514122,213.7105902514122,213.7495902514122,failover_then_repair,failover_then_direct_repair_after_background_infeasible,True,2.107893468812108
detection,yolo11n,yolov5s,patch,0.5,0.4,10,rho_0.400_mask_10,237.153,237.15324887717,237.15324887717,0.039,237.153,237.15324887717,237.15324887717,237.192,failover_then_repair,failover_then_background_repair,False,0.6550615895539522
detection,yolo11n,yolov5s,patch,0.5,0.4,11,rho_0.400_mask_11,359.537,359.53661983075654,359.53661983075654,0.069,359.537,359.53661983075654,359.53661983075654,359.6056198307565,failover_then_repair,failover_then_direct_repair_after_background_infeasible,True,2.099798560142517
detection,yolo11n,yolov5s,patch,0.5,0.4,12,rho_0.400_mask_12,233.428,233.4279888083911,233.4279888083911,0.036,233.428,233.4279888083911,233.4279888083911,233.4639888083911,failover_then_repair,failover_then_direct_repair_after_background_infeasible,True,2.154371059499681
detection,yolo11n,yolov5s,patch,0.5,0.4,13,rho_0.400_mask_13,213.679,213.6788750337837,213.6788750337837,0.036,213.679,213.6788750337837,213.6788750337837,218.792,failover_then_repair,failover_then_background_repair,False,0.656906858086586
detection,yolo11n,yolov5s,patch,0.5,0.4,14,rho_0.400_mask_14,213.706,213.70595550540747,213.70595550540747,0.069,213.706,213.70595550540747,213.70595550540747,213.77495550540743,failover_then_repair,failover_then_direct_repair_after_background_infeasible,True,2.1381944082677364
detection,yolo11n,yolov5s,patch,0.5,0.4,15,rho_0.400_mask_15,219.949,219.94906833298955,219.94906833298955,0.039,219.949,219.94906833298955,219.94906833298955,219.98806833298957,failover_then_repair,failover_then_direct_repair_after_background_infeasible,True,2.109492985531688
detection,yolo11n,yolov5s,patch,0.5,0.4,16,rho_0.400_mask_16,354.492,354.4920520957494,354.4920520957494,0.036,354.492,354.4920520957494,354.4920520957494,358.836,failover_then_repair,failover_then_background_repair,False,0.6424028845503926
detection,yolo11n,yolov5s,patch,0.5,0.4,17,rho_0.400_mask_17,234.165,234.16465232101476,234.16465232101476,0.039,234.165,234.16465232101476,234.16465232101476,234.20365232101472,failover_then_repair,failover_then_direct_repair_after_background_infeasible,True,2.063214155845344
detection,yolo11n,yolov5s,patch,0.5,0.4,18,rho_0.400_mask_18,214.909,214.90887008262143,214.90887008262143,0.069,214.909,214.90887008262143,214.90887008262143,214.97787008262145,failover_then_repair,failover_then_direct_repair_after_background_infeasible,True,2.148310077376664
detection,yolo11n,yolov5s,patch,0.5,0.4,19,rho_0.400_mask_19,355.04,355.0405560457075,355.0405560457075,0.069,355.04,355.0405560457075,355.0405560457075,355.1095560457075,failover_then_repair,failover_then_direct_repair_after_background_infeasible,True,2.1017036121338606
detection,yolo11n,yolov5s,patch,0.5,0.4,20,rho_0.400_mask_20,213.671,213.67181530176092,213.67181530176092,0.069,213.671,213.67181530176092,213.67181530176092,214.938,failover_then_repair,failover_then_background_repair,False,0.6629206696525216
detection,yolo11n,yolov5s,patch,0.5,0.6,1,rho_0.600_mask_01,213.706,213.70595550540747,213.70595550540747,0.036,213.706,213.70595550540747,213.70595550540747,218.055,failover_then_repair,failover_then_background_repair,False,0.6699049836024642
detection,yolo11n,yolov5s,patch,0.5,0.6,2,rho_0.600_mask_02,209.946,209.9465552329821,209.9465552329821,0.069,209.946,209.9465552329821,209.9465552329821,210.015,failover_then_repair,failover_then_background_repair,False,0.672941567376256
detection,yolo11n,yolov5s,patch,0.5,0.6,3,rho_0.600_mask_03,217.979,217.97998478551017,217.97998478551017,0.036,217.979,217.97998478551017,217.97998478551017,218.023,failover_then_repair,failover_then_background_repair,False,0.6546649457886815
detection,yolo11n,yolov5s,patch,0.5,0.6,4,rho_0.600_mask_04,229.117,229.1176595999896,229.1176595999896,0.039,229.117,229.1176595999896,229.1176595999896,229.156,failover_then_repair,failover_then_background_repair,False,0.6373831396922469
detection,yolo11n,yolov5s,patch,0.5,0.6,5,rho_0.600_mask_05,218.014,218.0141249891567,218.0141249891567,0.039,218.014,218.0141249891567,218.0141249891567,237.192,failover_then_repair,failover_then_background_repair,False,0.6518152533099055
detection,yolo11n,yolov5s,patch,0.5,0.6,6,rho_0.600_mask_06,214.869,214.87009513297016,214.87009513297016,0.039,214.869,214.87009513297016,214.87009513297016,214.90909513297012,failover_then_repair,failover_then_direct_repair_after_background_infeasible,True,2.1563717890530825
detection,yolo11n,yolov5s,patch,0.5,0.6,7,rho_0.600_mask_07,209.946,209.9465552329821,209.9465552329821,0.039,209.946,209.9465552329821,209.9465552329821,229.124,failover_then_repair,failover_then_background_repair,False,0.6467767357826233
detection,yolo11n,yolov5s,patch,0.5,0.6,8,rho_0.600_mask_08,209.946,209.9465552329821,209.9465552329821,0.036,209.946,209.9465552329821,209.9465552329821,218.05,failover_then_repair,failover_then_background_repair,False,0.6550178304314613
detection,yolo11n,yolov5s,patch,0.5,0.6,9,rho_0.600_mask_09,229.085,229.0856791209953,229.0856791209953,0.036,229.085,229.0856791209953,229.0856791209953,358.836,failover_then_repair,failover_then_background_repair,False,0.6678445115685463
detection,yolo11n,yolov5s,patch,0.5,0.6,10,rho_0.600_mask_10,213.676,213.67645004776568,213.67645004776568,0.069,213.676,213.67645004776568,213.67645004776568,213.74545004776567,failover_then_repair,failover_then_direct_repair_after_background_infeasible,True,2.1568486373871565
detection,yolo11n,yolov5s,patch,0.5,0.6,11,rho_0.600_mask_11,233.396,233.39627359076255,233.39627359076255,0.036,233.396,233.39627359076255,233.39627359076255,233.43227359076255,failover_then_repair,failover_then_direct_repair_after_background_infeasible,True,2.1837878841906786
detection,yolo11n,yolov5s,patch,0.5,0.6,12,rho_0.600_mask_12,217.987,217.9870445175329,217.9870445175329,0.039,217.987,217.9870445175329,217.9870445175329,218.0260445175329,failover_then_repair,failover_then_direct_repair_after_background_infeasible,True,2.142884524539113
detection,yolo11n,yolov5s,patch,0.5,0.6,13,rho_0.600_mask_13,213.706,213.7062207667732,213.7062207667732,0.036,213.706,213.7062207667732,213.7062207667732,218.05,failover_then_repair,failover_then_background_repair,False,0.6452267365530133
detection,yolo11n,yolov5s,patch,0.5,0.6,14,rho_0.600_mask_14,209.946,209.9465552329821,209.9465552329821,0.036,209.946,209.9465552329821,209.9465552329821,209.9825552329821,failover_then_repair,failover_then_direct_repair_after_background_infeasible,True,2.13507151696831
detection,yolo11n,yolov5s,patch,0.5,0.6,15,rho_0.600_mask_15,350.732,350.73238656195826,350.73238656195826,0.069,350.732,350.73238656195826,350.73238656195826,350.8013865619583,failover_then_repair,failover_then_direct_repair_after_background_infeasible,True,2.102722665295005
detection,yolo11n,yolov5s,patch,0.5,0.6,16,rho_0.600_mask_16,233.393,233.39384860474456,233.39384860474456,0.036,233.393,233.39384860474456,233.39384860474456,233.42984860474456,failover_then_repair,failover_then_direct_repair_after_background_infeasible,True,2.105466239154339
detection,yolo11n,yolov5s,patch,0.5,0.6,17,rho_0.600_mask_17,218.756,218.75542324778507,218.75542324778507,0.036,218.756,218.75542324778507,218.75542324778507,218.792,failover_then_repair,failover_then_background_repair,False,0.6982432259246707
detection,yolo11n,yolov5s,patch,0.5,0.6,18,rho_0.600_mask_18,209.946,209.9465552329821,209.9465552329821,0.039,209.946,209.9465552329821,209.9465552329821,229.124,failover_then_repair,failover_then_background_repair,False,0.675354995764792
detection,yolo11n,yolov5s,patch,0.5,0.6,19,rho_0.600_mask_19,232.815,232.81557393577896,232.81557393577896,0.039,232.815,232.81557393577896,232.81557393577896,232.881,failover_then_repair,failover_then_background_repair,False,0.6439015902578831
detection,yolo11n,yolov5s,patch,0.5,0.6,20,rho_0.600_mask_20,214.257,214.2571497027493,214.2571497027493,0.036,214.257,214.2571497027493,214.2571497027493,218.05,failover_then_repair,failover_then_background_repair,False,0.6651076357811689
detection,yolo11n,yolov5s,patch,0.5,0.8,1,rho_0.800_mask_01,229.085,229.0856791209953,229.0856791209953,0.036,229.085,229.0856791209953,229.0856791209953,358.836,failover_then_repair,failover_then_background_repair,False,0.6573395151644945
detection,yolo11n,yolov5s,patch,0.5,0.8,2,rho_0.800_mask_02,209.951,209.9511899789868,209.9511899789868,0.036,209.951,209.9511899789868,209.9511899789868,218.792,failover_then_repair,failover_then_background_repair,False,0.696168071590364
detection,yolo11n,yolov5s,patch,0.5,0.8,3,rho_0.800_mask_03,209.949,209.94898021900008,209.94898021900008,0.036,209.949,209.94898021900008,209.94898021900008,218.05,failover_then_repair,failover_then_background_repair,False,0.6594528537243605
detection,yolo11n,yolov5s,patch,0.5,0.8,4,rho_0.800_mask_04,209.954,209.9536149650048,209.9536149650048,0.069,209.954,209.9536149650048,209.9536149650048,210.023,failover_then_repair,failover_then_background_repair,False,0.6626627072691917
detection,yolo11n,yolov5s,patch,0.5,0.8,5,rho_0.800_mask_05,229.085,229.0856791209953,229.0856791209953,0.036,229.085,229.0856791209953,229.0856791209953,229.1216791209953,failover_then_repair,failover_then_direct_repair_after_background_infeasible,True,2.1408477583900094
detection,yolo11n,yolov5s,patch,0.5,0.8,6,rho_0.800_mask_06,209.946,209.9465552329821,209.9465552329821,0.036,209.946,209.9465552329821,209.9465552329821,218.023,failover_then_repair,failover_then_background_repair,False,0.6848762640729547
detection,yolo11n,yolov5s,patch,0.5,0.8,7,rho_0.800_mask_07,209.954,209.9536149650048,209.9536149650048,0.036,209.954,209.9536149650048,209.9536149650048,218.792,failover_then_repair,failover_then_background_repair,False,0.6517316540703177
detection,yolo11n,yolov5s,patch,0.5,0.8,8,rho_0.800_mask_08,209.946,209.9465552329821,209.9465552329821,0.036,209.946,209.9465552329821,209.9465552329821,218.023,failover_then_repair,failover_then_background_repair,False,0.6585772186517715
detection,yolo11n,yolov5s,patch,0.5,0.8,9,rho_0.800_mask_09,214.869,214.87009513297016,214.87009513297016,0.036,214.869,214.87009513297016,214.87009513297016,219.221,failover_then_repair,failover_then_background_repair,False,0.652792532928288
detection,yolo11n,yolov5s,patch,0.5,0.8,10,rho_0.800_mask_10,209.949,209.94898021900008,209.94898021900008,0.039,209.949,209.94898021900008,209.94898021900008,229.159,failover_then_repair,failover_then_background_repair,False,0.6491789845749736
detection,yolo11n,yolov5s,patch,0.5,0.8,11,rho_0.800_mask_11,217.979,217.97998478551017,217.97998478551017,0.036,217.979,217.97998478551017,217.97998478551017,218.023,failover_then_repair,failover_then_background_repair,False,0.705597398802638
detection,yolo11n,yolov5s,patch,0.5,0.8,12,rho_0.800_mask_12,229.085,229.0856791209953,229.0856791209953,0.036,229.085,229.0856791209953,229.0856791209953,358.809,failover_then_repair,failover_then_background_repair,False,0.6695600254461169
detection,yolo11n,yolov5s,patch,0.5,0.8,13,rho_0.800_mask_13,209.949,209.94898021900008,209.94898021900008,0.039,209.949,209.94898021900008,209.94898021900008,350.806,failover_then_repair,failover_then_background_repair,False,0.663107325322926
detection,yolo11n,yolov5s,patch,0.5,0.8,14,rho_0.800_mask_14,209.951,209.9511899789868,209.9511899789868,0.036,209.951,209.9511899789868,209.9511899789868,218.824,failover_then_repair,failover_then_background_repair,False,0.6701120790094137
detection,yolo11n,yolov5s,patch,0.5,0.8,15,rho_0.800_mask_15,209.978,209.9785357119763,209.9785357119763,0.039,209.978,209.9785357119763,209.9785357119763,229.156,failover_then_repair,failover_then_background_repair,False,0.6698668682947755
detection,yolo11n,yolov5s,patch,0.5,0.8,16,rho_0.800_mask_16,209.951,209.9511899789868,209.9511899789868,0.036,209.951,209.9511899789868,209.9511899789868,209.9871899789868,failover_then_repair,failover_then_direct_repair_after_background_infeasible,True,2.1216687383130197
detection,yolo11n,yolov5s,patch,0.5,0.8,17,rho_0.800_mask_17,213.671,213.67181530176092,213.67181530176092,0.036,213.671,213.67181530176092,213.67181530176092,218.023,failover_then_repair,failover_then_background_repair,False,0.6599496603012085
detection,yolo11n,yolov5s,patch,0.5,0.8,18,rho_0.800_mask_18,350.732,350.73238656195826,350.73238656195826,0.036,350.732,350.73238656195826,350.73238656195826,350.76838656195827,failover_then_repair,failover_then_direct_repair_after_background_infeasible,True,2.122816109098494
detection,yolo11n,yolov5s,patch,0.5,0.8,19,rho_0.800_mask_19,213.671,213.67181530176092,213.67181530176092,0.036,213.671,213.67181530176092,213.67181530176092,218.023,failover_then_repair,failover_then_background_repair,False,0.6709842588752508
detection,yolo11n,yolov5s,patch,0.5,0.8,20,rho_0.800_mask_20,233.393,233.39384860474456,233.39384860474456,0.036,233.393,233.39384860474456,233.39384860474456,233.42984860474456,failover_then_repair,failover_then_direct_repair_after_background_infeasible,True,2.1551496470347047
detection,yolo11n,yolov5s,patch,0.5,1.0,0,rho_1.000_nominal,209.946,209.9465552329821,209.9465552329821,0.036,209.946,209.9465552329821,209.9465552329821,218.023,failover_then_repair,failover_then_background_repair,False,0.7465191259980202
detection,yolo11n,yolov5s,patch,0.75,0.333,1,rho_0.333_mask_01,234.165,234.16465232101476,234.16465232101476,0.039,234.165,234.16465232101476,234.16465232101476,234.20365232101472,failover_then_repair,failover_then_direct_repair_after_background_infeasible,True,2.1229768907651305
detection,yolo11n,yolov5s,patch,0.75,0.333,2,rho_0.333_mask_02,237.158,237.1578836231747,237.1578836231747,0.069,237.158,237.1578836231747,237.1578836231747,237.2268836231747,failover_then_repair,failover_then_direct_repair_after_background_infeasible,True,2.101820385083556
detection,yolo11n,yolov5s,patch,0.75,0.333,3,rho_0.333_mask_03,360.799,360.7985953585885,360.7985953585885,0.069,360.799,360.7985953585885,360.7985953585885,360.8675953585885,failover_then_repair,failover_then_direct_repair_after_background_infeasible,True,2.108403328806162
detection,yolo11n,yolov5s,patch,0.75,0.333,4,rho_0.333_mask_04,350.737,350.737021307963,350.737021307963,0.069,350.737,350.737021307963,350.737021307963,350.806021307963,failover_then_repair,failover_then_direct_repair_after_background_infeasible,True,2.1644472014158964
detection,yolo11n,yolov5s,patch,0.75,0.333,5,rho_0.333_mask_05,232.813,232.81336417579223,232.81336417579223,0.036,232.813,232.81336417579223,232.81336417579223,232.84936417579223,failover_then_repair,failover_then_direct_repair_after_background_infeasible,True,2.065320355817676
detection,yolo11n,yolov5s,patch,0.75,0.333,6,rho_0.333_mask_06,359.542,359.5412545767613,359.5412545767613,0.039,359.542,359.5412545767613,359.5412545767613,359.58025457676126,failover_then_repair,failover_then_direct_repair_after_background_infeasible,True,2.113302433863282
detection,yolo11n,yolov5s,patch,0.75,0.333,7,rho_0.333_mask_07,239.09,239.09040198098955,239.09040198098955,0.039,239.09,239.09040198098955,239.09040198098955,239.12940198098957,failover_then_repair,failover_then_direct_repair_after_background_infeasible,True,2.081039843149483
detection,yolo11n,yolov5s,patch,0.75,0.333,8,rho_0.333_mask_08,355.844,355.8433402409719,355.8433402409719,0.036,355.844,355.8433402409719,355.8433402409719,355.8793402409719,failover_then_repair,failover_then_direct_repair_after_background_infeasible,True,2.097771557047963
detection,yolo11n,yolov5s,patch,0.75,0.333,9,rho_0.333_mask_09,359.998,359.9982361493421,359.9982361493421,0.039,359.998,359.9982361493421,359.9982361493421,360.0372361493421,failover_then_repair,failover_then_direct_repair_after_background_infeasible,True,2.1499885711818933
detection,yolo11n,yolov5s,patch,0.75,0.333,10,rho_0.333_mask_10,355.812,355.81135976197766,355.81135976197766,0.069,355.812,355.81135976197766,355.81135976197766,355.8803597619777,failover_then_repair,failover_then_direct_repair_after_background_infeasible,True,2.118392113596201
detection,yolo11n,yolov5s,patch,0.75,0.333,11,rho_0.333_mask_11,214.901,214.9020756119644,214.9020756119644,0.036,214.901,214.9020756119644,214.9020756119644,214.9380756119644,failover_then_repair,failover_then_direct_repair_after_background_infeasible,True,2.087424593046308
detection,yolo11n,yolov5s,patch,0.75,0.333,12,rho_0.333_mask_12,209.946,209.9465552329821,209.9465552329821,0.069,209.946,209.9465552329821,209.9465552329821,210.015,failover_then_repair,failover_then_background_repair,False,0.6449862848967314
detection,yolo11n,yolov5s,patch,0.75,0.333,13,rho_0.333_mask_13,234.229,234.22834801763747,234.22834801763747,0.036,234.229,234.22834801763747,234.22834801763747,234.26434801763747,failover_then_repair,failover_then_direct_repair_after_background_infeasible,True,2.154885358177125
detection,yolo11n,yolov5s,patch,0.75,0.333,14,rho_0.333_mask_14,213.703,213.7037957807552,213.7037957807552,0.036,213.703,213.7037957807552,213.7037957807552,213.7397957807552,failover_then_repair,failover_then_direct_repair_after_background_infeasible,True,2.085833467543125
detection,yolo11n,yolov5s,patch,0.75,0.333,15,rho_0.333_mask_15,213.706,213.70595550540747,213.70595550540747,0.039,213.706,213.70595550540747,213.70595550540747,213.74495550540743,failover_then_repair,failover_then_direct_repair_after_background_infeasible,True,2.175912187434733
detection,yolo11n,yolov5s,patch,0.75,0.333,16,rho_0.333_mask_16,213.674,213.67424028777896,213.67424028777896,0.039,213.674,213.67424028777896,213.67424028777896,213.71324028777892,failover_then_repair,failover_then_direct_repair_after_background_infeasible,True,2.112870391458273
detection,yolo11n,yolov5s,patch,0.75,0.333,17,rho_0.333_mask_17,234.197,234.19663280000896,234.19663280000896,0.069,234.197,234.19663280000896,234.19663280000896,234.26563280000892,failover_then_repair,failover_then_direct_repair_after_background_infeasible,True,2.1211871914565563
detection,yolo11n,yolov5s,patch,0.75,0.333,18,rho_0.333_mask_18,354.457,354.45764663073714,354.45764663073714,0.069,354.457,354.45764663073714,354.45764663073714,354.5266466307372,failover_then_repair,failover_then_direct_repair_after_background_infeasible,True,2.1153625985607505
detection,yolo11n,yolov5s,patch,0.75,0.333,19,rho_0.333_mask_19,359.537,359.53661983075654,359.53661983075654,0.069,359.537,359.53661983075654,359.53661983075654,359.6056198307565,failover_then_repair,failover_then_direct_repair_after_background_infeasible,True,2.0975297782570124
detection,yolo11n,yolov5s,patch,0.75,0.333,20,rho_0.333_mask_20,220.013,220.0127640296123,220.0127640296123,0.039,220.013,220.0127640296123,220.0127640296123,220.0517640296123,failover_then_repair,failover_then_direct_repair_after_background_infeasible,True,2.094246046617627
detection,yolo11n,yolov5s,patch,0.75,0.4,1,rho_0.400_mask_01,219.185,219.1853243487421,219.1853243487421,0.039,219.185,219.1853243487421,219.1853243487421,219.22432434874213,failover_then_repair,failover_then_direct_repair_after_background_infeasible,True,2.0946705294772983
detection,yolo11n,yolov5s,patch,0.75,0.4,2,rho_0.400_mask_02,218.753,218.75299826176703,218.75299826176703,0.039,218.753,218.75299826176703,218.75299826176703,218.79199826176705,failover_then_repair,failover_then_direct_repair_after_background_infeasible,True,2.121699606999755
detection,yolo11n,yolov5s,patch,0.75,0.4,3,rho_0.400_mask_03,213.738,213.7379359844017,213.7379359844017,0.039,213.738,213.7379359844017,213.7379359844017,232.916,failover_then_repair,failover_then_background_repair,False,0.6406815275549889
detection,yolo11n,yolov5s,patch,0.75,0.4,4,rho_0.400_mask_04,237.123,237.12374341952815,237.12374341952815,0.039,237.123,237.12374341952815,237.12374341952815,237.16274341952817,failover_then_repair,failover_then_direct_repair_after_background_infeasible,True,2.1129989605396986
detection,yolo11n,yolov5s,patch,0.75,0.4,5,rho_0.400_mask_05,350.732,350.73238656195826,350.73238656195826,0.069,350.732,350.73238656195826,350.73238656195826,350.8013865619583,failover_then_repair,failover_then_direct_repair_after_background_infeasible,True,2.1388030163943768
detection,yolo11n,yolov5s,patch,0.75,0.4,6,rho_0.400_mask_06,214.874,214.8747298789749,214.8747298789749,0.036,214.874,214.8747298789749,214.8747298789749,214.9107298789749,failover_then_repair,failover_then_direct_repair_after_background_infeasible,True,2.155097797513008
detection,yolo11n,yolov5s,patch,0.75,0.4,7,rho_0.400_mask_07,350.732,350.73238656195826,350.73238656195826,0.036,350.732,350.73238656195826,350.73238656195826,350.76838656195827,failover_then_repair,failover_then_direct_repair_after_background_infeasible,True,2.0737642496824265
detection,yolo11n,yolov5s,patch,0.75,0.4,8,rho_0.400_mask_08,233.398,233.3984833507493,233.3984833507493,0.036,233.398,233.3984833507493,233.3984833507493,233.4344833507493,failover_then_repair,failover_then_direct_repair_after_background_infeasible,True,2.123658354394138
detection,yolo11n,yolov5s,patch,0.75,0.4,9,rho_0.400_mask_09,213.711,213.7105902514122,213.7105902514122,0.039,213.711,213.7105902514122,213.7105902514122,213.7495902514122,failover_then_repair,failover_then_direct_repair_after_background_infeasible,True,2.108695939183235
detection,yolo11n,yolov5s,patch,0.75,0.4,10,rho_0.400_mask_10,237.153,237.15324887717,237.15324887717,0.039,237.153,237.15324887717,237.15324887717,237.192,failover_then_repair,failover_then_background_repair,False,0.6827439358457923
detection,yolo11n,yolov5s,patch,0.75,0.4,11,rho_0.400_mask_11,359.537,359.53661983075654,359.53661983075654,0.069,359.537,359.53661983075654,359.53661983075654,359.6056198307565,failover_then_repair,failover_then_direct_repair_after_background_infeasible,True,2.0938009843230247
detection,yolo11n,yolov5s,patch,0.75,0.4,12,rho_0.400_mask_12,233.428,233.4279888083911,233.4279888083911,0.036,233.428,233.4279888083911,233.4279888083911,233.4639888083911,failover_then_repair,failover_then_direct_repair_after_background_infeasible,True,2.106449257582426
detection,yolo11n,yolov5s,patch,0.75,0.4,13,rho_0.400_mask_13,213.679,213.6788750337837,213.6788750337837,0.036,213.679,213.6788750337837,213.6788750337837,218.792,failover_then_repair,failover_then_background_repair,False,0.6797381620854139
detection,yolo11n,yolov5s,patch,0.75,0.4,14,rho_0.400_mask_14,213.706,213.70595550540747,213.70595550540747,0.069,213.706,213.70595550540747,213.70595550540747,213.77495550540743,failover_then_repair,failover_then_direct_repair_after_background_infeasible,True,2.1153457183390856
detection,yolo11n,yolov5s,patch,0.75,0.4,15,rho_0.400_mask_15,219.949,219.94906833298955,219.94906833298955,0.039,219.949,219.94906833298955,219.94906833298955,219.98806833298957,failover_then_repair,failover_then_direct_repair_after_background_infeasible,True,2.083635900169611
detection,yolo11n,yolov5s,patch,0.75,0.4,16,rho_0.400_mask_16,354.492,354.4920520957494,354.4920520957494,0.036,354.492,354.4920520957494,354.4920520957494,358.836,failover_then_repair,failover_then_background_repair,False,0.6366646233946085
detection,yolo11n,yolov5s,patch,0.75,0.4,17,rho_0.400_mask_17,234.165,234.16465232101476,234.16465232101476,0.039,234.165,234.16465232101476,234.16465232101476,234.20365232101472,failover_then_repair,failover_then_direct_repair_after_background_infeasible,True,2.1098062889650464
detection,yolo11n,yolov5s,patch,0.75,0.4,18,rho_0.400_mask_18,214.909,214.90887008262143,214.90887008262143,0.069,214.909,214.90887008262143,214.90887008262143,214.97787008262145,failover_then_repair,failover_then_direct_repair_after_background_infeasible,True,2.099969896487892
detection,yolo11n,yolov5s,patch,0.75,0.4,19,rho_0.400_mask_19,355.04,355.0405560457075,355.0405560457075,0.069,355.04,355.0405560457075,355.0405560457075,355.1095560457075,failover_then_repair,failover_then_direct_repair_after_background_infeasible,True,2.100245858542621
detection,yolo11n,yolov5s,patch,0.75,0.4,20,rho_0.400_mask_20,213.671,213.67181530176092,213.67181530176092,0.069,213.671,213.67181530176092,213.67181530176092,214.938,failover_then_repair,failover_then_background_repair,False,0.6871166443452239
detection,yolo11n,yolov5s,patch,0.75,0.6,1,rho_0.600_mask_01,213.706,213.70595550540747,213.70595550540747,0.036,213.706,213.70595550540747,213.70595550540747,218.055,failover_then_repair,failover_then_background_repair,False,0.6395885096862912
detection,yolo11n,yolov5s,patch,0.75,0.6,2,rho_0.600_mask_02,209.946,209.9465552329821,209.9465552329821,0.069,209.946,209.9465552329821,209.9465552329821,210.015,failover_then_repair,failover_then_background_repair,False,0.65427615493536
detection,yolo11n,yolov5s,patch,0.75,0.6,3,rho_0.600_mask_03,217.979,217.97998478551017,217.97998478551017,0.036,217.979,217.97998478551017,217.97998478551017,218.023,failover_then_repair,failover_then_background_repair,False,0.672281289473176
detection,yolo11n,yolov5s,patch,0.75,0.6,4,rho_0.600_mask_04,229.117,229.1176595999896,229.1176595999896,0.039,229.117,229.1176595999896,229.1176595999896,229.156,failover_then_repair,failover_then_background_repair,False,0.6629851441830397
detection,yolo11n,yolov5s,patch,0.75,0.6,5,rho_0.600_mask_05,218.014,218.0141249891567,218.0141249891567,0.039,218.014,218.0141249891567,218.0141249891567,237.192,failover_then_repair,failover_then_background_repair,False,0.6524597015231848
detection,yolo11n,yolov5s,patch,0.75,0.6,6,rho_0.600_mask_06,214.869,214.87009513297016,214.87009513297016,0.039,214.869,214.87009513297016,214.87009513297016,214.90909513297012,failover_then_repair,failover_then_direct_repair_after_background_infeasible,True,2.1070842565968637
detection,yolo11n,yolov5s,patch,0.75,0.6,7,rho_0.600_mask_07,209.946,209.9465552329821,209.9465552329821,0.039,209.946,209.9465552329821,209.9465552329821,229.124,failover_then_repair,failover_then_background_repair,False,0.6729567358270288
detection,yolo11n,yolov5s,patch,0.75,0.6,8,rho_0.600_mask_08,209.946,209.9465552329821,209.9465552329821,0.036,209.946,209.9465552329821,209.9465552329821,218.05,failover_then_repair,failover_then_background_repair,False,0.6425980934873223
detection,yolo11n,yolov5s,patch,0.75,0.6,9,rho_0.600_mask_09,229.085,229.0856791209953,229.0856791209953,0.036,229.085,229.0856791209953,229.0856791209953,358.836,failover_then_repair,failover_then_background_repair,False,0.6354835480451584
detection,yolo11n,yolov5s,patch,0.75,0.6,10,rho_0.600_mask_10,213.676,213.67645004776568,213.67645004776568,0.069,213.676,213.67645004776568,213.67645004776568,213.74545004776567,failover_then_repair,failover_then_direct_repair_after_background_infeasible,True,2.1131792310625315
detection,yolo11n,yolov5s,patch,0.75,0.6,11,rho_0.600_mask_11,233.396,233.39627359076255,233.39627359076255,0.036,233.396,233.39627359076255,233.39627359076255,233.43227359076255,failover_then_repair,failover_then_direct_repair_after_background_infeasible,True,2.121985275298357
detection,yolo11n,yolov5s,patch,0.75,0.6,12,rho_0.600_mask_12,217.987,217.9870445175329,217.9870445175329,0.039,217.987,217.9870445175329,217.9870445175329,218.0260445175329,failover_then_repair,failover_then_direct_repair_after_background_infeasible,True,2.1727681579068303
detection,yolo11n,yolov5s,patch,0.75,0.6,13,rho_0.600_mask_13,213.706,213.7062207667732,213.7062207667732,0.036,213.706,213.7062207667732,213.7062207667732,218.05,failover_then_repair,failover_then_background_repair,False,0.6752581354230642
detection,yolo11n,yolov5s,patch,0.75,0.6,14,rho_0.600_mask_14,209.946,209.9465552329821,209.9465552329821,0.036,209.946,209.9465552329821,209.9465552329821,209.9825552329821,failover_then_repair,failover_then_direct_repair_after_background_infeasible,True,2.1084645511582494
detection,yolo11n,yolov5s,patch,0.75,0.6,15,rho_0.600_mask_15,350.732,350.73238656195826,350.73238656195826,0.069,350.732,350.73238656195826,350.73238656195826,350.8013865619583,failover_then_repair,failover_then_direct_repair_after_background_infeasible,True,2.1518074460327625
detection,yolo11n,yolov5s,patch,0.75,0.6,16,rho_0.600_mask_16,233.393,233.39384860474456,233.39384860474456,0.036,233.393,233.39384860474456,233.39384860474456,233.42984860474456,failover_then_repair,failover_then_direct_repair_after_background_infeasible,True,2.095915175974369
detection,yolo11n,yolov5s,patch,0.75,0.6,17,rho_0.600_mask_17,218.756,218.75542324778507,218.75542324778507,0.036,218.756,218.75542324778507,218.75542324778507,218.792,failover_then_repair,failover_then_background_repair,False,0.6513084778562188
detection,yolo11n,yolov5s,patch,0.75,0.6,18,rho_0.600_mask_18,209.946,209.9465552329821,209.9465552329821,0.039,209.946,209.9465552329821,209.9465552329821,229.124,failover_then_repair,failover_then_background_repair,False,0.651173796504736
detection,yolo11n,yolov5s,patch,0.75,0.6,19,rho_0.600_mask_19,232.815,232.81557393577896,232.81557393577896,0.039,232.815,232.81557393577896,232.81557393577896,232.881,failover_then_repair,failover_then_background_repair,False,0.6864620763808489
detection,yolo11n,yolov5s,patch,0.75,0.6,20,rho_0.600_mask_20,214.257,214.2571497027493,214.2571497027493,0.036,214.257,214.2571497027493,214.2571497027493,218.05,failover_then_repair,failover_then_background_repair,False,0.6675369264557958
detection,yolo11n,yolov5s,patch,0.75,0.8,1,rho_0.800_mask_01,229.085,229.0856791209953,229.0856791209953,0.036,229.085,229.0856791209953,229.0856791209953,358.836,failover_then_repair,failover_then_background_repair,False,0.6630566511303186
detection,yolo11n,yolov5s,patch,0.75,0.8,2,rho_0.800_mask_02,209.951,209.9511899789868,209.9511899789868,0.036,209.951,209.9511899789868,209.9511899789868,218.792,failover_then_repair,failover_then_background_repair,False,0.6514294706285
detection,yolo11n,yolov5s,patch,0.75,0.8,3,rho_0.800_mask_03,209.949,209.94898021900008,209.94898021900008,0.036,209.949,209.94898021900008,209.94898021900008,218.05,failover_then_repair,failover_then_background_repair,False,0.6499478677287698
detection,yolo11n,yolov5s,patch,0.75,0.8,4,rho_0.800_mask_04,209.954,209.9536149650048,209.9536149650048,0.069,209.954,209.9536149650048,209.9536149650048,210.023,failover_then_repair,failover_then_background_repair,False,0.6645742636173964
detection,yolo11n,yolov5s,patch,0.75,0.8,5,rho_0.800_mask_05,229.085,229.0856791209953,229.0856791209953,0.036,229.085,229.0856791209953,229.0856791209953,229.1216791209953,failover_then_repair,failover_then_direct_repair_after_background_infeasible,True,2.0954941706731915
detection,yolo11n,yolov5s,patch,0.75,0.8,6,rho_0.800_mask_06,209.946,209.9465552329821,209.9465552329821,0.036,209.946,209.9465552329821,209.9465552329821,218.023,failover_then_repair,failover_then_background_repair,False,0.6671141646802425
detection,yolo11n,yolov5s,patch,0.75,0.8,7,rho_0.800_mask_07,209.954,209.9536149650048,209.9536149650048,0.036,209.954,209.9536149650048,209.9536149650048,218.792,failover_then_repair,failover_then_background_repair,False,0.6917111100628972
detection,yolo11n,yolov5s,patch,0.75,0.8,8,rho_0.800_mask_08,209.946,209.9465552329821,209.9465552329821,0.036,209.946,209.9465552329821,209.9465552329821,218.023,failover_then_repair,failover_then_background_repair,False,0.6539124408736825
detection,yolo11n,yolov5s,patch,0.75,0.8,9,rho_0.800_mask_09,214.869,214.87009513297016,214.87009513297016,0.036,214.869,214.87009513297016,214.87009513297016,219.221,failover_then_repair,failover_then_background_repair,False,0.6571690673008561
detection,yolo11n,yolov5s,patch,0.75,0.8,10,rho_0.800_mask_10,209.949,209.94898021900008,209.94898021900008,0.039,209.949,209.94898021900008,209.94898021900008,229.159,failover_then_repair,failover_then_background_repair,False,0.652242548763752
detection,yolo11n,yolov5s,patch,0.75,0.8,11,rho_0.800_mask_11,217.979,217.97998478551017,217.97998478551017,0.036,217.979,217.97998478551017,217.97998478551017,218.023,failover_then_repair,failover_then_background_repair,False,0.6566659053787589
detection,yolo11n,yolov5s,patch,0.75,0.8,12,rho_0.800_mask_12,229.085,229.0856791209953,229.0856791209953,0.036,229.085,229.0856791209953,229.0856791209953,358.809,failover_then_repair,failover_then_background_repair,False,0.6574254585430026
detection,yolo11n,yolov5s,patch,0.75,0.8,13,rho_0.800_mask_13,209.949,209.94898021900008,209.94898021900008,0.039,209.949,209.94898021900008,209.94898021900008,350.806,failover_then_repair,failover_then_background_repair,False,0.6541413646191359
detection,yolo11n,yolov5s,patch,0.75,0.8,14,rho_0.800_mask_14,209.951,209.9511899789868,209.9511899789868,0.036,209.951,209.9511899789868,209.9511899789868,218.824,failover_then_repair,failover_then_background_repair,False,0.6631892649456859
detection,yolo11n,yolov5s,patch,0.75,0.8,15,rho_0.800_mask_15,209.978,209.9785357119763,209.9785357119763,0.039,209.978,209.9785357119763,209.9785357119763,229.156,failover_then_repair,failover_then_background_repair,False,0.6962230168282986
detection,yolo11n,yolov5s,patch,0.75,0.8,16,rho_0.800_mask_16,209.951,209.9511899789868,209.9511899789868,0.036,209.951,209.9511899789868,209.9511899789868,209.9871899789868,failover_then_repair,failover_then_direct_repair_after_background_infeasible,True,2.133751812390983
detection,yolo11n,yolov5s,patch,0.75,0.8,17,rho_0.800_mask_17,213.671,213.67181530176092,213.67181530176092,0.036,213.671,213.67181530176092,213.67181530176092,218.023,failover_then_repair,failover_then_background_repair,False,0.684900090098381
detection,yolo11n,yolov5s,patch,0.75,0.8,18,rho_0.800_mask_18,350.732,350.73238656195826,350.73238656195826,0.036,350.732,350.73238656195826,350.73238656195826,350.76838656195827,failover_then_repair,failover_then_direct_repair_after_background_infeasible,True,2.111801939085126
detection,yolo11n,yolov5s,patch,0.75,0.8,19,rho_0.800_mask_19,213.671,213.67181530176092,213.67181530176092,0.036,213.671,213.67181530176092,213.67181530176092,218.023,failover_then_repair,failover_then_background_repair,False,0.7572767529636621
detection,yolo11n,yolov5s,patch,0.75,0.8,20,rho_0.800_mask_20,233.393,233.39384860474456,233.39384860474456,0.036,233.393,233.39384860474456,233.39384860474456,233.42984860474456,failover_then_repair,failover_then_direct_repair_after_background_infeasible,True,2.160225937142968
detection,yolo11n,yolov5s,patch,0.75,1.0,0,rho_1.000_nominal,209.946,209.9465552329821,209.9465552329821,0.036,209.946,209.9465552329821,209.9465552329821,218.023,failover_then_repair,failover_then_background_repair,False,0.6667572371661663
detection,yolo11n,yolov5s,patch,1.0,0.333,1,rho_0.333_mask_01,234.165,234.16465232101476,234.16465232101476,0.039,234.165,234.16465232101476,234.16465232101476,234.20365232101472,failover_then_repair,failover_then_direct_repair_after_background_infeasible,True,2.1601022202521563
detection,yolo11n,yolov5s,patch,1.0,0.333,2,rho_0.333_mask_02,237.158,237.1578836231747,237.1578836231747,0.069,237.158,237.1578836231747,237.1578836231747,237.2268836231747,failover_then_repair,failover_then_direct_repair_after_background_infeasible,True,2.086424055509269
detection,yolo11n,yolov5s,patch,1.0,0.333,3,rho_0.333_mask_03,360.799,360.7985953585885,360.7985953585885,0.069,360.799,360.7985953585885,360.7985953585885,360.8675953585885,failover_then_repair,failover_then_direct_repair_after_background_infeasible,True,2.114125069230795
detection,yolo11n,yolov5s,patch,1.0,0.333,4,rho_0.333_mask_04,350.737,350.737021307963,350.737021307963,0.069,350.737,350.737021307963,350.737021307963,350.806021307963,failover_then_repair,failover_then_direct_repair_after_background_infeasible,True,2.11068669334054
detection,yolo11n,yolov5s,patch,1.0,0.333,5,rho_0.333_mask_05,232.813,232.81336417579223,232.81336417579223,0.036,232.813,232.81336417579223,232.81336417579223,232.84936417579223,failover_then_repair,failover_then_direct_repair_after_background_infeasible,True,2.11837774515152
detection,yolo11n,yolov5s,patch,1.0,0.333,6,rho_0.333_mask_06,359.542,359.5412545767613,359.5412545767613,0.039,359.542,359.5412545767613,359.5412545767613,359.58025457676126,failover_then_repair,failover_then_direct_repair_after_background_infeasible,True,2.088564862497151
detection,yolo11n,yolov5s,patch,1.0,0.333,7,rho_0.333_mask_07,239.09,239.09040198098955,239.09040198098955,0.039,239.09,239.09040198098955,239.09040198098955,239.12940198098957,failover_then_repair,failover_then_direct_repair_after_background_infeasible,True,2.082033511251211
detection,yolo11n,yolov5s,patch,1.0,0.333,8,rho_0.333_mask_08,355.844,355.8433402409719,355.8433402409719,0.036,355.844,355.8433402409719,355.8433402409719,355.8793402409719,failover_then_repair,failover_then_direct_repair_after_background_infeasible,True,2.18254420068115
detection,yolo11n,yolov5s,patch,1.0,0.333,9,rho_0.333_mask_09,359.998,359.9982361493421,359.9982361493421,0.039,359.998,359.9982361493421,359.9982361493421,360.0372361493421,failover_then_repair,failover_then_direct_repair_after_background_infeasible,True,2.113074911758304
detection,yolo11n,yolov5s,patch,1.0,0.333,10,rho_0.333_mask_10,355.812,355.81135976197766,355.81135976197766,0.069,355.812,355.81135976197766,355.81135976197766,355.8803597619777,failover_then_repair,failover_then_direct_repair_after_background_infeasible,True,2.15081699565053
detection,yolo11n,yolov5s,patch,1.0,0.333,11,rho_0.333_mask_11,214.901,214.9020756119644,214.9020756119644,0.036,214.901,214.9020756119644,214.9020756119644,214.9380756119644,failover_then_repair,failover_then_direct_repair_after_background_infeasible,True,2.073170932009816
detection,yolo11n,yolov5s,patch,1.0,0.333,12,rho_0.333_mask_12,209.946,209.9465552329821,209.9465552329821,0.069,209.946,209.9465552329821,209.9465552329821,210.015,failover_then_repair,failover_then_background_repair,False,0.6468948656693101
detection,yolo11n,yolov5s,patch,1.0,0.333,13,rho_0.333_mask_13,234.229,234.22834801763747,234.22834801763747,0.036,234.229,234.22834801763747,234.22834801763747,234.26434801763747,failover_then_repair,failover_then_direct_repair_after_background_infeasible,True,2.116139242425561
detection,yolo11n,yolov5s,patch,1.0,0.333,14,rho_0.333_mask_14,213.703,213.7037957807552,213.7037957807552,0.036,213.703,213.7037957807552,213.7037957807552,213.7397957807552,failover_then_repair,failover_then_direct_repair_after_background_infeasible,True,2.0793101228773594
detection,yolo11n,yolov5s,patch,1.0,0.333,15,rho_0.333_mask_15,213.706,213.70595550540747,213.70595550540747,0.039,213.706,213.70595550540747,213.70595550540747,213.74495550540743,failover_then_repair,failover_then_direct_repair_after_background_infeasible,True,2.141905869357288
detection,yolo11n,yolov5s,patch,1.0,0.333,16,rho_0.333_mask_16,213.674,213.67424028777896,213.67424028777896,0.039,213.674,213.67424028777896,213.67424028777896,213.71324028777892,failover_then_repair,failover_then_direct_repair_after_background_infeasible,True,2.110708994790912
detection,yolo11n,yolov5s,patch,1.0,0.333,17,rho_0.333_mask_17,234.197,234.19663280000896,234.19663280000896,0.069,234.197,234.19663280000896,234.19663280000896,234.26563280000892,failover_then_repair,failover_then_direct_repair_after_background_infeasible,True,2.153832727111876
detection,yolo11n,yolov5s,patch,1.0,0.333,18,rho_0.333_mask_18,354.457,354.45764663073714,354.45764663073714,0.069,354.457,354.45764663073714,354.45764663073714,354.5266466307372,failover_then_repair,failover_then_direct_repair_after_background_infeasible,True,2.105041824281216
detection,yolo11n,yolov5s,patch,1.0,0.333,19,rho_0.333_mask_19,359.537,359.53661983075654,359.53661983075654,0.069,359.537,359.53661983075654,359.53661983075654,359.6056198307565,failover_then_repair,failover_then_direct_repair_after_background_infeasible,True,2.095564778894186
detection,yolo11n,yolov5s,patch,1.0,0.333,20,rho_0.333_mask_20,220.013,220.0127640296123,220.0127640296123,0.039,220.013,220.0127640296123,220.0127640296123,220.0517640296123,failover_then_repair,failover_then_direct_repair_after_background_infeasible,True,2.124911393970251
detection,yolo11n,yolov5s,patch,1.0,0.4,1,rho_0.400_mask_01,219.185,219.1853243487421,219.1853243487421,0.039,219.185,219.1853243487421,219.1853243487421,219.22432434874213,failover_then_repair,failover_then_direct_repair_after_background_infeasible,True,2.0762072894722223
detection,yolo11n,yolov5s,patch,1.0,0.4,2,rho_0.400_mask_02,218.753,218.75299826176703,218.75299826176703,0.039,218.753,218.75299826176703,218.75299826176703,218.79199826176705,failover_then_repair,failover_then_direct_repair_after_background_infeasible,True,2.0944667672738437
detection,yolo11n,yolov5s,patch,1.0,0.4,3,rho_0.400_mask_03,213.738,213.7379359844017,213.7379359844017,0.039,213.738,213.7379359844017,213.7379359844017,232.916,failover_then_repair,failover_then_background_repair,False,0.6588191362097859
detection,yolo11n,yolov5s,patch,1.0,0.4,4,rho_0.400_mask_04,237.123,237.12374341952815,237.12374341952815,0.039,237.123,237.12374341952815,237.12374341952815,237.16274341952817,failover_then_repair,failover_then_direct_repair_after_background_infeasible,True,2.163296066224575
detection,yolo11n,yolov5s,patch,1.0,0.4,5,rho_0.400_mask_05,350.732,350.73238656195826,350.73238656195826,0.069,350.732,350.73238656195826,350.73238656195826,350.8013865619583,failover_then_repair,failover_then_direct_repair_after_background_infeasible,True,2.114303548820317
detection,yolo11n,yolov5s,patch,1.0,0.4,6,rho_0.400_mask_06,214.874,214.8747298789749,214.8747298789749,0.036,214.874,214.8747298789749,214.8747298789749,214.9107298789749,failover_then_repair,failover_then_direct_repair_after_background_infeasible,True,2.159101717174053
detection,yolo11n,yolov5s,patch,1.0,0.4,7,rho_0.400_mask_07,350.732,350.73238656195826,350.73238656195826,0.036,350.732,350.73238656195826,350.73238656195826,350.76838656195827,failover_then_repair,failover_then_direct_repair_after_background_infeasible,True,2.091867633163929
detection,yolo11n,yolov5s,patch,1.0,0.4,8,rho_0.400_mask_08,233.398,233.3984833507493,233.3984833507493,0.036,233.398,233.3984833507493,233.3984833507493,233.4344833507493,failover_then_repair,failover_then_direct_repair_after_background_infeasible,True,2.124337344430387
detection,yolo11n,yolov5s,patch,1.0,0.4,9,rho_0.400_mask_09,213.711,213.7105902514122,213.7105902514122,0.039,213.711,213.7105902514122,213.7105902514122,213.7495902514122,failover_then_repair,failover_then_direct_repair_after_background_infeasible,True,2.124414016492665
detection,yolo11n,yolov5s,patch,1.0,0.4,10,rho_0.400_mask_10,237.153,237.15324887717,237.15324887717,0.039,237.153,237.15324887717,237.15324887717,237.192,failover_then_repair,failover_then_background_repair,False,0.6330402949824929
detection,yolo11n,yolov5s,patch,1.0,0.4,11,rho_0.400_mask_11,359.537,359.53661983075654,359.53661983075654,0.069,359.537,359.53661983075654,359.53661983075654,359.6056198307565,failover_then_repair,failover_then_direct_repair_after_background_infeasible,True,2.1596573581919074
detection,yolo11n,yolov5s,patch,1.0,0.4,12,rho_0.400_mask_12,233.428,233.4279888083911,233.4279888083911,0.036,233.428,233.4279888083911,233.4279888083911,233.4639888083911,failover_then_repair,failover_then_direct_repair_after_background_infeasible,True,2.131898058578372
detection,yolo11n,yolov5s,patch,1.0,0.4,13,rho_0.400_mask_13,213.679,213.6788750337837,213.6788750337837,0.036,213.679,213.6788750337837,213.6788750337837,218.792,failover_then_repair,failover_then_background_repair,False,0.6647698879241943
detection,yolo11n,yolov5s,patch,1.0,0.4,14,rho_0.400_mask_14,213.706,213.70595550540747,213.70595550540747,0.069,213.706,213.70595550540747,213.70595550540747,213.77495550540743,failover_then_repair,failover_then_direct_repair_after_background_infeasible,True,2.151006754487753
detection,yolo11n,yolov5s,patch,1.0,0.4,15,rho_0.400_mask_15,219.949,219.94906833298955,219.94906833298955,0.039,219.949,219.94906833298955,219.94906833298955,219.98806833298957,failover_then_repair,failover_then_direct_repair_after_background_infeasible,True,2.0350710330531
detection,yolo11n,yolov5s,patch,1.0,0.4,16,rho_0.400_mask_16,354.492,354.4920520957494,354.4920520957494,0.036,354.492,354.4920520957494,354.4920520957494,358.836,failover_then_repair,failover_then_background_repair,False,0.6507624788209796
detection,yolo11n,yolov5s,patch,1.0,0.4,17,rho_0.400_mask_17,234.165,234.16465232101476,234.16465232101476,0.039,234.165,234.16465232101476,234.16465232101476,234.20365232101472,failover_then_repair,failover_then_direct_repair_after_background_infeasible,True,2.088422169908881
detection,yolo11n,yolov5s,patch,1.0,0.4,18,rho_0.400_mask_18,214.909,214.90887008262143,214.90887008262143,0.069,214.909,214.90887008262143,214.90887008262143,214.97787008262145,failover_then_repair,failover_then_direct_repair_after_background_infeasible,True,2.1615293445065618
detection,yolo11n,yolov5s,patch,1.0,0.4,19,rho_0.400_mask_19,355.04,355.0405560457075,355.0405560457075,0.069,355.04,355.0405560457075,355.0405560457075,355.1095560457075,failover_then_repair,failover_then_direct_repair_after_background_infeasible,True,2.103130671195686
detection,yolo11n,yolov5s,patch,1.0,0.4,20,rho_0.400_mask_20,213.671,213.67181530176092,213.67181530176092,0.069,213.671,213.67181530176092,213.67181530176092,214.938,failover_then_repair,failover_then_background_repair,False,0.6496803229674697
detection,yolo11n,yolov5s,patch,1.0,0.6,1,rho_0.600_mask_01,213.706,213.70595550540747,213.70595550540747,0.036,213.706,213.70595550540747,213.70595550540747,218.055,failover_then_repair,failover_then_background_repair,False,0.6596509395167232
detection,yolo11n,yolov5s,patch,1.0,0.6,2,rho_0.600_mask_02,209.946,209.9465552329821,209.9465552329821,0.069,209.946,209.9465552329821,209.9465552329821,210.015,failover_then_repair,failover_then_background_repair,False,0.6486027939245105
detection,yolo11n,yolov5s,patch,1.0,0.6,3,rho_0.600_mask_03,217.979,217.97998478551017,217.97998478551017,0.036,217.979,217.97998478551017,217.97998478551017,218.023,failover_then_repair,failover_then_background_repair,False,0.6666791075840592
detection,yolo11n,yolov5s,patch,1.0,0.6,4,rho_0.600_mask_04,229.117,229.1176595999896,229.1176595999896,0.039,229.117,229.1176595999896,229.1176595999896,229.156,failover_then_repair,failover_then_background_repair,False,0.6997576607391238
detection,yolo11n,yolov5s,patch,1.0,0.6,5,rho_0.600_mask_05,218.014,218.0141249891567,218.0141249891567,0.039,218.014,218.0141249891567,218.0141249891567,237.192,failover_then_repair,failover_then_background_repair,False,0.6659707929939032
detection,yolo11n,yolov5s,patch,1.0,0.6,6,rho_0.600_mask_06,214.869,214.87009513297016,214.87009513297016,0.039,214.869,214.87009513297016,214.87009513297016,214.90909513297012,failover_then_repair,failover_then_direct_repair_after_background_infeasible,True,2.122890633530915
detection,yolo11n,yolov5s,patch,1.0,0.6,7,rho_0.600_mask_07,209.946,209.9465552329821,209.9465552329821,0.039,209.946,209.9465552329821,209.9465552329821,229.124,failover_then_repair,failover_then_background_repair,False,0.6584920836612582
detection,yolo11n,yolov5s,patch,1.0,0.6,8,rho_0.600_mask_08,209.946,209.9465552329821,209.9465552329821,0.036,209.946,209.9465552329821,209.9465552329821,218.05,failover_then_repair,failover_then_background_repair,False,0.6659187730401754
detection,yolo11n,yolov5s,patch,1.0,0.6,9,rho_0.600_mask_09,229.085,229.0856791209953,229.0856791209953,0.036,229.085,229.0856791209953,229.0856791209953,358.836,failover_then_repair,failover_then_background_repair,False,0.6545609822496772
detection,yolo11n,yolov5s,patch,1.0,0.6,10,rho_0.600_mask_10,213.676,213.67645004776568,213.67645004776568,0.069,213.676,213.67645004776568,213.67645004776568,213.74545004776567,failover_then_repair,failover_then_direct_repair_after_background_infeasible,True,2.1411287020891905
detection,yolo11n,yolov5s,patch,1.0,0.6,11,rho_0.600_mask_11,233.396,233.39627359076255,233.39627359076255,0.036,233.396,233.39627359076255,233.39627359076255,233.43227359076255,failover_then_repair,failover_then_direct_repair_after_background_infeasible,True,2.117495583370328
detection,yolo11n,yolov5s,patch,1.0,0.6,12,rho_0.600_mask_12,217.987,217.9870445175329,217.9870445175329,0.039,217.987,217.9870445175329,217.9870445175329,218.0260445175329,failover_then_repair,failover_then_direct_repair_after_background_infeasible,True,2.122481127269566
detection,yolo11n,yolov5s,patch,1.0,0.6,13,rho_0.600_mask_13,213.706,213.7062207667732,213.7062207667732,0.036,213.706,213.7062207667732,213.7062207667732,218.05,failover_then_repair,failover_then_background_repair,False,0.6505112620070577
detection,yolo11n,yolov5s,patch,1.0,0.6,14,rho_0.600_mask_14,209.946,209.9465552329821,209.9465552329821,0.036,209.946,209.9465552329821,209.9465552329821,209.9825552329821,failover_then_repair,failover_then_direct_repair_after_background_infeasible,True,2.1297737266868357
detection,yolo11n,yolov5s,patch,1.0,0.6,15,rho_0.600_mask_15,350.732,350.73238656195826,350.73238656195826,0.069,350.732,350.73238656195826,350.73238656195826,350.8013865619583,failover_then_repair,failover_then_direct_repair_after_background_infeasible,True,2.144232123158872
detection,yolo11n,yolov5s,patch,1.0,0.6,16,rho_0.600_mask_16,233.393,233.39384860474456,233.39384860474456,0.036,233.393,233.39384860474456,233.39384860474456,233.42984860474456,failover_then_repair,failover_then_direct_repair_after_background_infeasible,True,2.1934958389028907
detection,yolo11n,yolov5s,patch,1.0,0.6,17,rho_0.600_mask_17,218.756,218.75542324778507,218.75542324778507,0.036,218.756,218.75542324778507,218.75542324778507,218.792,failover_then_repair,failover_then_background_repair,False,0.6462727207690477
detection,yolo11n,yolov5s,patch,1.0,0.6,18,rho_0.600_mask_18,209.946,209.9465552329821,209.9465552329821,0.039,209.946,209.9465552329821,209.9465552329821,229.124,failover_then_repair,failover_then_background_repair,False,0.6622078567743301
detection,yolo11n,yolov5s,patch,1.0,0.6,19,rho_0.600_mask_19,232.815,232.81557393577896,232.81557393577896,0.039,232.815,232.81557393577896,232.81557393577896,232.881,failover_then_repair,failover_then_background_repair,False,0.6515852520242333
detection,yolo11n,yolov5s,patch,1.0,0.6,20,rho_0.600_mask_20,214.257,214.2571497027493,214.2571497027493,0.036,214.257,214.2571497027493,214.2571497027493,218.05,failover_then_repair,failover_then_background_repair,False,0.6509300675243139
detection,yolo11n,yolov5s,patch,1.0,0.8,1,rho_0.800_mask_01,229.085,229.0856791209953,229.0856791209953,0.036,229.085,229.0856791209953,229.0856791209953,358.836,failover_then_repair,failover_then_background_repair,False,0.6557947350665927
detection,yolo11n,yolov5s,patch,1.0,0.8,2,rho_0.800_mask_02,209.951,209.9511899789868,209.9511899789868,0.036,209.951,209.9511899789868,209.9511899789868,218.792,failover_then_repair,failover_then_background_repair,False,0.6640453618019819
detection,yolo11n,yolov5s,patch,1.0,0.8,3,rho_0.800_mask_03,209.949,209.94898021900008,209.94898021900008,0.036,209.949,209.94898021900008,209.94898021900008,218.05,failover_then_repair,failover_then_background_repair,False,0.6575475307181478
detection,yolo11n,yolov5s,patch,1.0,0.8,4,rho_0.800_mask_04,209.954,209.9536149650048,209.9536149650048,0.069,209.954,209.9536149650048,209.9536149650048,210.023,failover_then_repair,failover_then_background_repair,False,0.6557237049564719
detection,yolo11n,yolov5s,patch,1.0,0.8,5,rho_0.800_mask_05,229.085,229.0856791209953,229.0856791209953,0.036,229.085,229.0856791209953,229.0856791209953,229.1216791209953,failover_then_repair,failover_then_direct_repair_after_background_infeasible,True,2.1704829297959805
detection,yolo11n,yolov5s,patch,1.0,0.8,6,rho_0.800_mask_06,209.946,209.9465552329821,209.9465552329821,0.036,209.946,209.9465552329821,209.9465552329821,218.023,failover_then_repair,failover_then_background_repair,False,0.666715195402503
detection,yolo11n,yolov5s,patch,1.0,0.8,7,rho_0.800_mask_07,209.954,209.9536149650048,209.9536149650048,0.036,209.954,209.9536149650048,209.9536149650048,218.792,failover_then_repair,failover_then_background_repair,False,0.6520172478631139
detection,yolo11n,yolov5s,patch,1.0,0.8,8,rho_0.800_mask_08,209.946,209.9465552329821,209.9465552329821,0.036,209.946,209.9465552329821,209.9465552329821,218.023,failover_then_repair,failover_then_background_repair,False,0.6985287787392735
detection,yolo11n,yolov5s,patch,1.0,0.8,9,rho_0.800_mask_09,214.869,214.87009513297016,214.87009513297016,0.036,214.869,214.87009513297016,214.87009513297016,219.221,failover_then_repair,failover_then_background_repair,False,0.6531080454587936
detection,yolo11n,yolov5s,patch,1.0,0.8,10,rho_0.800_mask_10,209.949,209.94898021900008,209.94898021900008,0.039,209.949,209.94898021900008,209.94898021900008,229.159,failover_then_repair,failover_then_background_repair,False,0.6520081982016563
detection,yolo11n,yolov5s,patch,1.0,0.8,11,rho_0.800_mask_11,217.979,217.97998478551017,217.97998478551017,0.036,217.979,217.97998478551017,217.97998478551017,218.023,failover_then_repair,failover_then_background_repair,False,0.6574130104854703
detection,yolo11n,yolov5s,patch,1.0,0.8,12,rho_0.800_mask_12,229.085,229.0856791209953,229.0856791209953,0.036,229.085,229.0856791209953,229.0856791209953,358.809,failover_then_repair,failover_then_background_repair,False,0.6580195771530271
detection,yolo11n,yolov5s,patch,1.0,0.8,13,rho_0.800_mask_13,209.949,209.94898021900008,209.94898021900008,0.039,209.949,209.94898021900008,209.94898021900008,350.806,failover_then_repair,failover_then_background_repair,False,0.7017283346503973
detection,yolo11n,yolov5s,patch,1.0,0.8,14,rho_0.800_mask_14,209.951,209.9511899789868,209.9511899789868,0.036,209.951,209.9511899789868,209.9511899789868,218.824,failover_then_repair,failover_then_background_repair,False,0.6715351846069098
detection,yolo11n,yolov5s,patch,1.0,0.8,15,rho_0.800_mask_15,209.978,209.9785357119763,209.9785357119763,0.039,209.978,209.9785357119763,209.9785357119763,229.156,failover_then_repair,failover_then_background_repair,False,0.6708815088495612
detection,yolo11n,yolov5s,patch,1.0,0.8,16,rho_0.800_mask_16,209.951,209.9511899789868,209.9511899789868,0.036,209.951,209.9511899789868,209.9511899789868,209.9871899789868,failover_then_repair,failover_then_direct_repair_after_background_infeasible,True,2.1145110595971346
detection,yolo11n,yolov5s,patch,1.0,0.8,17,rho_0.800_mask_17,213.671,213.67181530176092,213.67181530176092,0.036,213.671,213.67181530176092,213.67181530176092,218.023,failover_then_repair,failover_then_background_repair,False,0.6667913571000099
detection,yolo11n,yolov5s,patch,1.0,0.8,18,rho_0.800_mask_18,350.732,350.73238656195826,350.73238656195826,0.036,350.732,350.73238656195826,350.73238656195826,350.76838656195827,failover_then_repair,failover_then_direct_repair_after_background_infeasible,True,2.152829668484628
detection,yolo11n,yolov5s,patch,1.0,0.8,19,rho_0.800_mask_19,213.671,213.67181530176092,213.67181530176092,0.036,213.671,213.67181530176092,213.67181530176092,218.023,failover_then_repair,failover_then_background_repair,False,0.671361343935132
detection,yolo11n,yolov5s,patch,1.0,0.8,20,rho_0.800_mask_20,233.393,233.39384860474456,233.39384860474456,0.036,233.393,233.39384860474456,233.39384860474456,233.42984860474456,failover_then_repair,failover_then_direct_repair_after_background_infeasible,True,2.132651560008526
detection,yolo11n,yolov5s,patch,1.0,1.0,0,rho_1.000_nominal,209.946,209.9465552329821,209.9465552329821,0.036,209.946,209.9465552329821,209.9465552329821,218.023,failover_then_repair,failover_then_background_repair,False,0.670764209702611
detection,yolo11n,yolov5s,pgd,0.0,0.333,1,rho_0.333_mask_01,0.0,0.0,0.0,0.0,0.0,0.0,0.0,0.0,no_recovery_required,baseline_or_no_recovery,False,0.0
detection,yolo11n,yolov5s,pgd,0.0,0.333,2,rho_0.333_mask_02,0.0,0.0,0.0,0.0,0.0,0.0,0.0,0.0,no_recovery_required,baseline_or_no_recovery,False,0.0
detection,yolo11n,yolov5s,pgd,0.0,0.333,3,rho_0.333_mask_03,0.0,0.0,0.0,0.0,0.0,0.0,0.0,0.0,no_recovery_required,baseline_or_no_recovery,False,0.0
detection,yolo11n,yolov5s,pgd,0.0,0.333,4,rho_0.333_mask_04,0.0,0.0,0.0,0.0,0.0,0.0,0.0,0.0,no_recovery_required,baseline_or_no_recovery,False,0.0
detection,yolo11n,yolov5s,pgd,0.0,0.333,5,rho_0.333_mask_05,0.0,0.0,0.0,0.0,0.0,0.0,0.0,0.0,no_recovery_required,baseline_or_no_recovery,False,0.0
detection,yolo11n,yolov5s,pgd,0.0,0.333,6,rho_0.333_mask_06,0.0,0.0,0.0,0.0,0.0,0.0,0.0,0.0,no_recovery_required,baseline_or_no_recovery,False,0.0
detection,yolo11n,yolov5s,pgd,0.0,0.333,7,rho_0.333_mask_07,0.0,0.0,0.0,0.0,0.0,0.0,0.0,0.0,no_recovery_required,baseline_or_no_recovery,False,0.0
detection,yolo11n,yolov5s,pgd,0.0,0.333,8,rho_0.333_mask_08,0.0,0.0,0.0,0.0,0.0,0.0,0.0,0.0,no_recovery_required,baseline_or_no_recovery,False,0.0
detection,yolo11n,yolov5s,pgd,0.0,0.333,9,rho_0.333_mask_09,0.0,0.0,0.0,0.0,0.0,0.0,0.0,0.0,no_recovery_required,baseline_or_no_recovery,False,0.0
detection,yolo11n,yolov5s,pgd,0.0,0.333,10,rho_0.333_mask_10,0.0,0.0,0.0,0.0,0.0,0.0,0.0,0.0,no_recovery_required,baseline_or_no_recovery,False,0.0
detection,yolo11n,yolov5s,pgd,0.0,0.333,11,rho_0.333_mask_11,0.0,0.0,0.0,0.0,0.0,0.0,0.0,0.0,no_recovery_required,baseline_or_no_recovery,False,0.0
detection,yolo11n,yolov5s,pgd,0.0,0.333,12,rho_0.333_mask_12,0.0,0.0,0.0,0.0,0.0,0.0,0.0,0.0,no_recovery_required,baseline_or_no_recovery,False,0.0
detection,yolo11n,yolov5s,pgd,0.0,0.333,13,rho_0.333_mask_13,0.0,0.0,0.0,0.0,0.0,0.0,0.0,0.0,no_recovery_required,baseline_or_no_recovery,False,0.0
detection,yolo11n,yolov5s,pgd,0.0,0.333,14,rho_0.333_mask_14,0.0,0.0,0.0,0.0,0.0,0.0,0.0,0.0,no_recovery_required,baseline_or_no_recovery,False,0.0
detection,yolo11n,yolov5s,pgd,0.0,0.333,15,rho_0.333_mask_15,0.0,0.0,0.0,0.0,0.0,0.0,0.0,0.0,no_recovery_required,baseline_or_no_recovery,False,0.0
detection,yolo11n,yolov5s,pgd,0.0,0.333,16,rho_0.333_mask_16,0.0,0.0,0.0,0.0,0.0,0.0,0.0,0.0,no_recovery_required,baseline_or_no_recovery,False,0.0
detection,yolo11n,yolov5s,pgd,0.0,0.333,17,rho_0.333_mask_17,0.0,0.0,0.0,0.0,0.0,0.0,0.0,0.0,no_recovery_required,baseline_or_no_recovery,False,0.0
detection,yolo11n,yolov5s,pgd,0.0,0.333,18,rho_0.333_mask_18,0.0,0.0,0.0,0.0,0.0,0.0,0.0,0.0,no_recovery_required,baseline_or_no_recovery,False,0.0
detection,yolo11n,yolov5s,pgd,0.0,0.333,19,rho_0.333_mask_19,0.0,0.0,0.0,0.0,0.0,0.0,0.0,0.0,no_recovery_required,baseline_or_no_recovery,False,0.0
detection,yolo11n,yolov5s,pgd,0.0,0.333,20,rho_0.333_mask_20,0.0,0.0,0.0,0.0,0.0,0.0,0.0,0.0,no_recovery_required,baseline_or_no_recovery,False,0.0
detection,yolo11n,yolov5s,pgd,0.0,0.4,1,rho_0.400_mask_01,0.0,0.0,0.0,0.0,0.0,0.0,0.0,0.0,no_recovery_required,baseline_or_no_recovery,False,0.0
detection,yolo11n,yolov5s,pgd,0.0,0.4,2,rho_0.400_mask_02,0.0,0.0,0.0,0.0,0.0,0.0,0.0,0.0,no_recovery_required,baseline_or_no_recovery,False,0.0
detection,yolo11n,yolov5s,pgd,0.0,0.4,3,rho_0.400_mask_03,0.0,0.0,0.0,0.0,0.0,0.0,0.0,0.0,no_recovery_required,baseline_or_no_recovery,False,0.0
detection,yolo11n,yolov5s,pgd,0.0,0.4,4,rho_0.400_mask_04,0.0,0.0,0.0,0.0,0.0,0.0,0.0,0.0,no_recovery_required,baseline_or_no_recovery,False,0.0
detection,yolo11n,yolov5s,pgd,0.0,0.4,5,rho_0.400_mask_05,0.0,0.0,0.0,0.0,0.0,0.0,0.0,0.0,no_recovery_required,baseline_or_no_recovery,False,0.0
detection,yolo11n,yolov5s,pgd,0.0,0.4,6,rho_0.400_mask_06,0.0,0.0,0.0,0.0,0.0,0.0,0.0,0.0,no_recovery_required,baseline_or_no_recovery,False,0.0
detection,yolo11n,yolov5s,pgd,0.0,0.4,7,rho_0.400_mask_07,0.0,0.0,0.0,0.0,0.0,0.0,0.0,0.0,no_recovery_required,baseline_or_no_recovery,False,0.0
detection,yolo11n,yolov5s,pgd,0.0,0.4,8,rho_0.400_mask_08,0.0,0.0,0.0,0.0,0.0,0.0,0.0,0.0,no_recovery_required,baseline_or_no_recovery,False,0.0
detection,yolo11n,yolov5s,pgd,0.0,0.4,9,rho_0.400_mask_09,0.0,0.0,0.0,0.0,0.0,0.0,0.0,0.0,no_recovery_required,baseline_or_no_recovery,False,0.0
detection,yolo11n,yolov5s,pgd,0.0,0.4,10,rho_0.400_mask_10,0.0,0.0,0.0,0.0,0.0,0.0,0.0,0.0,no_recovery_required,baseline_or_no_recovery,False,0.0
detection,yolo11n,yolov5s,pgd,0.0,0.4,11,rho_0.400_mask_11,0.0,0.0,0.0,0.0,0.0,0.0,0.0,0.0,no_recovery_required,baseline_or_no_recovery,False,0.0
detection,yolo11n,yolov5s,pgd,0.0,0.4,12,rho_0.400_mask_12,0.0,0.0,0.0,0.0,0.0,0.0,0.0,0.0,no_recovery_required,baseline_or_no_recovery,False,0.0
detection,yolo11n,yolov5s,pgd,0.0,0.4,13,rho_0.400_mask_13,0.0,0.0,0.0,0.0,0.0,0.0,0.0,0.0,no_recovery_required,baseline_or_no_recovery,False,0.0
detection,yolo11n,yolov5s,pgd,0.0,0.4,14,rho_0.400_mask_14,0.0,0.0,0.0,0.0,0.0,0.0,0.0,0.0,no_recovery_required,baseline_or_no_recovery,False,0.0
detection,yolo11n,yolov5s,pgd,0.0,0.4,15,rho_0.400_mask_15,0.0,0.0,0.0,0.0,0.0,0.0,0.0,0.0,no_recovery_required,baseline_or_no_recovery,False,0.0
detection,yolo11n,yolov5s,pgd,0.0,0.4,16,rho_0.400_mask_16,0.0,0.0,0.0,0.0,0.0,0.0,0.0,0.0,no_recovery_required,baseline_or_no_recovery,False,0.0
detection,yolo11n,yolov5s,pgd,0.0,0.4,17,rho_0.400_mask_17,0.0,0.0,0.0,0.0,0.0,0.0,0.0,0.0,no_recovery_required,baseline_or_no_recovery,False,0.0
detection,yolo11n,yolov5s,pgd,0.0,0.4,18,rho_0.400_mask_18,0.0,0.0,0.0,0.0,0.0,0.0,0.0,0.0,no_recovery_required,baseline_or_no_recovery,False,0.0
detection,yolo11n,yolov5s,pgd,0.0,0.4,19,rho_0.400_mask_19,0.0,0.0,0.0,0.0,0.0,0.0,0.0,0.0,no_recovery_required,baseline_or_no_recovery,False,0.0
detection,yolo11n,yolov5s,pgd,0.0,0.4,20,rho_0.400_mask_20,0.0,0.0,0.0,0.0,0.0,0.0,0.0,0.0,no_recovery_required,baseline_or_no_recovery,False,0.0
detection,yolo11n,yolov5s,pgd,0.0,0.6,1,rho_0.600_mask_01,0.0,0.0,0.0,0.0,0.0,0.0,0.0,0.0,no_recovery_required,baseline_or_no_recovery,False,0.0
detection,yolo11n,yolov5s,pgd,0.0,0.6,2,rho_0.600_mask_02,0.0,0.0,0.0,0.0,0.0,0.0,0.0,0.0,no_recovery_required,baseline_or_no_recovery,False,0.0
detection,yolo11n,yolov5s,pgd,0.0,0.6,3,rho_0.600_mask_03,0.0,0.0,0.0,0.0,0.0,0.0,0.0,0.0,no_recovery_required,baseline_or_no_recovery,False,0.0
detection,yolo11n,yolov5s,pgd,0.0,0.6,4,rho_0.600_mask_04,0.0,0.0,0.0,0.0,0.0,0.0,0.0,0.0,no_recovery_required,baseline_or_no_recovery,False,0.0
detection,yolo11n,yolov5s,pgd,0.0,0.6,5,rho_0.600_mask_05,0.0,0.0,0.0,0.0,0.0,0.0,0.0,0.0,no_recovery_required,baseline_or_no_recovery,False,0.0
detection,yolo11n,yolov5s,pgd,0.0,0.6,6,rho_0.600_mask_06,0.0,0.0,0.0,0.0,0.0,0.0,0.0,0.0,no_recovery_required,baseline_or_no_recovery,False,0.0
detection,yolo11n,yolov5s,pgd,0.0,0.6,7,rho_0.600_mask_07,0.0,0.0,0.0,0.0,0.0,0.0,0.0,0.0,no_recovery_required,baseline_or_no_recovery,False,0.0
detection,yolo11n,yolov5s,pgd,0.0,0.6,8,rho_0.600_mask_08,0.0,0.0,0.0,0.0,0.0,0.0,0.0,0.0,no_recovery_required,baseline_or_no_recovery,False,0.0
detection,yolo11n,yolov5s,pgd,0.0,0.6,9,rho_0.600_mask_09,0.0,0.0,0.0,0.0,0.0,0.0,0.0,0.0,no_recovery_required,baseline_or_no_recovery,False,0.0
detection,yolo11n,yolov5s,pgd,0.0,0.6,10,rho_0.600_mask_10,0.0,0.0,0.0,0.0,0.0,0.0,0.0,0.0,no_recovery_required,baseline_or_no_recovery,False,0.0
detection,yolo11n,yolov5s,pgd,0.0,0.6,11,rho_0.600_mask_11,0.0,0.0,0.0,0.0,0.0,0.0,0.0,0.0,no_recovery_required,baseline_or_no_recovery,False,0.0
detection,yolo11n,yolov5s,pgd,0.0,0.6,12,rho_0.600_mask_12,0.0,0.0,0.0,0.0,0.0,0.0,0.0,0.0,no_recovery_required,baseline_or_no_recovery,False,0.0
detection,yolo11n,yolov5s,pgd,0.0,0.6,13,rho_0.600_mask_13,0.0,0.0,0.0,0.0,0.0,0.0,0.0,0.0,no_recovery_required,baseline_or_no_recovery,False,0.0
detection,yolo11n,yolov5s,pgd,0.0,0.6,14,rho_0.600_mask_14,0.0,0.0,0.0,0.0,0.0,0.0,0.0,0.0,no_recovery_required,baseline_or_no_recovery,False,0.0
detection,yolo11n,yolov5s,pgd,0.0,0.6,15,rho_0.600_mask_15,0.0,0.0,0.0,0.0,0.0,0.0,0.0,0.0,no_recovery_required,baseline_or_no_recovery,False,0.0
detection,yolo11n,yolov5s,pgd,0.0,0.6,16,rho_0.600_mask_16,0.0,0.0,0.0,0.0,0.0,0.0,0.0,0.0,no_recovery_required,baseline_or_no_recovery,False,0.0
detection,yolo11n,yolov5s,pgd,0.0,0.6,17,rho_0.600_mask_17,0.0,0.0,0.0,0.0,0.0,0.0,0.0,0.0,no_recovery_required,baseline_or_no_recovery,False,0.0
detection,yolo11n,yolov5s,pgd,0.0,0.6,18,rho_0.600_mask_18,0.0,0.0,0.0,0.0,0.0,0.0,0.0,0.0,no_recovery_required,baseline_or_no_recovery,False,0.0
detection,yolo11n,yolov5s,pgd,0.0,0.6,19,rho_0.600_mask_19,0.0,0.0,0.0,0.0,0.0,0.0,0.0,0.0,no_recovery_required,baseline_or_no_recovery,False,0.0
detection,yolo11n,yolov5s,pgd,0.0,0.6,20,rho_0.600_mask_20,0.0,0.0,0.0,0.0,0.0,0.0,0.0,0.0,no_recovery_required,baseline_or_no_recovery,False,0.0
detection,yolo11n,yolov5s,pgd,0.0,0.8,1,rho_0.800_mask_01,0.0,0.0,0.0,0.0,0.0,0.0,0.0,0.0,no_recovery_required,baseline_or_no_recovery,False,0.0
detection,yolo11n,yolov5s,pgd,0.0,0.8,2,rho_0.800_mask_02,0.0,0.0,0.0,0.0,0.0,0.0,0.0,0.0,no_recovery_required,baseline_or_no_recovery,False,0.0
detection,yolo11n,yolov5s,pgd,0.0,0.8,3,rho_0.800_mask_03,0.0,0.0,0.0,0.0,0.0,0.0,0.0,0.0,no_recovery_required,baseline_or_no_recovery,False,0.0
detection,yolo11n,yolov5s,pgd,0.0,0.8,4,rho_0.800_mask_04,0.0,0.0,0.0,0.0,0.0,0.0,0.0,0.0,no_recovery_required,baseline_or_no_recovery,False,0.0
detection,yolo11n,yolov5s,pgd,0.0,0.8,5,rho_0.800_mask_05,0.0,0.0,0.0,0.0,0.0,0.0,0.0,0.0,no_recovery_required,baseline_or_no_recovery,False,0.0
detection,yolo11n,yolov5s,pgd,0.0,0.8,6,rho_0.800_mask_06,0.0,0.0,0.0,0.0,0.0,0.0,0.0,0.0,no_recovery_required,baseline_or_no_recovery,False,0.0
detection,yolo11n,yolov5s,pgd,0.0,0.8,7,rho_0.800_mask_07,0.0,0.0,0.0,0.0,0.0,0.0,0.0,0.0,no_recovery_required,baseline_or_no_recovery,False,0.0
detection,yolo11n,yolov5s,pgd,0.0,0.8,8,rho_0.800_mask_08,0.0,0.0,0.0,0.0,0.0,0.0,0.0,0.0,no_recovery_required,baseline_or_no_recovery,False,0.0
detection,yolo11n,yolov5s,pgd,0.0,0.8,9,rho_0.800_mask_09,0.0,0.0,0.0,0.0,0.0,0.0,0.0,0.0,no_recovery_required,baseline_or_no_recovery,False,0.0
detection,yolo11n,yolov5s,pgd,0.0,0.8,10,rho_0.800_mask_10,0.0,0.0,0.0,0.0,0.0,0.0,0.0,0.0,no_recovery_required,baseline_or_no_recovery,False,0.0
detection,yolo11n,yolov5s,pgd,0.0,0.8,11,rho_0.800_mask_11,0.0,0.0,0.0,0.0,0.0,0.0,0.0,0.0,no_recovery_required,baseline_or_no_recovery,False,0.0
detection,yolo11n,yolov5s,pgd,0.0,0.8,12,rho_0.800_mask_12,0.0,0.0,0.0,0.0,0.0,0.0,0.0,0.0,no_recovery_required,baseline_or_no_recovery,False,0.0
detection,yolo11n,yolov5s,pgd,0.0,0.8,13,rho_0.800_mask_13,0.0,0.0,0.0,0.0,0.0,0.0,0.0,0.0,no_recovery_required,baseline_or_no_recovery,False,0.0
detection,yolo11n,yolov5s,pgd,0.0,0.8,14,rho_0.800_mask_14,0.0,0.0,0.0,0.0,0.0,0.0,0.0,0.0,no_recovery_required,baseline_or_no_recovery,False,0.0
detection,yolo11n,yolov5s,pgd,0.0,0.8,15,rho_0.800_mask_15,0.0,0.0,0.0,0.0,0.0,0.0,0.0,0.0,no_recovery_required,baseline_or_no_recovery,False,0.0
detection,yolo11n,yolov5s,pgd,0.0,0.8,16,rho_0.800_mask_16,0.0,0.0,0.0,0.0,0.0,0.0,0.0,0.0,no_recovery_required,baseline_or_no_recovery,False,0.0
detection,yolo11n,yolov5s,pgd,0.0,0.8,17,rho_0.800_mask_17,0.0,0.0,0.0,0.0,0.0,0.0,0.0,0.0,no_recovery_required,baseline_or_no_recovery,False,0.0
detection,yolo11n,yolov5s,pgd,0.0,0.8,18,rho_0.800_mask_18,0.0,0.0,0.0,0.0,0.0,0.0,0.0,0.0,no_recovery_required,baseline_or_no_recovery,False,0.0
detection,yolo11n,yolov5s,pgd,0.0,0.8,19,rho_0.800_mask_19,0.0,0.0,0.0,0.0,0.0,0.0,0.0,0.0,no_recovery_required,baseline_or_no_recovery,False,0.0
detection,yolo11n,yolov5s,pgd,0.0,0.8,20,rho_0.800_mask_20,0.0,0.0,0.0,0.0,0.0,0.0,0.0,0.0,no_recovery_required,baseline_or_no_recovery,False,0.0
detection,yolo11n,yolov5s,pgd,0.0,1.0,0,rho_1.000_nominal,0.0,0.0,0.0,0.0,0.0,0.0,0.0,0.0,no_recovery_required,baseline_or_no_recovery,False,0.0
detection,yolo11n,yolov5s,pgd,0.25,0.333,1,rho_0.333_mask_01,234.165,234.16465232101476,234.16465232101476,0.039,234.165,234.16465232101476,234.16465232101476,234.20365232101472,failover_then_repair,failover_then_direct_repair_after_background_infeasible,True,2.327433481812477
detection,yolo11n,yolov5s,pgd,0.25,0.333,2,rho_0.333_mask_02,237.158,237.1578836231747,237.1578836231747,0.069,237.158,237.1578836231747,237.1578836231747,237.2268836231747,failover_then_repair,failover_then_direct_repair_after_background_infeasible,True,2.1994886696338654
detection,yolo11n,yolov5s,pgd,0.25,0.333,3,rho_0.333_mask_03,360.799,360.7985953585885,360.7985953585885,0.069,360.799,360.7985953585885,360.7985953585885,360.8675953585885,failover_then_repair,failover_then_direct_repair_after_background_infeasible,True,2.2685586055740714
detection,yolo11n,yolov5s,pgd,0.25,0.333,4,rho_0.333_mask_04,350.737,350.737021307963,350.737021307963,0.069,350.737,350.737021307963,350.737021307963,350.806021307963,failover_then_repair,failover_then_direct_repair_after_background_infeasible,True,2.2877735234797
detection,yolo11n,yolov5s,pgd,0.25,0.333,5,rho_0.333_mask_05,232.813,232.81336417579223,232.81336417579223,0.036,232.813,232.81336417579223,232.81336417579223,232.84936417579223,failover_then_repair,failover_then_direct_repair_after_background_infeasible,True,2.2494415268301964
detection,yolo11n,yolov5s,pgd,0.25,0.333,6,rho_0.333_mask_06,359.542,359.5412545767613,359.5412545767613,0.039,359.542,359.5412545767613,359.5412545767613,359.58025457676126,failover_then_repair,failover_then_direct_repair_after_background_infeasible,True,2.2258815160021186
detection,yolo11n,yolov5s,pgd,0.25,0.333,7,rho_0.333_mask_07,239.09,239.09040198098955,239.09040198098955,0.039,239.09,239.09040198098955,239.09040198098955,239.12940198098957,failover_then_repair,failover_then_direct_repair_after_background_infeasible,True,2.2737760124728084
detection,yolo11n,yolov5s,pgd,0.25,0.333,8,rho_0.333_mask_08,355.844,355.8433402409719,355.8433402409719,0.036,355.844,355.8433402409719,355.8433402409719,355.8793402409719,failover_then_repair,failover_then_direct_repair_after_background_infeasible,True,2.2708316380158067
detection,yolo11n,yolov5s,pgd,0.25,0.333,9,rho_0.333_mask_09,359.998,359.9982361493421,359.9982361493421,0.039,359.998,359.9982361493421,359.9982361493421,360.0372361493421,failover_then_repair,failover_then_direct_repair_after_background_infeasible,True,2.3072122326120734
detection,yolo11n,yolov5s,pgd,0.25,0.333,10,rho_0.333_mask_10,355.812,355.81135976197766,355.81135976197766,0.069,355.812,355.81135976197766,355.81135976197766,355.8803597619777,failover_then_repair,failover_then_direct_repair_after_background_infeasible,True,2.3064713357016444
detection,yolo11n,yolov5s,pgd,0.25,0.333,11,rho_0.333_mask_11,214.901,214.9020756119644,214.9020756119644,0.036,214.901,214.9020756119644,214.9020756119644,214.9380756119644,failover_then_repair,failover_then_direct_repair_after_background_infeasible,True,2.121301969513297
detection,yolo11n,yolov5s,pgd,0.25,0.333,12,rho_0.333_mask_12,209.946,209.9465552329821,209.9465552329821,0.069,209.946,209.9465552329821,209.9465552329821,210.015,failover_then_repair,failover_then_background_repair,False,0.6738376645371318
detection,yolo11n,yolov5s,pgd,0.25,0.333,13,rho_0.333_mask_13,234.229,234.22834801763747,234.22834801763747,0.036,234.229,234.22834801763747,234.22834801763747,234.26434801763747,failover_then_repair,failover_then_direct_repair_after_background_infeasible,True,2.2240838706493378
detection,yolo11n,yolov5s,pgd,0.25,0.333,14,rho_0.333_mask_14,213.703,213.7037957807552,213.7037957807552,0.036,213.703,213.7037957807552,213.7037957807552,213.7397957807552,failover_then_repair,failover_then_direct_repair_after_background_infeasible,True,2.267834324389696
detection,yolo11n,yolov5s,pgd,0.25,0.333,15,rho_0.333_mask_15,213.706,213.70595550540747,213.70595550540747,0.039,213.706,213.70595550540747,213.70595550540747,213.74495550540743,failover_then_repair,failover_then_direct_repair_after_background_infeasible,True,2.228380468674004
detection,yolo11n,yolov5s,pgd,0.25,0.333,16,rho_0.333_mask_16,213.674,213.67424028777896,213.67424028777896,0.039,213.674,213.67424028777896,213.67424028777896,213.71324028777892,failover_then_repair,failover_then_direct_repair_after_background_infeasible,True,2.2831201031804085
detection,yolo11n,yolov5s,pgd,0.25,0.333,17,rho_0.333_mask_17,234.197,234.19663280000896,234.19663280000896,0.069,234.197,234.19663280000896,234.19663280000896,234.26563280000892,failover_then_repair,failover_then_direct_repair_after_background_infeasible,True,2.206306343898177
detection,yolo11n,yolov5s,pgd,0.25,0.333,18,rho_0.333_mask_18,354.457,354.45764663073714,354.45764663073714,0.069,354.457,354.45764663073714,354.45764663073714,354.5266466307372,failover_then_repair,failover_then_direct_repair_after_background_infeasible,True,2.1839792700484395
detection,yolo11n,yolov5s,pgd,0.25,0.333,19,rho_0.333_mask_19,359.537,359.53661983075654,359.53661983075654,0.069,359.537,359.53661983075654,359.53661983075654,359.6056198307565,failover_then_repair,failover_then_direct_repair_after_background_infeasible,True,2.2562906546518207
detection,yolo11n,yolov5s,pgd,0.25,0.333,20,rho_0.333_mask_20,220.013,220.0127640296123,220.0127640296123,0.039,220.013,220.0127640296123,220.0127640296123,220.0517640296123,failover_then_repair,failover_then_direct_repair_after_background_infeasible,True,2.1112954868003726
detection,yolo11n,yolov5s,pgd,0.25,0.4,1,rho_0.400_mask_01,219.185,219.1853243487421,219.1853243487421,0.039,219.185,219.1853243487421,219.1853243487421,219.22432434874213,failover_then_repair,failover_then_direct_repair_after_background_infeasible,True,2.145923205651343
detection,yolo11n,yolov5s,pgd,0.25,0.4,2,rho_0.400_mask_02,218.753,218.75299826176703,218.75299826176703,0.039,218.753,218.75299826176703,218.75299826176703,218.79199826176705,failover_then_repair,failover_then_direct_repair_after_background_infeasible,True,2.166353804990649
detection,yolo11n,yolov5s,pgd,0.25,0.4,3,rho_0.400_mask_03,213.738,213.7379359844017,213.7379359844017,0.039,213.738,213.7379359844017,213.7379359844017,232.916,failover_then_repair,failover_then_background_repair,False,0.6373611753806472
detection,yolo11n,yolov5s,pgd,0.25,0.4,4,rho_0.400_mask_04,237.123,237.12374341952815,237.12374341952815,0.039,237.123,237.12374341952815,237.12374341952815,237.16274341952817,failover_then_repair,failover_then_direct_repair_after_background_infeasible,True,2.1331496704369783
detection,yolo11n,yolov5s,pgd,0.25,0.4,5,rho_0.400_mask_05,350.732,350.73238656195826,350.73238656195826,0.069,350.732,350.73238656195826,350.73238656195826,350.8013865619583,failover_then_repair,failover_then_direct_repair_after_background_infeasible,True,2.1984913470223546
detection,yolo11n,yolov5s,pgd,0.25,0.4,6,rho_0.400_mask_06,214.874,214.8747298789749,214.8747298789749,0.036,214.874,214.8747298789749,214.8747298789749,214.9107298789749,failover_then_repair,failover_then_direct_repair_after_background_infeasible,True,2.119706138968468
detection,yolo11n,yolov5s,pgd,0.25,0.4,7,rho_0.400_mask_07,350.732,350.73238656195826,350.73238656195826,0.036,350.732,350.73238656195826,350.73238656195826,350.76838656195827,failover_then_repair,failover_then_direct_repair_after_background_infeasible,True,2.1155422842130065
detection,yolo11n,yolov5s,pgd,0.25,0.4,8,rho_0.400_mask_08,233.398,233.3984833507493,233.3984833507493,0.036,233.398,233.3984833507493,233.3984833507493,233.4344833507493,failover_then_repair,failover_then_direct_repair_after_background_infeasible,True,2.2110058898106217
detection,yolo11n,yolov5s,pgd,0.25,0.4,9,rho_0.400_mask_09,213.711,213.7105902514122,213.7105902514122,0.039,213.711,213.7105902514122,213.7105902514122,213.7495902514122,failover_then_repair,failover_then_direct_repair_after_background_infeasible,True,2.149319587275386
detection,yolo11n,yolov5s,pgd,0.25,0.4,10,rho_0.400_mask_10,237.153,237.15324887717,237.15324887717,0.039,237.153,237.15324887717,237.15324887717,237.192,failover_then_repair,failover_then_background_repair,False,0.678570069372654
detection,yolo11n,yolov5s,pgd,0.25,0.4,11,rho_0.400_mask_11,359.537,359.53661983075654,359.53661983075654,0.069,359.537,359.53661983075654,359.53661983075654,359.6056198307565,failover_then_repair,failover_then_direct_repair_after_background_infeasible,True,2.132546085864305
detection,yolo11n,yolov5s,pgd,0.25,0.4,12,rho_0.400_mask_12,233.428,233.4279888083911,233.4279888083911,0.036,233.428,233.4279888083911,233.4279888083911,233.4639888083911,failover_then_repair,failover_then_direct_repair_after_background_infeasible,True,2.236659085378051
detection,yolo11n,yolov5s,pgd,0.25,0.4,13,rho_0.400_mask_13,213.679,213.6788750337837,213.6788750337837,0.036,213.679,213.6788750337837,213.6788750337837,218.792,failover_then_repair,failover_then_background_repair,False,0.6437415303662419
detection,yolo11n,yolov5s,pgd,0.25,0.4,14,rho_0.400_mask_14,213.706,213.70595550540747,213.70595550540747,0.069,213.706,213.70595550540747,213.70595550540747,213.77495550540743,failover_then_repair,failover_then_direct_repair_after_background_infeasible,True,2.137861682102084
detection,yolo11n,yolov5s,pgd,0.25,0.4,15,rho_0.400_mask_15,219.949,219.94906833298955,219.94906833298955,0.039,219.949,219.94906833298955,219.94906833298955,219.98806833298957,failover_then_repair,failover_then_direct_repair_after_background_infeasible,True,2.126569694839418
detection,yolo11n,yolov5s,pgd,0.25,0.4,16,rho_0.400_mask_16,354.492,354.4920520957494,354.4920520957494,0.036,354.492,354.4920520957494,354.4920520957494,358.836,failover_then_repair,failover_then_background_repair,False,0.6515652127563953
detection,yolo11n,yolov5s,pgd,0.25,0.4,17,rho_0.400_mask_17,234.165,234.16465232101476,234.16465232101476,0.039,234.165,234.16465232101476,234.16465232101476,234.20365232101472,failover_then_repair,failover_then_direct_repair_after_background_infeasible,True,2.1331200329586864
detection,yolo11n,yolov5s,pgd,0.25,0.4,18,rho_0.400_mask_18,214.909,214.90887008262143,214.90887008262143,0.069,214.909,214.90887008262143,214.90887008262143,214.97787008262145,failover_then_repair,failover_then_direct_repair_after_background_infeasible,True,2.151781987398863
detection,yolo11n,yolov5s,pgd,0.25,0.4,19,rho_0.400_mask_19,355.04,355.0405560457075,355.0405560457075,0.069,355.04,355.0405560457075,355.0405560457075,355.1095560457075,failover_then_repair,failover_then_direct_repair_after_background_infeasible,True,2.120146321132779
detection,yolo11n,yolov5s,pgd,0.25,0.4,20,rho_0.400_mask_20,213.671,213.67181530176092,213.67181530176092,0.069,213.671,213.67181530176092,213.67181530176092,214.938,failover_then_repair,failover_then_background_repair,False,0.7118648830801249
detection,yolo11n,yolov5s,pgd,0.25,0.6,1,rho_0.600_mask_01,213.706,213.70595550540747,213.70595550540747,0.036,213.706,213.70595550540747,213.70595550540747,218.055,failover_then_repair,failover_then_background_repair,False,0.6669564237818122
detection,yolo11n,yolov5s,pgd,0.25,0.6,2,rho_0.600_mask_02,209.946,209.9465552329821,209.9465552329821,0.069,209.946,209.9465552329821,209.9465552329821,210.015,failover_then_repair,failover_then_background_repair,False,0.6588626047596335
detection,yolo11n,yolov5s,pgd,0.25,0.6,3,rho_0.600_mask_03,217.979,217.97998478551017,217.97998478551017,0.036,217.979,217.97998478551017,217.97998478551017,218.023,failover_then_repair,failover_then_background_repair,False,0.6439732583239675
detection,yolo11n,yolov5s,pgd,0.25,0.6,4,rho_0.600_mask_04,229.117,229.1176595999896,229.1176595999896,0.039,229.117,229.1176595999896,229.1176595999896,229.156,failover_then_repair,failover_then_background_repair,False,0.6490887654945254
detection,yolo11n,yolov5s,pgd,0.25,0.6,5,rho_0.600_mask_05,218.014,218.0141249891567,218.0141249891567,0.039,218.014,218.0141249891567,218.0141249891567,237.192,failover_then_repair,failover_then_background_repair,False,0.6415925808250904
detection,yolo11n,yolov5s,pgd,0.25,0.6,6,rho_0.600_mask_06,214.869,214.87009513297016,214.87009513297016,0.039,214.869,214.87009513297016,214.87009513297016,214.90909513297012,failover_then_repair,failover_then_direct_repair_after_background_infeasible,True,2.2079398091882467
detection,yolo11n,yolov5s,pgd,0.25,0.6,7,rho_0.600_mask_07,209.946,209.9465552329821,209.9465552329821,0.039,209.946,209.9465552329821,209.9465552329821,229.124,failover_then_repair,failover_then_background_repair,False,0.6693131979554892
detection,yolo11n,yolov5s,pgd,0.25,0.6,8,rho_0.600_mask_08,209.946,209.9465552329821,209.9465552329821,0.036,209.946,209.9465552329821,209.9465552329821,218.05,failover_then_repair,failover_then_background_repair,False,0.6510309530422091
detection,yolo11n,yolov5s,pgd,0.25,0.6,9,rho_0.600_mask_09,229.085,229.0856791209953,229.0856791209953,0.036,229.085,229.0856791209953,229.0856791209953,358.836,failover_then_repair,failover_then_background_repair,False,0.6533815804868937
detection,yolo11n,yolov5s,pgd,0.25,0.6,10,rho_0.600_mask_10,213.676,213.67645004776568,213.67645004776568,0.069,213.676,213.67645004776568,213.67645004776568,213.74545004776567,failover_then_repair,failover_then_direct_repair_after_background_infeasible,True,2.150720523670316
detection,yolo11n,yolov5s,pgd,0.25,0.6,11,rho_0.600_mask_11,233.396,233.39627359076255,233.39627359076255,0.036,233.396,233.39627359076255,233.39627359076255,233.43227359076255,failover_then_repair,failover_then_direct_repair_after_background_infeasible,True,2.135226605460048
detection,yolo11n,yolov5s,pgd,0.25,0.6,12,rho_0.600_mask_12,217.987,217.9870445175329,217.9870445175329,0.039,217.987,217.9870445175329,217.9870445175329,218.0260445175329,failover_then_repair,failover_then_direct_repair_after_background_infeasible,True,2.182341069914401
detection,yolo11n,yolov5s,pgd,0.25,0.6,13,rho_0.600_mask_13,213.706,213.7062207667732,213.7062207667732,0.036,213.706,213.7062207667732,213.7062207667732,218.05,failover_then_repair,failover_then_background_repair,False,0.6627631271257997
detection,yolo11n,yolov5s,pgd,0.25,0.6,14,rho_0.600_mask_14,209.946,209.9465552329821,209.9465552329821,0.036,209.946,209.9465552329821,209.9465552329821,209.9825552329821,failover_then_repair,failover_then_direct_repair_after_background_infeasible,True,2.1074083261191845
detection,yolo11n,yolov5s,pgd,0.25,0.6,15,rho_0.600_mask_15,350.732,350.73238656195826,350.73238656195826,0.069,350.732,350.73238656195826,350.73238656195826,350.8013865619583,failover_then_repair,failover_then_direct_repair_after_background_infeasible,True,2.201907781884074
detection,yolo11n,yolov5s,pgd,0.25,0.6,16,rho_0.600_mask_16,233.393,233.39384860474456,233.39384860474456,0.036,233.393,233.39384860474456,233.39384860474456,233.42984860474456,failover_then_repair,failover_then_direct_repair_after_background_infeasible,True,2.104480599984526
detection,yolo11n,yolov5s,pgd,0.25,0.6,17,rho_0.600_mask_17,218.756,218.75542324778507,218.75542324778507,0.036,218.756,218.75542324778507,218.75542324778507,218.792,failover_then_repair,failover_then_background_repair,False,0.668585347943008
detection,yolo11n,yolov5s,pgd,0.25,0.6,18,rho_0.600_mask_18,209.946,209.9465552329821,209.9465552329821,0.039,209.946,209.9465552329821,209.9465552329821,229.124,failover_then_repair,failover_then_background_repair,False,0.6675881613045931
detection,yolo11n,yolov5s,pgd,0.25,0.6,19,rho_0.600_mask_19,232.815,232.81557393577896,232.81557393577896,0.039,232.815,232.81557393577896,232.81557393577896,232.881,failover_then_repair,failover_then_background_repair,False,0.6502821249887347
detection,yolo11n,yolov5s,pgd,0.25,0.6,20,rho_0.600_mask_20,214.257,214.2571497027493,214.2571497027493,0.036,214.257,214.2571497027493,214.2571497027493,218.05,failover_then_repair,failover_then_background_repair,False,0.7033023070544004
detection,yolo11n,yolov5s,pgd,0.25,0.8,1,rho_0.800_mask_01,229.085,229.0856791209953,229.0856791209953,0.036,229.085,229.0856791209953,229.0856791209953,358.836,failover_then_repair,failover_then_background_repair,False,0.665257416665554
detection,yolo11n,yolov5s,pgd,0.25,0.8,2,rho_0.800_mask_02,209.951,209.9511899789868,209.9511899789868,0.036,209.951,209.9511899789868,209.9511899789868,218.792,failover_then_repair,failover_then_background_repair,False,0.6701016528531909
detection,yolo11n,yolov5s,pgd,0.25,0.8,3,rho_0.800_mask_03,209.949,209.94898021900008,209.94898021900008,0.036,209.949,209.94898021900008,209.94898021900008,218.05,failover_then_repair,failover_then_background_repair,False,0.6600132705643773
detection,yolo11n,yolov5s,pgd,0.25,0.8,4,rho_0.800_mask_04,209.954,209.9536149650048,209.9536149650048,0.069,209.954,209.9536149650048,209.9536149650048,210.023,failover_then_repair,failover_then_background_repair,False,0.6888549132272601
detection,yolo11n,yolov5s,pgd,0.25,0.8,5,rho_0.800_mask_05,229.085,229.0856791209953,229.0856791209953,0.036,229.085,229.0856791209953,229.0856791209953,229.1216791209953,failover_then_repair,failover_then_direct_repair_after_background_infeasible,True,2.2361733466386795
detection,yolo11n,yolov5s,pgd,0.25,0.8,6,rho_0.800_mask_06,209.946,209.9465552329821,209.9465552329821,0.036,209.946,209.9465552329821,209.9465552329821,218.023,failover_then_repair,failover_then_background_repair,False,0.6770514687523246
detection,yolo11n,yolov5s,pgd,0.25,0.8,7,rho_0.800_mask_07,209.954,209.9536149650048,209.9536149650048,0.036,209.954,209.9536149650048,209.9536149650048,218.792,failover_then_repair,failover_then_background_repair,False,0.6544726518914104
detection,yolo11n,yolov5s,pgd,0.25,0.8,8,rho_0.800_mask_08,209.946,209.9465552329821,209.9465552329821,0.036,209.946,209.9465552329821,209.9465552329821,218.023,failover_then_repair,failover_then_background_repair,False,0.672541537322104
detection,yolo11n,yolov5s,pgd,0.25,0.8,9,rho_0.800_mask_09,214.869,214.87009513297016,214.87009513297016,0.036,214.869,214.87009513297016,214.87009513297016,219.221,failover_then_repair,failover_then_background_repair,False,0.6513560609892011
detection,yolo11n,yolov5s,pgd,0.25,0.8,10,rho_0.800_mask_10,209.949,209.94898021900008,209.94898021900008,0.039,209.949,209.94898021900008,209.94898021900008,229.159,failover_then_repair,failover_then_background_repair,False,0.6557068917900324
detection,yolo11n,yolov5s,pgd,0.25,0.8,11,rho_0.800_mask_11,217.979,217.97998478551017,217.97998478551017,0.036,217.979,217.97998478551017,217.97998478551017,218.023,failover_then_repair,failover_then_background_repair,False,0.6508414689451456
detection,yolo11n,yolov5s,pgd,0.25,0.8,12,rho_0.800_mask_12,229.085,229.0856791209953,229.0856791209953,0.036,229.085,229.0856791209953,229.0856791209953,358.809,failover_then_repair,failover_then_background_repair,False,0.6559093864634633
detection,yolo11n,yolov5s,pgd,0.25,0.8,13,rho_0.800_mask_13,209.949,209.94898021900008,209.94898021900008,0.039,209.949,209.94898021900008,209.94898021900008,350.806,failover_then_repair,failover_then_background_repair,False,0.6673097405582666
detection,yolo11n,yolov5s,pgd,0.25,0.8,14,rho_0.800_mask_14,209.951,209.9511899789868,209.9511899789868,0.036,209.951,209.9511899789868,209.9511899789868,218.824,failover_then_repair,failover_then_background_repair,False,0.6441908897832036
detection,yolo11n,yolov5s,pgd,0.25,0.8,15,rho_0.800_mask_15,209.978,209.9785357119763,209.9785357119763,0.039,209.978,209.9785357119763,209.9785357119763,229.156,failover_then_repair,failover_then_background_repair,False,0.6810577139258385
detection,yolo11n,yolov5s,pgd,0.25,0.8,16,rho_0.800_mask_16,209.951,209.9511899789868,209.9511899789868,0.036,209.951,209.9511899789868,209.9511899789868,209.9871899789868,failover_then_repair,failover_then_direct_repair_after_background_infeasible,True,2.144518469460309
detection,yolo11n,yolov5s,pgd,0.25,0.8,17,rho_0.800_mask_17,213.671,213.67181530176092,213.67181530176092,0.036,213.671,213.67181530176092,213.67181530176092,218.023,failover_then_repair,failover_then_background_repair,False,0.657470372505486
detection,yolo11n,yolov5s,pgd,0.25,0.8,18,rho_0.800_mask_18,350.732,350.73238656195826,350.73238656195826,0.036,350.732,350.73238656195826,350.73238656195826,350.76838656195827,failover_then_repair,failover_then_direct_repair_after_background_infeasible,True,2.128819329664111
detection,yolo11n,yolov5s,pgd,0.25,0.8,19,rho_0.800_mask_19,213.671,213.67181530176092,213.67181530176092,0.036,213.671,213.67181530176092,213.67181530176092,218.023,failover_then_repair,failover_then_background_repair,False,0.6695508034899831
detection,yolo11n,yolov5s,pgd,0.25,0.8,20,rho_0.800_mask_20,233.393,233.39384860474456,233.39384860474456,0.036,233.393,233.39384860474456,233.39384860474456,233.42984860474456,failover_then_repair,failover_then_direct_repair_after_background_infeasible,True,2.1675572087988257
detection,yolo11n,yolov5s,pgd,0.25,1.0,0,rho_1.000_nominal,209.946,209.9465552329821,209.9465552329821,0.036,209.946,209.9465552329821,209.9465552329821,218.023,failover_then_repair,failover_then_background_repair,False,0.6735386177897453
detection,yolo11n,yolov5s,pgd,0.5,0.333,1,rho_0.333_mask_01,234.165,234.16465232101476,234.16465232101476,0.039,234.165,234.16465232101476,234.16465232101476,234.20365232101472,failover_then_repair,failover_then_direct_repair_after_background_infeasible,True,2.0858600195497274
detection,yolo11n,yolov5s,pgd,0.5,0.333,2,rho_0.333_mask_02,237.158,237.1578836231747,237.1578836231747,0.069,237.158,237.1578836231747,237.1578836231747,237.2268836231747,failover_then_repair,failover_then_direct_repair_after_background_infeasible,True,2.142234825529158
detection,yolo11n,yolov5s,pgd,0.5,0.333,3,rho_0.333_mask_03,360.799,360.7985953585885,360.7985953585885,0.069,360.799,360.7985953585885,360.7985953585885,360.8675953585885,failover_then_repair,failover_then_direct_repair_after_background_infeasible,True,2.0987852765247226
detection,yolo11n,yolov5s,pgd,0.5,0.333,4,rho_0.333_mask_04,350.737,350.737021307963,350.737021307963,0.069,350.737,350.737021307963,350.737021307963,350.806021307963,failover_then_repair,failover_then_direct_repair_after_background_infeasible,True,2.156896997243166
detection,yolo11n,yolov5s,pgd,0.5,0.333,5,rho_0.333_mask_05,232.813,232.81336417579223,232.81336417579223,0.036,232.813,232.81336417579223,232.81336417579223,232.84936417579223,failover_then_repair,failover_then_direct_repair_after_background_infeasible,True,2.0727635780349374
detection,yolo11n,yolov5s,pgd,0.5,0.333,6,rho_0.333_mask_06,359.542,359.5412545767613,359.5412545767613,0.039,359.542,359.5412545767613,359.5412545767613,359.58025457676126,failover_then_repair,failover_then_direct_repair_after_background_infeasible,True,2.1304266015067697
detection,yolo11n,yolov5s,pgd,0.5,0.333,7,rho_0.333_mask_07,239.09,239.09040198098955,239.09040198098955,0.039,239.09,239.09040198098955,239.09040198098955,239.12940198098957,failover_then_repair,failover_then_direct_repair_after_background_infeasible,True,2.1029763761907816
detection,yolo11n,yolov5s,pgd,0.5,0.333,8,rho_0.333_mask_08,355.844,355.8433402409719,355.8433402409719,0.036,355.844,355.8433402409719,355.8433402409719,355.8793402409719,failover_then_repair,failover_then_direct_repair_after_background_infeasible,True,2.145363757386804
detection,yolo11n,yolov5s,pgd,0.5,0.333,9,rho_0.333_mask_09,359.998,359.9982361493421,359.9982361493421,0.039,359.998,359.9982361493421,359.9982361493421,360.0372361493421,failover_then_repair,failover_then_direct_repair_after_background_infeasible,True,2.125085551291704
detection,yolo11n,yolov5s,pgd,0.5,0.333,10,rho_0.333_mask_10,355.812,355.81135976197766,355.81135976197766,0.069,355.812,355.81135976197766,355.81135976197766,355.8803597619777,failover_then_repair,failover_then_direct_repair_after_background_infeasible,True,2.200913463719189
detection,yolo11n,yolov5s,pgd,0.5,0.333,11,rho_0.333_mask_11,214.901,214.9020756119644,214.9020756119644,0.036,214.901,214.9020756119644,214.9020756119644,214.9380756119644,failover_then_repair,failover_then_direct_repair_after_background_infeasible,True,2.1080091083422303
detection,yolo11n,yolov5s,pgd,0.5,0.333,12,rho_0.333_mask_12,209.946,209.9465552329821,209.9465552329821,0.069,209.946,209.9465552329821,209.9465552329821,210.015,failover_then_repair,failover_then_background_repair,False,0.6380189964547753
detection,yolo11n,yolov5s,pgd,0.5,0.333,13,rho_0.333_mask_13,234.229,234.22834801763747,234.22834801763747,0.036,234.229,234.22834801763747,234.22834801763747,234.26434801763747,failover_then_repair,failover_then_direct_repair_after_background_infeasible,True,2.186109898611903
detection,yolo11n,yolov5s,pgd,0.5,0.333,14,rho_0.333_mask_14,213.703,213.7037957807552,213.7037957807552,0.036,213.703,213.7037957807552,213.7037957807552,213.7397957807552,failover_then_repair,failover_then_direct_repair_after_background_infeasible,True,2.093735447153449
detection,yolo11n,yolov5s,pgd,0.5,0.333,15,rho_0.333_mask_15,213.706,213.70595550540747,213.70595550540747,0.039,213.706,213.70595550540747,213.70595550540747,213.74495550540743,failover_then_repair,failover_then_direct_repair_after_background_infeasible,True,2.106749159283936
detection,yolo11n,yolov5s,pgd,0.5,0.333,16,rho_0.333_mask_16,213.674,213.67424028777896,213.67424028777896,0.039,213.674,213.67424028777896,213.67424028777896,213.71324028777892,failover_then_repair,failover_then_direct_repair_after_background_infeasible,True,2.145965008996427
detection,yolo11n,yolov5s,pgd,0.5,0.333,17,rho_0.333_mask_17,234.197,234.19663280000896,234.19663280000896,0.069,234.197,234.19663280000896,234.19663280000896,234.26563280000892,failover_then_repair,failover_then_direct_repair_after_background_infeasible,True,2.107663587667048
detection,yolo11n,yolov5s,pgd,0.5,0.333,18,rho_0.333_mask_18,354.457,354.45764663073714,354.45764663073714,0.069,354.457,354.45764663073714,354.45764663073714,354.5266466307372,failover_then_repair,failover_then_direct_repair_after_background_infeasible,True,2.151157268323004
detection,yolo11n,yolov5s,pgd,0.5,0.333,19,rho_0.333_mask_19,359.537,359.53661983075654,359.53661983075654,0.069,359.537,359.53661983075654,359.53661983075654,359.6056198307565,failover_then_repair,failover_then_direct_repair_after_background_infeasible,True,2.140528045594692
detection,yolo11n,yolov5s,pgd,0.5,0.333,20,rho_0.333_mask_20,220.013,220.0127640296123,220.0127640296123,0.039,220.013,220.0127640296123,220.0127640296123,220.0517640296123,failover_then_repair,failover_then_direct_repair_after_background_infeasible,True,2.1264139749109745
detection,yolo11n,yolov5s,pgd,0.5,0.4,1,rho_0.400_mask_01,219.185,219.1853243487421,219.1853243487421,0.039,219.185,219.1853243487421,219.1853243487421,219.22432434874213,failover_then_repair,failover_then_direct_repair_after_background_infeasible,True,2.052047736011445
detection,yolo11n,yolov5s,pgd,0.5,0.4,2,rho_0.400_mask_02,218.753,218.75299826176703,218.75299826176703,0.039,218.753,218.75299826176703,218.75299826176703,218.79199826176705,failover_then_repair,failover_then_direct_repair_after_background_infeasible,True,2.0708381133154035
detection,yolo11n,yolov5s,pgd,0.5,0.4,3,rho_0.400_mask_03,213.738,213.7379359844017,213.7379359844017,0.039,213.738,213.7379359844017,213.7379359844017,232.916,failover_then_repair,failover_then_background_repair,False,0.710359575226903
detection,yolo11n,yolov5s,pgd,0.5,0.4,4,rho_0.400_mask_04,237.123,237.12374341952815,237.12374341952815,0.039,237.123,237.12374341952815,237.12374341952815,237.16274341952817,failover_then_repair,failover_then_direct_repair_after_background_infeasible,True,2.0938671827316284
detection,yolo11n,yolov5s,pgd,0.5,0.4,5,rho_0.400_mask_05,350.732,350.73238656195826,350.73238656195826,0.069,350.732,350.73238656195826,350.73238656195826,350.8013865619583,failover_then_repair,failover_then_direct_repair_after_background_infeasible,True,2.0903118615970016
detection,yolo11n,yolov5s,pgd,0.5,0.4,6,rho_0.400_mask_06,214.874,214.8747298789749,214.8747298789749,0.036,214.874,214.8747298789749,214.8747298789749,214.9107298789749,failover_then_repair,failover_then_direct_repair_after_background_infeasible,True,2.1312293838709597
detection,yolo11n,yolov5s,pgd,0.5,0.4,7,rho_0.400_mask_07,350.732,350.73238656195826,350.73238656195826,0.036,350.732,350.73238656195826,350.73238656195826,350.76838656195827,failover_then_repair,failover_then_direct_repair_after_background_infeasible,True,2.130045809783041
detection,yolo11n,yolov5s,pgd,0.5,0.4,8,rho_0.400_mask_08,233.398,233.3984833507493,233.3984833507493,0.036,233.398,233.3984833507493,233.3984833507493,233.4344833507493,failover_then_repair,failover_then_direct_repair_after_background_infeasible,True,2.11502178478986
detection,yolo11n,yolov5s,pgd,0.5,0.4,9,rho_0.400_mask_09,213.711,213.7105902514122,213.7105902514122,0.039,213.711,213.7105902514122,213.7105902514122,213.7495902514122,failover_then_repair,failover_then_direct_repair_after_background_infeasible,True,2.127849974669516
detection,yolo11n,yolov5s,pgd,0.5,0.4,10,rho_0.400_mask_10,237.153,237.15324887717,237.15324887717,0.039,237.153,237.15324887717,237.15324887717,237.192,failover_then_repair,failover_then_background_repair,False,0.6814971109852195
detection,yolo11n,yolov5s,pgd,0.5,0.4,11,rho_0.400_mask_11,359.537,359.53661983075654,359.53661983075654,0.069,359.537,359.53661983075654,359.53661983075654,359.6056198307565,failover_then_repair,failover_then_direct_repair_after_background_infeasible,True,2.114220140501857
detection,yolo11n,yolov5s,pgd,0.5,0.4,12,rho_0.400_mask_12,233.428,233.4279888083911,233.4279888083911,0.036,233.428,233.4279888083911,233.4279888083911,233.4639888083911,failover_then_repair,failover_then_direct_repair_after_background_infeasible,True,2.172492844052613
detection,yolo11n,yolov5s,pgd,0.5,0.4,13,rho_0.400_mask_13,213.679,213.6788750337837,213.6788750337837,0.036,213.679,213.6788750337837,213.6788750337837,218.792,failover_then_repair,failover_then_background_repair,False,0.633493765257299
detection,yolo11n,yolov5s,pgd,0.5,0.4,14,rho_0.400_mask_14,213.706,213.70595550540747,213.70595550540747,0.069,213.706,213.70595550540747,213.70595550540747,213.77495550540743,failover_then_repair,failover_then_direct_repair_after_background_infeasible,True,2.16515407897532
detection,yolo11n,yolov5s,pgd,0.5,0.4,15,rho_0.400_mask_15,219.949,219.94906833298955,219.94906833298955,0.039,219.949,219.94906833298955,219.94906833298955,219.98806833298957,failover_then_repair,failover_then_direct_repair_after_background_infeasible,True,2.0632584569975734
detection,yolo11n,yolov5s,pgd,0.5,0.4,16,rho_0.400_mask_16,354.492,354.4920520957494,354.4920520957494,0.036,354.492,354.4920520957494,354.4920520957494,358.836,failover_then_repair,failover_then_background_repair,False,0.6660776138305664
detection,yolo11n,yolov5s,pgd,0.5,0.4,17,rho_0.400_mask_17,234.165,234.16465232101476,234.16465232101476,0.039,234.165,234.16465232101476,234.16465232101476,234.20365232101472,failover_then_repair,failover_then_direct_repair_after_background_infeasible,True,2.1283826446160674
detection,yolo11n,yolov5s,pgd,0.5,0.4,18,rho_0.400_mask_18,214.909,214.90887008262143,214.90887008262143,0.069,214.909,214.90887008262143,214.90887008262143,214.97787008262145,failover_then_repair,failover_then_direct_repair_after_background_infeasible,True,2.112298708409071
detection,yolo11n,yolov5s,pgd,0.5,0.4,19,rho_0.400_mask_19,355.04,355.0405560457075,355.0405560457075,0.069,355.04,355.0405560457075,355.0405560457075,355.1095560457075,failover_then_repair,failover_then_direct_repair_after_background_infeasible,True,2.098313360475004
detection,yolo11n,yolov5s,pgd,0.5,0.4,20,rho_0.400_mask_20,213.671,213.67181530176092,213.67181530176092,0.069,213.671,213.67181530176092,213.67181530176092,214.938,failover_then_repair,failover_then_background_repair,False,0.6459617894142866
detection,yolo11n,yolov5s,pgd,0.5,0.6,1,rho_0.600_mask_01,213.706,213.70595550540747,213.70595550540747,0.036,213.706,213.70595550540747,213.70595550540747,218.055,failover_then_repair,failover_then_background_repair,False,0.6634136717766523
detection,yolo11n,yolov5s,pgd,0.5,0.6,2,rho_0.600_mask_02,209.946,209.9465552329821,209.9465552329821,0.069,209.946,209.9465552329821,209.9465552329821,210.015,failover_then_repair,failover_then_background_repair,False,0.6635456522926688
detection,yolo11n,yolov5s,pgd,0.5,0.6,3,rho_0.600_mask_03,217.979,217.97998478551017,217.97998478551017,0.036,217.979,217.97998478551017,217.97998478551017,218.023,failover_then_repair,failover_then_background_repair,False,0.705728180706501
detection,yolo11n,yolov5s,pgd,0.5,0.6,4,rho_0.600_mask_04,229.117,229.1176595999896,229.1176595999896,0.039,229.117,229.1176595999896,229.1176595999896,229.156,failover_then_repair,failover_then_background_repair,False,0.6505975956097245
detection,yolo11n,yolov5s,pgd,0.5,0.6,5,rho_0.600_mask_05,218.014,218.0141249891567,218.0141249891567,0.039,218.014,218.0141249891567,218.0141249891567,237.192,failover_then_repair,failover_then_background_repair,False,0.6512725315988064
detection,yolo11n,yolov5s,pgd,0.5,0.6,6,rho_0.600_mask_06,214.869,214.87009513297016,214.87009513297016,0.039,214.869,214.87009513297016,214.87009513297016,214.90909513297012,failover_then_repair,failover_then_direct_repair_after_background_infeasible,True,2.1114758737385277
detection,yolo11n,yolov5s,pgd,0.5,0.6,7,rho_0.600_mask_07,209.946,209.9465552329821,209.9465552329821,0.039,209.946,209.9465552329821,209.9465552329821,229.124,failover_then_repair,failover_then_background_repair,False,0.6658684331923723
detection,yolo11n,yolov5s,pgd,0.5,0.6,8,rho_0.600_mask_08,209.946,209.9465552329821,209.9465552329821,0.036,209.946,209.9465552329821,209.9465552329821,218.05,failover_then_repair,failover_then_background_repair,False,0.6574487816542387
detection,yolo11n,yolov5s,pgd,0.5,0.6,9,rho_0.600_mask_09,229.085,229.0856791209953,229.0856791209953,0.036,229.085,229.0856791209953,229.0856791209953,358.836,failover_then_repair,failover_then_background_repair,False,0.6988142132759094
detection,yolo11n,yolov5s,pgd,0.5,0.6,10,rho_0.600_mask_10,213.676,213.67645004776568,213.67645004776568,0.069,213.676,213.67645004776568,213.67645004776568,213.74545004776567,failover_then_repair,failover_then_direct_repair_after_background_infeasible,True,2.109208847396076
detection,yolo11n,yolov5s,pgd,0.5,0.6,11,rho_0.600_mask_11,233.396,233.39627359076255,233.39627359076255,0.036,233.396,233.39627359076255,233.39627359076255,233.43227359076255,failover_then_repair,failover_then_direct_repair_after_background_infeasible,True,2.134408185258508
detection,yolo11n,yolov5s,pgd,0.5,0.6,12,rho_0.600_mask_12,217.987,217.9870445175329,217.9870445175329,0.039,217.987,217.9870445175329,217.9870445175329,218.0260445175329,failover_then_repair,failover_then_direct_repair_after_background_infeasible,True,2.161712286062538
detection,yolo11n,yolov5s,pgd,0.5,0.6,13,rho_0.600_mask_13,213.706,213.7062207667732,213.7062207667732,0.036,213.706,213.7062207667732,213.7062207667732,218.05,failover_then_repair,failover_then_background_repair,False,0.6740289628505707
detection,yolo11n,yolov5s,pgd,0.5,0.6,14,rho_0.600_mask_14,209.946,209.9465552329821,209.9465552329821,0.036,209.946,209.9465552329821,209.9465552329821,209.9825552329821,failover_then_repair,failover_then_direct_repair_after_background_infeasible,True,2.099857935681939
detection,yolo11n,yolov5s,pgd,0.5,0.6,15,rho_0.600_mask_15,350.732,350.73238656195826,350.73238656195826,0.069,350.732,350.73238656195826,350.73238656195826,350.8013865619583,failover_then_repair,failover_then_direct_repair_after_background_infeasible,True,2.15827064961195
detection,yolo11n,yolov5s,pgd,0.5,0.6,16,rho_0.600_mask_16,233.393,233.39384860474456,233.39384860474456,0.036,233.393,233.39384860474456,233.39384860474456,233.42984860474456,failover_then_repair,failover_then_direct_repair_after_background_infeasible,True,2.1234375266358256
detection,yolo11n,yolov5s,pgd,0.5,0.6,17,rho_0.600_mask_17,218.756,218.75542324778507,218.75542324778507,0.036,218.756,218.75542324778507,218.75542324778507,218.792,failover_then_repair,failover_then_background_repair,False,0.658266069367528
detection,yolo11n,yolov5s,pgd,0.5,0.6,18,rho_0.600_mask_18,209.946,209.9465552329821,209.9465552329821,0.039,209.946,209.9465552329821,209.9465552329821,229.124,failover_then_repair,failover_then_background_repair,False,0.657875225879252
detection,yolo11n,yolov5s,pgd,0.5,0.6,19,rho_0.600_mask_19,232.815,232.81557393577896,232.81557393577896,0.039,232.815,232.81557393577896,232.81557393577896,232.881,failover_then_repair,failover_then_background_repair,False,0.6561807049438357
detection,yolo11n,yolov5s,pgd,0.5,0.6,20,rho_0.600_mask_20,214.257,214.2571497027493,214.2571497027493,0.036,214.257,214.2571497027493,214.2571497027493,218.05,failover_then_repair,failover_then_background_repair,False,0.6518334513530135
detection,yolo11n,yolov5s,pgd,0.5,0.8,1,rho_0.800_mask_01,229.085,229.0856791209953,229.0856791209953,0.036,229.085,229.0856791209953,229.0856791209953,358.836,failover_then_repair,failover_then_background_repair,False,0.6641181046143174
detection,yolo11n,yolov5s,pgd,0.5,0.8,2,rho_0.800_mask_02,209.951,209.9511899789868,209.9511899789868,0.036,209.951,209.9511899789868,209.9511899789868,218.792,failover_then_repair,failover_then_background_repair,False,0.6963628400117159
detection,yolo11n,yolov5s,pgd,0.5,0.8,3,rho_0.800_mask_03,209.949,209.94898021900008,209.94898021900008,0.036,209.949,209.94898021900008,209.94898021900008,218.05,failover_then_repair,failover_then_background_repair,False,0.6436748215928674
detection,yolo11n,yolov5s,pgd,0.5,0.8,4,rho_0.800_mask_04,209.954,209.9536149650048,209.9536149650048,0.069,209.954,209.9536149650048,209.9536149650048,210.023,failover_then_repair,failover_then_background_repair,False,0.6573370452970266
detection,yolo11n,yolov5s,pgd,0.5,0.8,5,rho_0.800_mask_05,229.085,229.0856791209953,229.0856791209953,0.036,229.085,229.0856791209953,229.0856791209953,229.1216791209953,failover_then_repair,failover_then_direct_repair_after_background_infeasible,True,2.115315013565123
detection,yolo11n,yolov5s,pgd,0.5,0.8,6,rho_0.800_mask_06,209.946,209.9465552329821,209.9465552329821,0.036,209.946,209.9465552329821,209.9465552329821,218.023,failover_then_repair,failover_then_background_repair,False,0.6737455809488893
detection,yolo11n,yolov5s,pgd,0.5,0.8,7,rho_0.800_mask_07,209.954,209.9536149650048,209.9536149650048,0.036,209.954,209.9536149650048,209.9536149650048,218.792,failover_then_repair,failover_then_background_repair,False,0.6973314611241221
detection,yolo11n,yolov5s,pgd,0.5,0.8,8,rho_0.800_mask_08,209.946,209.9465552329821,209.9465552329821,0.036,209.946,209.9465552329821,209.9465552329821,218.023,failover_then_repair,failover_then_background_repair,False,0.6707857102155685
detection,yolo11n,yolov5s,pgd,0.5,0.8,9,rho_0.800_mask_09,214.869,214.87009513297016,214.87009513297016,0.036,214.869,214.87009513297016,214.87009513297016,219.221,failover_then_repair,failover_then_background_repair,False,0.6517605073750019
detection,yolo11n,yolov5s,pgd,0.5,0.8,10,rho_0.800_mask_10,209.949,209.94898021900008,209.94898021900008,0.039,209.949,209.94898021900008,209.94898021900008,229.159,failover_then_repair,failover_then_background_repair,False,0.6664017485454679
detection,yolo11n,yolov5s,pgd,0.5,0.8,11,rho_0.800_mask_11,217.979,217.97998478551017,217.97998478551017,0.036,217.979,217.97998478551017,217.97998478551017,218.023,failover_then_repair,failover_then_background_repair,False,0.6668478799983859
detection,yolo11n,yolov5s,pgd,0.5,0.8,12,rho_0.800_mask_12,229.085,229.0856791209953,229.0856791209953,0.036,229.085,229.0856791209953,229.0856791209953,358.809,failover_then_repair,failover_then_background_repair,False,0.6611447613686323
detection,yolo11n,yolov5s,pgd,0.5,0.8,13,rho_0.800_mask_13,209.949,209.94898021900008,209.94898021900008,0.039,209.949,209.94898021900008,209.94898021900008,350.806,failover_then_repair,failover_then_background_repair,False,0.6484158439561725
detection,yolo11n,yolov5s,pgd,0.5,0.8,14,rho_0.800_mask_14,209.951,209.9511899789868,209.9511899789868,0.036,209.951,209.9511899789868,209.9511899789868,218.824,failover_then_repair,failover_then_background_repair,False,0.6644749557599425
detection,yolo11n,yolov5s,pgd,0.5,0.8,15,rho_0.800_mask_15,209.978,209.9785357119763,209.9785357119763,0.039,209.978,209.9785357119763,209.9785357119763,229.156,failover_then_repair,failover_then_background_repair,False,0.6807799693197012
detection,yolo11n,yolov5s,pgd,0.5,0.8,16,rho_0.800_mask_16,209.951,209.9511899789868,209.9511899789868,0.036,209.951,209.9511899789868,209.9511899789868,209.9871899789868,failover_then_repair,failover_then_direct_repair_after_background_infeasible,True,2.1884663589298725
detection,yolo11n,yolov5s,pgd,0.5,0.8,17,rho_0.800_mask_17,213.671,213.67181530176092,213.67181530176092,0.036,213.671,213.67181530176092,213.67181530176092,218.023,failover_then_repair,failover_then_background_repair,False,0.6701904721558094
detection,yolo11n,yolov5s,pgd,0.5,0.8,18,rho_0.800_mask_18,350.732,350.73238656195826,350.73238656195826,0.036,350.732,350.73238656195826,350.73238656195826,350.76838656195827,failover_then_repair,failover_then_direct_repair_after_background_infeasible,True,2.0864390041679144
detection,yolo11n,yolov5s,pgd,0.5,0.8,19,rho_0.800_mask_19,213.671,213.67181530176092,213.67181530176092,0.036,213.671,213.67181530176092,213.67181530176092,218.023,failover_then_repair,failover_then_background_repair,False,0.662236793898046
detection,yolo11n,yolov5s,pgd,0.5,0.8,20,rho_0.800_mask_20,233.393,233.39384860474456,233.39384860474456,0.036,233.393,233.39384860474456,233.39384860474456,233.42984860474456,failover_then_repair,failover_then_direct_repair_after_background_infeasible,True,2.1727464646101
detection,yolo11n,yolov5s,pgd,0.5,1.0,0,rho_1.000_nominal,209.946,209.9465552329821,209.9465552329821,0.036,209.946,209.9465552329821,209.9465552329821,218.023,failover_then_repair,failover_then_background_repair,False,0.6599631579592824
detection,yolo11n,yolov5s,pgd,0.75,0.333,1,rho_0.333_mask_01,234.165,234.16465232101476,234.16465232101476,0.039,234.165,234.16465232101476,234.16465232101476,234.20365232101472,failover_then_repair,failover_then_direct_repair_after_background_infeasible,True,2.1063000578433275
detection,yolo11n,yolov5s,pgd,0.75,0.333,2,rho_0.333_mask_02,237.158,237.1578836231747,237.1578836231747,0.069,237.158,237.1578836231747,237.1578836231747,237.2268836231747,failover_then_repair,failover_then_direct_repair_after_background_infeasible,True,2.098264571279288
detection,yolo11n,yolov5s,pgd,0.75,0.333,3,rho_0.333_mask_03,360.799,360.7985953585885,360.7985953585885,0.069,360.799,360.7985953585885,360.7985953585885,360.8675953585885,failover_then_repair,failover_then_direct_repair_after_background_infeasible,True,2.1460694698616862
detection,yolo11n,yolov5s,pgd,0.75,0.333,4,rho_0.333_mask_04,350.737,350.737021307963,350.737021307963,0.069,350.737,350.737021307963,350.737021307963,350.806021307963,failover_then_repair,failover_then_direct_repair_after_background_infeasible,True,2.109131805598736
detection,yolo11n,yolov5s,pgd,0.75,0.333,5,rho_0.333_mask_05,232.813,232.81336417579223,232.81336417579223,0.036,232.813,232.81336417579223,232.81336417579223,232.84936417579223,failover_then_repair,failover_then_direct_repair_after_background_infeasible,True,2.096944637596607
detection,yolo11n,yolov5s,pgd,0.75,0.333,6,rho_0.333_mask_06,359.542,359.5412545767613,359.5412545767613,0.039,359.542,359.5412545767613,359.5412545767613,359.58025457676126,failover_then_repair,failover_then_direct_repair_after_background_infeasible,True,2.1109708482399583
detection,yolo11n,yolov5s,pgd,0.75,0.333,7,rho_0.333_mask_07,239.09,239.09040198098955,239.09040198098955,0.039,239.09,239.09040198098955,239.09040198098955,239.12940198098957,failover_then_repair,failover_then_direct_repair_after_background_infeasible,True,2.0603365702554584
detection,yolo11n,yolov5s,pgd,0.75,0.333,8,rho_0.333_mask_08,355.844,355.8433402409719,355.8433402409719,0.036,355.844,355.8433402409719,355.8433402409719,355.8793402409719,failover_then_repair,failover_then_direct_repair_after_background_infeasible,True,2.143087660893798
detection,yolo11n,yolov5s,pgd,0.75,0.333,9,rho_0.333_mask_09,359.998,359.9982361493421,359.9982361493421,0.039,359.998,359.9982361493421,359.9982361493421,360.0372361493421,failover_then_repair,failover_then_direct_repair_after_background_infeasible,True,2.1166301257908344
detection,yolo11n,yolov5s,pgd,0.75,0.333,10,rho_0.333_mask_10,355.812,355.81135976197766,355.81135976197766,0.069,355.812,355.81135976197766,355.81135976197766,355.8803597619777,failover_then_repair,failover_then_direct_repair_after_background_infeasible,True,2.1104825539514422
detection,yolo11n,yolov5s,pgd,0.75,0.333,11,rho_0.333_mask_11,214.901,214.9020756119644,214.9020756119644,0.036,214.901,214.9020756119644,214.9020756119644,214.9380756119644,failover_then_repair,failover_then_direct_repair_after_background_infeasible,True,2.074158332310617
detection,yolo11n,yolov5s,pgd,0.75,0.333,12,rho_0.333_mask_12,209.946,209.9465552329821,209.9465552329821,0.069,209.946,209.9465552329821,209.9465552329821,210.015,failover_then_repair,failover_then_background_repair,False,0.6371888229623437
detection,yolo11n,yolov5s,pgd,0.75,0.333,13,rho_0.333_mask_13,234.229,234.22834801763747,234.22834801763747,0.036,234.229,234.22834801763747,234.22834801763747,234.26434801763747,failover_then_repair,failover_then_direct_repair_after_background_infeasible,True,2.139967410825193
detection,yolo11n,yolov5s,pgd,0.75,0.333,14,rho_0.333_mask_14,213.703,213.7037957807552,213.7037957807552,0.036,213.703,213.7037957807552,213.7037957807552,213.7397957807552,failover_then_repair,failover_then_direct_repair_after_background_infeasible,True,2.061803949996829
detection,yolo11n,yolov5s,pgd,0.75,0.333,15,rho_0.333_mask_15,213.706,213.70595550540747,213.70595550540747,0.039,213.706,213.70595550540747,213.70595550540747,213.74495550540743,failover_then_repair,failover_then_direct_repair_after_background_infeasible,True,2.1202681502327323
detection,yolo11n,yolov5s,pgd,0.75,0.333,16,rho_0.333_mask_16,213.674,213.67424028777896,213.67424028777896,0.039,213.674,213.67424028777896,213.67424028777896,213.71324028777892,failover_then_repair,failover_then_direct_repair_after_background_infeasible,True,2.1346834329888225
detection,yolo11n,yolov5s,pgd,0.75,0.333,17,rho_0.333_mask_17,234.197,234.19663280000896,234.19663280000896,0.069,234.197,234.19663280000896,234.19663280000896,234.26563280000892,failover_then_repair,failover_then_direct_repair_after_background_infeasible,True,2.144418423064053
detection,yolo11n,yolov5s,pgd,0.75,0.333,18,rho_0.333_mask_18,354.457,354.45764663073714,354.45764663073714,0.069,354.457,354.45764663073714,354.45764663073714,354.5266466307372,failover_then_repair,failover_then_direct_repair_after_background_infeasible,True,2.097020267508924
detection,yolo11n,yolov5s,pgd,0.75,0.333,19,rho_0.333_mask_19,359.537,359.53661983075654,359.53661983075654,0.069,359.537,359.53661983075654,359.53661983075654,359.6056198307565,failover_then_repair,failover_then_direct_repair_after_background_infeasible,True,2.171082735992968
detection,yolo11n,yolov5s,pgd,0.75,0.333,20,rho_0.333_mask_20,220.013,220.0127640296123,220.0127640296123,0.039,220.013,220.0127640296123,220.0127640296123,220.0517640296123,failover_then_repair,failover_then_direct_repair_after_background_infeasible,True,2.0741704730317
detection,yolo11n,yolov5s,pgd,0.75,0.4,1,rho_0.400_mask_01,219.185,219.1853243487421,219.1853243487421,0.039,219.185,219.1853243487421,219.1853243487421,219.22432434874213,failover_then_repair,failover_then_direct_repair_after_background_infeasible,True,2.0902866404503584
detection,yolo11n,yolov5s,pgd,0.75,0.4,2,rho_0.400_mask_02,218.753,218.75299826176703,218.75299826176703,0.039,218.753,218.75299826176703,218.75299826176703,218.79199826176705,failover_then_repair,failover_then_direct_repair_after_background_infeasible,True,2.0807581711560488
detection,yolo11n,yolov5s,pgd,0.75,0.4,3,rho_0.400_mask_03,213.738,213.7379359844017,213.7379359844017,0.039,213.738,213.7379359844017,213.7379359844017,232.916,failover_then_repair,failover_then_background_repair,False,0.6822450626641512
detection,yolo11n,yolov5s,pgd,0.75,0.4,4,rho_0.400_mask_04,237.123,237.12374341952815,237.12374341952815,0.039,237.123,237.12374341952815,237.12374341952815,237.16274341952817,failover_then_repair,failover_then_direct_repair_after_background_infeasible,True,2.1212293971329927
detection,yolo11n,yolov5s,pgd,0.75,0.4,5,rho_0.400_mask_05,350.732,350.73238656195826,350.73238656195826,0.069,350.732,350.73238656195826,350.73238656195826,350.8013865619583,failover_then_repair,failover_then_direct_repair_after_background_infeasible,True,2.118841110728681
detection,yolo11n,yolov5s,pgd,0.75,0.4,6,rho_0.400_mask_06,214.874,214.8747298789749,214.8747298789749,0.036,214.874,214.8747298789749,214.8747298789749,214.9107298789749,failover_then_repair,failover_then_direct_repair_after_background_infeasible,True,2.140704264864325
detection,yolo11n,yolov5s,pgd,0.75,0.4,7,rho_0.400_mask_07,350.732,350.73238656195826,350.73238656195826,0.036,350.732,350.73238656195826,350.73238656195826,350.76838656195827,failover_then_repair,failover_then_direct_repair_after_background_infeasible,True,2.0849503027275205
detection,yolo11n,yolov5s,pgd,0.75,0.4,8,rho_0.400_mask_08,233.398,233.3984833507493,233.3984833507493,0.036,233.398,233.3984833507493,233.3984833507493,233.4344833507493,failover_then_repair,failover_then_direct_repair_after_background_infeasible,True,2.1062977612018585
detection,yolo11n,yolov5s,pgd,0.75,0.4,9,rho_0.400_mask_09,213.711,213.7105902514122,213.7105902514122,0.039,213.711,213.7105902514122,213.7105902514122,213.7495902514122,failover_then_repair,failover_then_direct_repair_after_background_infeasible,True,2.143580289557576
detection,yolo11n,yolov5s,pgd,0.75,0.4,10,rho_0.400_mask_10,237.153,237.15324887717,237.15324887717,0.039,237.153,237.15324887717,237.15324887717,237.192,failover_then_repair,failover_then_background_repair,False,0.6345059378072619
detection,yolo11n,yolov5s,pgd,0.75,0.4,11,rho_0.400_mask_11,359.537,359.53661983075654,359.53661983075654,0.069,359.537,359.53661983075654,359.53661983075654,359.6056198307565,failover_then_repair,failover_then_direct_repair_after_background_infeasible,True,2.1213503470644355
detection,yolo11n,yolov5s,pgd,0.75,0.4,12,rho_0.400_mask_12,233.428,233.4279888083911,233.4279888083911,0.036,233.428,233.4279888083911,233.4279888083911,233.4639888083911,failover_then_repair,failover_then_direct_repair_after_background_infeasible,True,2.1545779639855027
detection,yolo11n,yolov5s,pgd,0.75,0.4,13,rho_0.400_mask_13,213.679,213.6788750337837,213.6788750337837,0.036,213.679,213.6788750337837,213.6788750337837,218.792,failover_then_repair,failover_then_background_repair,False,0.6486509786918759
detection,yolo11n,yolov5s,pgd,0.75,0.4,14,rho_0.400_mask_14,213.706,213.70595550540747,213.70595550540747,0.069,213.706,213.70595550540747,213.70595550540747,213.77495550540743,failover_then_repair,failover_then_direct_repair_after_background_infeasible,True,2.104092314839363
detection,yolo11n,yolov5s,pgd,0.75,0.4,15,rho_0.400_mask_15,219.949,219.94906833298955,219.94906833298955,0.039,219.949,219.94906833298955,219.94906833298955,219.98806833298957,failover_then_repair,failover_then_direct_repair_after_background_infeasible,True,2.0827718442305923
detection,yolo11n,yolov5s,pgd,0.75,0.4,16,rho_0.400_mask_16,354.492,354.4920520957494,354.4920520957494,0.036,354.492,354.4920520957494,354.4920520957494,358.836,failover_then_repair,failover_then_background_repair,False,0.6361004058271646
detection,yolo11n,yolov5s,pgd,0.75,0.4,17,rho_0.400_mask_17,234.165,234.16465232101476,234.16465232101476,0.039,234.165,234.16465232101476,234.16465232101476,234.20365232101472,failover_then_repair,failover_then_direct_repair_after_background_infeasible,True,2.128384760580957
detection,yolo11n,yolov5s,pgd,0.75,0.4,18,rho_0.400_mask_18,214.909,214.90887008262143,214.90887008262143,0.069,214.909,214.90887008262143,214.90887008262143,214.97787008262145,failover_then_repair,failover_then_direct_repair_after_background_infeasible,True,2.108312792144716
detection,yolo11n,yolov5s,pgd,0.75,0.4,19,rho_0.400_mask_19,355.04,355.0405560457075,355.0405560457075,0.069,355.04,355.0405560457075,355.0405560457075,355.1095560457075,failover_then_repair,failover_then_direct_repair_after_background_infeasible,True,2.092240273952484
detection,yolo11n,yolov5s,pgd,0.75,0.4,20,rho_0.400_mask_20,213.671,213.67181530176092,213.67181530176092,0.069,213.671,213.67181530176092,213.67181530176092,214.938,failover_then_repair,failover_then_background_repair,False,0.6893240381032228
detection,yolo11n,yolov5s,pgd,0.75,0.6,1,rho_0.600_mask_01,213.706,213.70595550540747,213.70595550540747,0.036,213.706,213.70595550540747,213.70595550540747,218.055,failover_then_repair,failover_then_background_repair,False,0.6505644116550684
detection,yolo11n,yolov5s,pgd,0.75,0.6,2,rho_0.600_mask_02,209.946,209.9465552329821,209.9465552329821,0.069,209.946,209.9465552329821,209.9465552329821,210.015,failover_then_repair,failover_then_background_repair,False,0.6530475709587336
detection,yolo11n,yolov5s,pgd,0.75,0.6,3,rho_0.600_mask_03,217.979,217.97998478551017,217.97998478551017,0.036,217.979,217.97998478551017,217.97998478551017,218.023,failover_then_repair,failover_then_background_repair,False,0.6669283472001553
detection,yolo11n,yolov5s,pgd,0.75,0.6,4,rho_0.600_mask_04,229.117,229.1176595999896,229.1176595999896,0.039,229.117,229.1176595999896,229.1176595999896,229.156,failover_then_repair,failover_then_background_repair,False,0.6568460110574961
detection,yolo11n,yolov5s,pgd,0.75,0.6,5,rho_0.600_mask_05,218.014,218.0141249891567,218.0141249891567,0.039,218.014,218.0141249891567,218.0141249891567,237.192,failover_then_repair,failover_then_background_repair,False,0.6568259820342064
detection,yolo11n,yolov5s,pgd,0.75,0.6,6,rho_0.600_mask_06,214.869,214.87009513297016,214.87009513297016,0.039,214.869,214.87009513297016,214.87009513297016,214.90909513297012,failover_then_repair,failover_then_direct_repair_after_background_infeasible,True,2.194588598795235
detection,yolo11n,yolov5s,pgd,0.75,0.6,7,rho_0.600_mask_07,209.946,209.9465552329821,209.9465552329821,0.039,209.946,209.9465552329821,209.9465552329821,229.124,failover_then_repair,failover_then_background_repair,False,0.6482327962294221
detection,yolo11n,yolov5s,pgd,0.75,0.6,8,rho_0.600_mask_08,209.946,209.9465552329821,209.9465552329821,0.036,209.946,209.9465552329821,209.9465552329821,218.05,failover_then_repair,failover_then_background_repair,False,0.6580903315916657
detection,yolo11n,yolov5s,pgd,0.75,0.6,9,rho_0.600_mask_09,229.085,229.0856791209953,229.0856791209953,0.036,229.085,229.0856791209953,229.0856791209953,358.836,failover_then_repair,failover_then_background_repair,False,0.6533155664801598
detection,yolo11n,yolov5s,pgd,0.75,0.6,10,rho_0.600_mask_10,213.676,213.67645004776568,213.67645004776568,0.069,213.676,213.67645004776568,213.67645004776568,213.74545004776567,failover_then_repair,failover_then_direct_repair_after_background_infeasible,True,2.1415713746100664
detection,yolo11n,yolov5s,pgd,0.75,0.6,11,rho_0.600_mask_11,233.396,233.39627359076255,233.39627359076255,0.036,233.396,233.39627359076255,233.39627359076255,233.43227359076255,failover_then_repair,failover_then_direct_repair_after_background_infeasible,True,2.15148351341486
detection,yolo11n,yolov5s,pgd,0.75,0.6,12,rho_0.600_mask_12,217.987,217.9870445175329,217.9870445175329,0.039,217.987,217.9870445175329,217.9870445175329,218.0260445175329,failover_then_repair,failover_then_direct_repair_after_background_infeasible,True,2.168118564411998
detection,yolo11n,yolov5s,pgd,0.75,0.6,13,rho_0.600_mask_13,213.706,213.7062207667732,213.7062207667732,0.036,213.706,213.7062207667732,213.7062207667732,218.05,failover_then_repair,failover_then_background_repair,False,0.6487423153594136
detection,yolo11n,yolov5s,pgd,0.75,0.6,14,rho_0.600_mask_14,209.946,209.9465552329821,209.9465552329821,0.036,209.946,209.9465552329821,209.9465552329821,209.9825552329821,failover_then_repair,failover_then_direct_repair_after_background_infeasible,True,2.102937901392579
detection,yolo11n,yolov5s,pgd,0.75,0.6,15,rho_0.600_mask_15,350.732,350.73238656195826,350.73238656195826,0.069,350.732,350.73238656195826,350.73238656195826,350.8013865619583,failover_then_repair,failover_then_direct_repair_after_background_infeasible,True,2.17390722874552
detection,yolo11n,yolov5s,pgd,0.75,0.6,16,rho_0.600_mask_16,233.393,233.39384860474456,233.39384860474456,0.036,233.393,233.39384860474456,233.39384860474456,233.42984860474456,failover_then_repair,failover_then_direct_repair_after_background_infeasible,True,2.126210887916386
detection,yolo11n,yolov5s,pgd,0.75,0.6,17,rho_0.600_mask_17,218.756,218.75542324778507,218.75542324778507,0.036,218.756,218.75542324778507,218.75542324778507,218.792,failover_then_repair,failover_then_background_repair,False,0.6548692164942622
detection,yolo11n,yolov5s,pgd,0.75,0.6,18,rho_0.600_mask_18,209.946,209.9465552329821,209.9465552329821,0.039,209.946,209.9465552329821,209.9465552329821,229.124,failover_then_repair,failover_then_background_repair,False,0.6636722357943654
detection,yolo11n,yolov5s,pgd,0.75,0.6,19,rho_0.600_mask_19,232.815,232.81557393577896,232.81557393577896,0.039,232.815,232.81557393577896,232.81557393577896,232.881,failover_then_repair,failover_then_background_repair,False,0.6437186617404222
detection,yolo11n,yolov5s,pgd,0.75,0.6,20,rho_0.600_mask_20,214.257,214.2571497027493,214.2571497027493,0.036,214.257,214.2571497027493,214.2571497027493,218.05,failover_then_repair,failover_then_background_repair,False,0.6680141305550933
detection,yolo11n,yolov5s,pgd,0.75,0.8,1,rho_0.800_mask_01,229.085,229.0856791209953,229.0856791209953,0.036,229.085,229.0856791209953,229.0856791209953,358.836,failover_then_repair,failover_then_background_repair,False,0.6357144508510828
detection,yolo11n,yolov5s,pgd,0.75,0.8,2,rho_0.800_mask_02,209.951,209.9511899789868,209.9511899789868,0.036,209.951,209.9511899789868,209.9511899789868,218.792,failover_then_repair,failover_then_background_repair,False,0.6604853328317404
detection,yolo11n,yolov5s,pgd,0.75,0.8,3,rho_0.800_mask_03,209.949,209.94898021900008,209.94898021900008,0.036,209.949,209.94898021900008,209.94898021900008,218.05,failover_then_repair,failover_then_background_repair,False,0.6579993022605777
detection,yolo11n,yolov5s,pgd,0.75,0.8,4,rho_0.800_mask_04,209.954,209.9536149650048,209.9536149650048,0.069,209.954,209.9536149650048,209.9536149650048,210.023,failover_then_repair,failover_then_background_repair,False,0.6535186190158129
detection,yolo11n,yolov5s,pgd,0.75,0.8,5,rho_0.800_mask_05,229.085,229.0856791209953,229.0856791209953,0.036,229.085,229.0856791209953,229.0856791209953,229.1216791209953,failover_then_repair,failover_then_direct_repair_after_background_infeasible,True,2.182210464961827
detection,yolo11n,yolov5s,pgd,0.75,0.8,6,rho_0.800_mask_06,209.946,209.9465552329821,209.9465552329821,0.036,209.946,209.9465552329821,209.9465552329821,218.023,failover_then_repair,failover_then_background_repair,False,0.6621573073789477
detection,yolo11n,yolov5s,pgd,0.75,0.8,7,rho_0.800_mask_07,209.954,209.9536149650048,209.9536149650048,0.036,209.954,209.9536149650048,209.9536149650048,218.792,failover_then_repair,failover_then_background_repair,False,0.6513613350689411
detection,yolo11n,yolov5s,pgd,0.75,0.8,8,rho_0.800_mask_08,209.946,209.9465552329821,209.9465552329821,0.036,209.946,209.9465552329821,209.9465552329821,218.023,failover_then_repair,failover_then_background_repair,False,0.6532136285677552
detection,yolo11n,yolov5s,pgd,0.75,0.8,9,rho_0.800_mask_09,214.869,214.87009513297016,214.87009513297016,0.036,214.869,214.87009513297016,214.87009513297016,219.221,failover_then_repair,failover_then_background_repair,False,0.6470343014225364
detection,yolo11n,yolov5s,pgd,0.75,0.8,10,rho_0.800_mask_10,209.949,209.94898021900008,209.94898021900008,0.039,209.949,209.94898021900008,209.94898021900008,229.159,failover_then_repair,failover_then_background_repair,False,0.6442440515384078
detection,yolo11n,yolov5s,pgd,0.75,0.8,11,rho_0.800_mask_11,217.979,217.97998478551017,217.97998478551017,0.036,217.979,217.97998478551017,217.97998478551017,218.023,failover_then_repair,failover_then_background_repair,False,0.6557794902473688
detection,yolo11n,yolov5s,pgd,0.75,0.8,12,rho_0.800_mask_12,229.085,229.0856791209953,229.0856791209953,0.036,229.085,229.0856791209953,229.0856791209953,358.809,failover_then_repair,failover_then_background_repair,False,0.6485172342509031
detection,yolo11n,yolov5s,pgd,0.75,0.8,13,rho_0.800_mask_13,209.949,209.94898021900008,209.94898021900008,0.039,209.949,209.94898021900008,209.94898021900008,350.806,failover_then_repair,failover_then_background_repair,False,0.6472117751836777
detection,yolo11n,yolov5s,pgd,0.75,0.8,14,rho_0.800_mask_14,209.951,209.9511899789868,209.9511899789868,0.036,209.951,209.9511899789868,209.9511899789868,218.824,failover_then_repair,failover_then_background_repair,False,0.6558925732970238
detection,yolo11n,yolov5s,pgd,0.75,0.8,15,rho_0.800_mask_15,209.978,209.9785357119763,209.9785357119763,0.039,209.978,209.9785357119763,209.9785357119763,229.156,failover_then_repair,failover_then_background_repair,False,0.6616535969078541
detection,yolo11n,yolov5s,pgd,0.75,0.8,16,rho_0.800_mask_16,209.951,209.9511899789868,209.9511899789868,0.036,209.951,209.9511899789868,209.9511899789868,209.9871899789868,failover_then_repair,failover_then_direct_repair_after_background_infeasible,True,2.130652383901179
detection,yolo11n,yolov5s,pgd,0.75,0.8,17,rho_0.800_mask_17,213.671,213.67181530176092,213.67181530176092,0.036,213.671,213.67181530176092,213.67181530176092,218.023,failover_then_repair,failover_then_background_repair,False,0.6542911529541016
detection,yolo11n,yolov5s,pgd,0.75,0.8,18,rho_0.800_mask_18,350.732,350.73238656195826,350.73238656195826,0.036,350.732,350.73238656195826,350.73238656195826,350.76838656195827,failover_then_repair,failover_then_direct_repair_after_background_infeasible,True,2.1263897866010666
detection,yolo11n,yolov5s,pgd,0.75,0.8,19,rho_0.800_mask_19,213.671,213.67181530176092,213.67181530176092,0.036,213.671,213.67181530176092,213.67181530176092,218.023,failover_then_repair,failover_then_background_repair,False,0.6668136995285749
detection,yolo11n,yolov5s,pgd,0.75,0.8,20,rho_0.800_mask_20,233.393,233.39384860474456,233.39384860474456,0.036,233.393,233.39384860474456,233.39384860474456,233.42984860474456,failover_then_repair,failover_then_direct_repair_after_background_infeasible,True,2.1410162448883057
detection,yolo11n,yolov5s,pgd,0.75,1.0,0,rho_1.000_nominal,209.946,209.9465552329821,209.9465552329821,0.036,209.946,209.9465552329821,209.9465552329821,218.023,failover_then_repair,failover_then_background_repair,False,0.6781819891184568
detection,yolo11n,yolov5s,pgd,1.0,0.333,1,rho_0.333_mask_01,234.165,234.16465232101476,234.16465232101476,0.039,234.165,234.16465232101476,234.16465232101476,234.20365232101472,failover_then_repair,failover_then_direct_repair_after_background_infeasible,True,2.104001616127789
detection,yolo11n,yolov5s,pgd,1.0,0.333,2,rho_0.333_mask_02,237.158,237.1578836231747,237.1578836231747,0.069,237.158,237.1578836231747,237.1578836231747,237.2268836231747,failover_then_repair,failover_then_direct_repair_after_background_infeasible,True,2.161922167055309
detection,yolo11n,yolov5s,pgd,1.0,0.333,3,rho_0.333_mask_03,360.799,360.7985953585885,360.7985953585885,0.069,360.799,360.7985953585885,360.7985953585885,360.8675953585885,failover_then_repair,failover_then_direct_repair_after_background_infeasible,True,2.127325863577425
detection,yolo11n,yolov5s,pgd,1.0,0.333,4,rho_0.333_mask_04,350.737,350.737021307963,350.737021307963,0.069,350.737,350.737021307963,350.737021307963,350.806021307963,failover_then_repair,failover_then_direct_repair_after_background_infeasible,True,2.1511901821941137
detection,yolo11n,yolov5s,pgd,1.0,0.333,5,rho_0.333_mask_05,232.813,232.81336417579223,232.81336417579223,0.036,232.813,232.81336417579223,232.81336417579223,232.84936417579223,failover_then_repair,failover_then_direct_repair_after_background_infeasible,True,2.0670981984585524
detection,yolo11n,yolov5s,pgd,1.0,0.333,6,rho_0.333_mask_06,359.542,359.5412545767613,359.5412545767613,0.039,359.542,359.5412545767613,359.5412545767613,359.58025457676126,failover_then_repair,failover_then_direct_repair_after_background_infeasible,True,2.108262059278786
detection,yolo11n,yolov5s,pgd,1.0,0.333,7,rho_0.333_mask_07,239.09,239.09040198098955,239.09040198098955,0.039,239.09,239.09040198098955,239.09040198098955,239.12940198098957,failover_then_repair,failover_then_direct_repair_after_background_infeasible,True,2.08479358907789
detection,yolo11n,yolov5s,pgd,1.0,0.333,8,rho_0.333_mask_08,355.844,355.8433402409719,355.8433402409719,0.036,355.844,355.8433402409719,355.8433402409719,355.8793402409719,failover_then_repair,failover_then_direct_repair_after_background_infeasible,True,2.1409527277573943
detection,yolo11n,yolov5s,pgd,1.0,0.333,9,rho_0.333_mask_09,359.998,359.9982361493421,359.9982361493421,0.039,359.998,359.9982361493421,359.9982361493421,360.0372361493421,failover_then_repair,failover_then_direct_repair_after_background_infeasible,True,2.113031846471131
detection,yolo11n,yolov5s,pgd,1.0,0.333,10,rho_0.333_mask_10,355.812,355.81135976197766,355.81135976197766,0.069,355.812,355.81135976197766,355.81135976197766,355.8803597619777,failover_then_repair,failover_then_direct_repair_after_background_infeasible,True,2.1550198141485453
detection,yolo11n,yolov5s,pgd,1.0,0.333,11,rho_0.333_mask_11,214.901,214.9020756119644,214.9020756119644,0.036,214.901,214.9020756119644,214.9020756119644,214.9380756119644,failover_then_repair,failover_then_direct_repair_after_background_infeasible,True,2.0799692710861564
detection,yolo11n,yolov5s,pgd,1.0,0.333,12,rho_0.333_mask_12,209.946,209.9465552329821,209.9465552329821,0.069,209.946,209.9465552329821,209.9465552329821,210.015,failover_then_repair,failover_then_background_repair,False,0.6400704188272357
detection,yolo11n,yolov5s,pgd,1.0,0.333,13,rho_0.333_mask_13,234.229,234.22834801763747,234.22834801763747,0.036,234.229,234.22834801763747,234.22834801763747,234.26434801763747,failover_then_repair,failover_then_direct_repair_after_background_infeasible,True,2.1373032070696354
detection,yolo11n,yolov5s,pgd,1.0,0.333,14,rho_0.333_mask_14,213.703,213.7037957807552,213.7037957807552,0.036,213.703,213.7037957807552,213.7037957807552,213.7397957807552,failover_then_repair,failover_then_direct_repair_after_background_infeasible,True,2.0652184560894966
detection,yolo11n,yolov5s,pgd,1.0,0.333,15,rho_0.333_mask_15,213.706,213.70595550540747,213.70595550540747,0.039,213.706,213.70595550540747,213.70595550540747,213.74495550540743,failover_then_repair,failover_then_direct_repair_after_background_infeasible,True,2.111575586721301
detection,yolo11n,yolov5s,pgd,1.0,0.333,16,rho_0.333_mask_16,213.674,213.67424028777896,213.67424028777896,0.039,213.674,213.67424028777896,213.67424028777896,213.71324028777892,failover_then_repair,failover_then_direct_repair_after_background_infeasible,True,2.126100443303585
detection,yolo11n,yolov5s,pgd,1.0,0.333,17,rho_0.333_mask_17,234.197,234.19663280000896,234.19663280000896,0.069,234.197,234.19663280000896,234.19663280000896,234.26563280000892,failover_then_repair,failover_then_direct_repair_after_background_infeasible,True,2.1198446387425065
detection,yolo11n,yolov5s,pgd,1.0,0.333,18,rho_0.333_mask_18,354.457,354.45764663073714,354.45764663073714,0.069,354.457,354.45764663073714,354.45764663073714,354.5266466307372,failover_then_repair,failover_then_direct_repair_after_background_infeasible,True,2.1249081818386912
detection,yolo11n,yolov5s,pgd,1.0,0.333,19,rho_0.333_mask_19,359.537,359.53661983075654,359.53661983075654,0.069,359.537,359.53661983075654,359.53661983075654,359.6056198307565,failover_then_repair,failover_then_direct_repair_after_background_infeasible,True,2.101995138451457
detection,yolo11n,yolov5s,pgd,1.0,0.333,20,rho_0.333_mask_20,220.013,220.0127640296123,220.0127640296123,0.039,220.013,220.0127640296123,220.0127640296123,220.0517640296123,failover_then_repair,failover_then_direct_repair_after_background_infeasible,True,2.116552423685789
detection,yolo11n,yolov5s,pgd,1.0,0.4,1,rho_0.400_mask_01,219.185,219.1853243487421,219.1853243487421,0.039,219.185,219.1853243487421,219.1853243487421,219.22432434874213,failover_then_repair,failover_then_direct_repair_after_background_infeasible,True,2.096219301223755
detection,yolo11n,yolov5s,pgd,1.0,0.4,2,rho_0.400_mask_02,218.753,218.75299826176703,218.75299826176703,0.039,218.753,218.75299826176703,218.75299826176703,218.79199826176705,failover_then_repair,failover_then_direct_repair_after_background_infeasible,True,2.0941006764769554
detection,yolo11n,yolov5s,pgd,1.0,0.4,3,rho_0.400_mask_03,213.738,213.7379359844017,213.7379359844017,0.039,213.738,213.7379359844017,213.7379359844017,232.916,failover_then_repair,failover_then_background_repair,False,0.6835259376093745
detection,yolo11n,yolov5s,pgd,1.0,0.4,4,rho_0.400_mask_04,237.123,237.12374341952815,237.12374341952815,0.039,237.123,237.12374341952815,237.12374341952815,237.16274341952817,failover_then_repair,failover_then_direct_repair_after_background_infeasible,True,2.1198219899088144
detection,yolo11n,yolov5s,pgd,1.0,0.4,5,rho_0.400_mask_05,350.732,350.73238656195826,350.73238656195826,0.069,350.732,350.73238656195826,350.73238656195826,350.8013865619583,failover_then_repair,failover_then_direct_repair_after_background_infeasible,True,2.1223115045577288
detection,yolo11n,yolov5s,pgd,1.0,0.4,6,rho_0.400_mask_06,214.874,214.8747298789749,214.8747298789749,0.036,214.874,214.8747298789749,214.8747298789749,214.9107298789749,failover_then_repair,failover_then_direct_repair_after_background_infeasible,True,2.09857242461294
detection,yolo11n,yolov5s,pgd,1.0,0.4,7,rho_0.400_mask_07,350.732,350.73238656195826,350.73238656195826,0.036,350.732,350.73238656195826,350.73238656195826,350.76838656195827,failover_then_repair,failover_then_direct_repair_after_background_infeasible,True,2.0973596097901464
detection,yolo11n,yolov5s,pgd,1.0,0.4,8,rho_0.400_mask_08,233.398,233.3984833507493,233.3984833507493,0.036,233.398,233.3984833507493,233.3984833507493,233.4344833507493,failover_then_repair,failover_then_direct_repair_after_background_infeasible,True,2.113912540487945
detection,yolo11n,yolov5s,pgd,1.0,0.4,9,rho_0.400_mask_09,213.711,213.7105902514122,213.7105902514122,0.039,213.711,213.7105902514122,213.7105902514122,213.7495902514122,failover_then_repair,failover_then_direct_repair_after_background_infeasible,True,2.132904180325568
detection,yolo11n,yolov5s,pgd,1.0,0.4,10,rho_0.400_mask_10,237.153,237.15324887717,237.15324887717,0.039,237.153,237.15324887717,237.15324887717,237.192,failover_then_repair,failover_then_background_repair,False,0.6875624163076282
detection,yolo11n,yolov5s,pgd,1.0,0.4,11,rho_0.400_mask_11,359.537,359.53661983075654,359.53661983075654,0.069,359.537,359.53661983075654,359.53661983075654,359.6056198307565,failover_then_repair,failover_then_direct_repair_after_background_infeasible,True,2.0943107465282083
detection,yolo11n,yolov5s,pgd,1.0,0.4,12,rho_0.400_mask_12,233.428,233.4279888083911,233.4279888083911,0.036,233.428,233.4279888083911,233.4279888083911,233.4639888083911,failover_then_repair,failover_then_direct_repair_after_background_infeasible,True,2.1394745903089643
detection,yolo11n,yolov5s,pgd,1.0,0.4,13,rho_0.400_mask_13,213.679,213.6788750337837,213.6788750337837,0.036,213.679,213.6788750337837,213.6788750337837,218.792,failover_then_repair,failover_then_background_repair,False,0.6408325163647532
detection,yolo11n,yolov5s,pgd,1.0,0.4,14,rho_0.400_mask_14,213.706,213.70595550540747,213.70595550540747,0.069,213.706,213.70595550540747,213.70595550540747,213.77495550540743,failover_then_repair,failover_then_direct_repair_after_background_infeasible,True,2.151442566886544
detection,yolo11n,yolov5s,pgd,1.0,0.4,15,rho_0.400_mask_15,219.949,219.94906833298955,219.94906833298955,0.039,219.949,219.94906833298955,219.94906833298955,219.98806833298957,failover_then_repair,failover_then_direct_repair_after_background_infeasible,True,2.133735644631088
detection,yolo11n,yolov5s,pgd,1.0,0.4,16,rho_0.400_mask_16,354.492,354.4920520957494,354.4920520957494,0.036,354.492,354.4920520957494,354.4920520957494,358.836,failover_then_repair,failover_then_background_repair,False,0.6660443339496851
detection,yolo11n,yolov5s,pgd,1.0,0.4,17,rho_0.400_mask_17,234.165,234.16465232101476,234.16465232101476,0.039,234.165,234.16465232101476,234.16465232101476,234.20365232101472,failover_then_repair,failover_then_direct_repair_after_background_infeasible,True,2.154704261571169
detection,yolo11n,yolov5s,pgd,1.0,0.4,18,rho_0.400_mask_18,214.909,214.90887008262143,214.90887008262143,0.069,214.909,214.90887008262143,214.90887008262143,214.97787008262145,failover_then_repair,failover_then_direct_repair_after_background_infeasible,True,2.134657809510827
detection,yolo11n,yolov5s,pgd,1.0,0.4,19,rho_0.400_mask_19,355.04,355.0405560457075,355.0405560457075,0.069,355.04,355.0405560457075,355.0405560457075,355.1095560457075,failover_then_repair,failover_then_direct_repair_after_background_infeasible,True,2.0834991354495287
detection,yolo11n,yolov5s,pgd,1.0,0.4,20,rho_0.400_mask_20,213.671,213.67181530176092,213.67181530176092,0.069,213.671,213.67181530176092,213.67181530176092,214.938,failover_then_repair,failover_then_background_repair,False,0.6373173948377371
detection,yolo11n,yolov5s,pgd,1.0,0.6,1,rho_0.600_mask_01,213.706,213.70595550540747,213.70595550540747,0.036,213.706,213.70595550540747,213.70595550540747,218.055,failover_then_repair,failover_then_background_repair,False,0.6636713799089193
detection,yolo11n,yolov5s,pgd,1.0,0.6,2,rho_0.600_mask_02,209.946,209.9465552329821,209.9465552329821,0.069,209.946,209.9465552329821,209.9465552329821,210.015,failover_then_repair,failover_then_background_repair,False,0.6493319496512413
detection,yolo11n,yolov5s,pgd,1.0,0.6,3,rho_0.600_mask_03,217.979,217.97998478551017,217.97998478551017,0.036,217.979,217.97998478551017,217.97998478551017,218.023,failover_then_repair,failover_then_background_repair,False,0.7190072629600763
detection,yolo11n,yolov5s,pgd,1.0,0.6,4,rho_0.600_mask_04,229.117,229.1176595999896,229.1176595999896,0.039,229.117,229.1176595999896,229.1176595999896,229.156,failover_then_repair,failover_then_background_repair,False,0.6423591654747725
detection,yolo11n,yolov5s,pgd,1.0,0.6,5,rho_0.600_mask_05,218.014,218.0141249891567,218.0141249891567,0.039,218.014,218.0141249891567,218.0141249891567,237.192,failover_then_repair,failover_then_background_repair,False,0.6564988261088729
detection,yolo11n,yolov5s,pgd,1.0,0.6,6,rho_0.600_mask_06,214.869,214.87009513297016,214.87009513297016,0.039,214.869,214.87009513297016,214.87009513297016,214.90909513297012,failover_then_repair,failover_then_direct_repair_after_background_infeasible,True,2.137413214892149
detection,yolo11n,yolov5s,pgd,1.0,0.6,7,rho_0.600_mask_07,209.946,209.9465552329821,209.9465552329821,0.039,209.946,209.9465552329821,209.9465552329821,229.124,failover_then_repair,failover_then_background_repair,False,0.6546687027439475
detection,yolo11n,yolov5s,pgd,1.0,0.6,8,rho_0.600_mask_08,209.946,209.9465552329821,209.9465552329821,0.036,209.946,209.9465552329821,209.9465552329821,218.05,failover_then_repair,failover_then_background_repair,False,0.6488818190991879
detection,yolo11n,yolov5s,pgd,1.0,0.6,9,rho_0.600_mask_09,229.085,229.0856791209953,229.0856791209953,0.036,229.085,229.0856791209953,229.0856791209953,358.836,failover_then_repair,failover_then_background_repair,False,0.7005351595580578
detection,yolo11n,yolov5s,pgd,1.0,0.6,10,rho_0.600_mask_10,213.676,213.67645004776568,213.67645004776568,0.069,213.676,213.67645004776568,213.67645004776568,213.74545004776567,failover_then_repair,failover_then_direct_repair_after_background_infeasible,True,2.118184354156256
detection,yolo11n,yolov5s,pgd,1.0,0.6,11,rho_0.600_mask_11,233.396,233.39627359076255,233.39627359076255,0.036,233.396,233.39627359076255,233.39627359076255,233.43227359076255,failover_then_repair,failover_then_direct_repair_after_background_infeasible,True,2.1433685710653663
detection,yolo11n,yolov5s,pgd,1.0,0.6,12,rho_0.600_mask_12,217.987,217.9870445175329,217.9870445175329,0.039,217.987,217.9870445175329,217.9870445175329,218.0260445175329,failover_then_repair,failover_then_direct_repair_after_background_infeasible,True,2.1491502299904823
detection,yolo11n,yolov5s,pgd,1.0,0.6,13,rho_0.600_mask_13,213.706,213.7062207667732,213.7062207667732,0.036,213.706,213.7062207667732,213.7062207667732,218.05,failover_then_repair,failover_then_background_repair,False,0.6551770819351077
detection,yolo11n,yolov5s,pgd,1.0,0.6,14,rho_0.600_mask_14,209.946,209.9465552329821,209.9465552329821,0.036,209.946,209.9465552329821,209.9465552329821,209.9825552329821,failover_then_repair,failover_then_direct_repair_after_background_infeasible,True,2.086917443200946
detection,yolo11n,yolov5s,pgd,1.0,0.6,15,rho_0.600_mask_15,350.732,350.73238656195826,350.73238656195826,0.069,350.732,350.73238656195826,350.73238656195826,350.8013865619583,failover_then_repair,failover_then_direct_repair_after_background_infeasible,True,2.159990751184523
detection,yolo11n,yolov5s,pgd,1.0,0.6,16,rho_0.600_mask_16,233.393,233.39384860474456,233.39384860474456,0.036,233.393,233.39384860474456,233.39384860474456,233.42984860474456,failover_then_repair,failover_then_direct_repair_after_background_infeasible,True,2.105728853493929
detection,yolo11n,yolov5s,pgd,1.0,0.6,17,rho_0.600_mask_17,218.756,218.75542324778507,218.75542324778507,0.036,218.756,218.75542324778507,218.75542324778507,218.792,failover_then_repair,failover_then_background_repair,False,0.6499635139480233
detection,yolo11n,yolov5s,pgd,1.0,0.6,18,rho_0.600_mask_18,209.946,209.9465552329821,209.9465552329821,0.039,209.946,209.9465552329821,209.9465552329821,229.124,failover_then_repair,failover_then_background_repair,False,0.6711364509537816
detection,yolo11n,yolov5s,pgd,1.0,0.6,19,rho_0.600_mask_19,232.815,232.81557393577896,232.81557393577896,0.039,232.815,232.81557393577896,232.81557393577896,232.881,failover_then_repair,failover_then_background_repair,False,0.6413730690255761
detection,yolo11n,yolov5s,pgd,1.0,0.6,20,rho_0.600_mask_20,214.257,214.2571497027493,214.2571497027493,0.036,214.257,214.2571497027493,214.2571497027493,218.05,failover_then_repair,failover_then_background_repair,False,0.6500517074018717
detection,yolo11n,yolov5s,pgd,1.0,0.8,1,rho_0.800_mask_01,229.085,229.0856791209953,229.0856791209953,0.036,229.085,229.0856791209953,229.0856791209953,358.836,failover_then_repair,failover_then_background_repair,False,0.654846454039216
detection,yolo11n,yolov5s,pgd,1.0,0.8,2,rho_0.800_mask_02,209.951,209.9511899789868,209.9511899789868,0.036,209.951,209.9511899789868,209.9511899789868,218.792,failover_then_repair,failover_then_background_repair,False,0.7087285732850432
detection,yolo11n,yolov5s,pgd,1.0,0.8,3,rho_0.800_mask_03,209.949,209.94898021900008,209.94898021900008,0.036,209.949,209.94898021900008,209.94898021900008,218.05,failover_then_repair,failover_then_background_repair,False,0.6481844931840897
detection,yolo11n,yolov5s,pgd,1.0,0.8,4,rho_0.800_mask_04,209.954,209.9536149650048,209.9536149650048,0.069,209.954,209.9536149650048,209.9536149650048,210.023,failover_then_repair,failover_then_background_repair,False,0.6829634523019195
detection,yolo11n,yolov5s,pgd,1.0,0.8,5,rho_0.800_mask_05,229.085,229.0856791209953,229.0856791209953,0.036,229.085,229.0856791209953,229.0856791209953,229.1216791209953,failover_then_repair,failover_then_direct_repair_after_background_infeasible,True,2.1133614461869
detection,yolo11n,yolov5s,pgd,1.0,0.8,6,rho_0.800_mask_06,209.946,209.9465552329821,209.9465552329821,0.036,209.946,209.9465552329821,209.9465552329821,218.023,failover_then_repair,failover_then_background_repair,False,0.6696345722302794
detection,yolo11n,yolov5s,pgd,1.0,0.8,7,rho_0.800_mask_07,209.954,209.9536149650048,209.9536149650048,0.036,209.954,209.9536149650048,209.9536149650048,218.792,failover_then_repair,failover_then_background_repair,False,0.6701201163232327
detection,yolo11n,yolov5s,pgd,1.0,0.8,8,rho_0.800_mask_08,209.946,209.9465552329821,209.9465552329821,0.036,209.946,209.9465552329821,209.9465552329821,218.023,failover_then_repair,failover_then_background_repair,False,0.6631283825263381
detection,yolo11n,yolov5s,pgd,1.0,0.8,9,rho_0.800_mask_09,214.869,214.87009513297016,214.87009513297016,0.036,214.869,214.87009513297016,214.87009513297016,219.221,failover_then_repair,failover_then_background_repair,False,0.643771450035274
detection,yolo11n,yolov5s,pgd,1.0,0.8,10,rho_0.800_mask_10,209.949,209.94898021900008,209.94898021900008,0.039,209.949,209.94898021900008,209.94898021900008,229.159,failover_then_repair,failover_then_background_repair,False,0.6569871641695499
detection,yolo11n,yolov5s,pgd,1.0,0.8,11,rho_0.800_mask_11,217.979,217.97998478551017,217.97998478551017,0.036,217.979,217.97998478551017,217.97998478551017,218.023,failover_then_repair,failover_then_background_repair,False,0.6472915783524513
detection,yolo11n,yolov5s,pgd,1.0,0.8,12,rho_0.800_mask_12,229.085,229.0856791209953,229.0856791209953,0.036,229.085,229.0856791209953,229.0856791209953,358.809,failover_then_repair,failover_then_background_repair,False,0.6772647127509117
detection,yolo11n,yolov5s,pgd,1.0,0.8,13,rho_0.800_mask_13,209.949,209.94898021900008,209.94898021900008,0.039,209.949,209.94898021900008,209.94898021900008,350.806,failover_then_repair,failover_then_background_repair,False,0.6581332553178072
detection,yolo11n,yolov5s,pgd,1.0,0.8,14,rho_0.800_mask_14,209.951,209.9511899789868,209.9511899789868,0.036,209.951,209.9511899789868,209.9511899789868,218.824,failover_then_repair,failover_then_background_repair,False,0.6724622948095202
detection,yolo11n,yolov5s,pgd,1.0,0.8,15,rho_0.800_mask_15,209.978,209.9785357119763,209.9785357119763,0.039,209.978,209.9785357119763,209.9785357119763,229.156,failover_then_repair,failover_then_background_repair,False,0.6544615859165788
detection,yolo11n,yolov5s,pgd,1.0,0.8,16,rho_0.800_mask_16,209.951,209.9511899789868,209.9511899789868,0.036,209.951,209.9511899789868,209.9511899789868,209.9871899789868,failover_then_repair,failover_then_direct_repair_after_background_infeasible,True,2.1501846965402365
detection,yolo11n,yolov5s,pgd,1.0,0.8,17,rho_0.800_mask_17,213.671,213.67181530176092,213.67181530176092,0.036,213.671,213.67181530176092,213.67181530176092,218.023,failover_then_repair,failover_then_background_repair,False,0.6683418247848749
detection,yolo11n,yolov5s,pgd,1.0,0.8,18,rho_0.800_mask_18,350.732,350.73238656195826,350.73238656195826,0.036,350.732,350.73238656195826,350.73238656195826,350.76838656195827,failover_then_repair,failover_then_direct_repair_after_background_infeasible,True,2.0859726602211595
detection,yolo11n,yolov5s,pgd,1.0,0.8,19,rho_0.800_mask_19,213.671,213.67181530176092,213.67181530176092,0.036,213.671,213.67181530176092,213.67181530176092,218.023,failover_then_repair,failover_then_background_repair,False,0.6685819495469332
detection,yolo11n,yolov5s,pgd,1.0,0.8,20,rho_0.800_mask_20,233.393,233.39384860474456,233.39384860474456,0.036,233.393,233.39384860474456,233.39384860474456,233.42984860474456,failover_then_repair,failover_then_direct_repair_after_background_infeasible,True,2.164328883402049
detection,yolo11n,yolov5s,pgd,1.0,1.0,0,rho_1.000_nominal,209.946,209.9465552329821,209.9465552329821,0.036,209.946,209.9465552329821,209.9465552329821,218.023,failover_then_repair,failover_then_background_repair,False,0.6680657649412751
hvac,lstm,random_forest,additive_bias,0.0,0.333,1,rho_0.333_mask_01,0.0,0.0,0.0,0.0,0.0,0.0,0.0,0.0,no_recovery_required,baseline_or_no_recovery,False,0.0
hvac,lstm,random_forest,additive_bias,0.0,0.333,2,rho_0.333_mask_02,0.0,0.0,0.0,0.0,0.0,0.0,0.0,0.0,no_recovery_required,baseline_or_no_recovery,False,0.0
hvac,lstm,random_forest,additive_bias,0.0,0.333,3,rho_0.333_mask_03,0.0,0.0,0.0,0.0,0.0,0.0,0.0,0.0,no_recovery_required,baseline_or_no_recovery,False,0.0
hvac,lstm,random_forest,additive_bias,0.0,0.333,4,rho_0.333_mask_04,0.0,0.0,0.0,0.0,0.0,0.0,0.0,0.0,no_recovery_required,baseline_or_no_recovery,False,0.0
hvac,lstm,random_forest,additive_bias,0.0,0.333,5,rho_0.333_mask_05,0.0,0.0,0.0,0.0,0.0,0.0,0.0,0.0,no_recovery_required,baseline_or_no_recovery,False,0.0
hvac,lstm,random_forest,additive_bias,0.0,0.333,6,rho_0.333_mask_06,0.0,0.0,0.0,0.0,0.0,0.0,0.0,0.0,no_recovery_required,baseline_or_no_recovery,False,0.0
hvac,lstm,random_forest,additive_bias,0.0,0.333,7,rho_0.333_mask_07,0.0,0.0,0.0,0.0,0.0,0.0,0.0,0.0,no_recovery_required,baseline_or_no_recovery,False,0.0
hvac,lstm,random_forest,additive_bias,0.0,0.333,8,rho_0.333_mask_08,0.0,0.0,0.0,0.0,0.0,0.0,0.0,0.0,no_recovery_required,baseline_or_no_recovery,False,0.0
hvac,lstm,random_forest,additive_bias,0.0,0.333,9,rho_0.333_mask_09,0.0,0.0,0.0,0.0,0.0,0.0,0.0,0.0,no_recovery_required,baseline_or_no_recovery,False,0.0
hvac,lstm,random_forest,additive_bias,0.0,0.333,10,rho_0.333_mask_10,0.0,0.0,0.0,0.0,0.0,0.0,0.0,0.0,no_recovery_required,baseline_or_no_recovery,False,0.0
hvac,lstm,random_forest,additive_bias,0.0,0.333,11,rho_0.333_mask_11,0.0,0.0,0.0,0.0,0.0,0.0,0.0,0.0,no_recovery_required,baseline_or_no_recovery,False,0.0
hvac,lstm,random_forest,additive_bias,0.0,0.333,12,rho_0.333_mask_12,0.0,0.0,0.0,0.0,0.0,0.0,0.0,0.0,no_recovery_required,baseline_or_no_recovery,False,0.0
hvac,lstm,random_forest,additive_bias,0.0,0.333,13,rho_0.333_mask_13,0.0,0.0,0.0,0.0,0.0,0.0,0.0,0.0,no_recovery_required,baseline_or_no_recovery,False,0.0
hvac,lstm,random_forest,additive_bias,0.0,0.333,14,rho_0.333_mask_14,0.0,0.0,0.0,0.0,0.0,0.0,0.0,0.0,no_recovery_required,baseline_or_no_recovery,False,0.0
hvac,lstm,random_forest,additive_bias,0.0,0.333,15,rho_0.333_mask_15,0.0,0.0,0.0,0.0,0.0,0.0,0.0,0.0,no_recovery_required,baseline_or_no_recovery,False,0.0
hvac,lstm,random_forest,additive_bias,0.0,0.333,16,rho_0.333_mask_16,0.0,0.0,0.0,0.0,0.0,0.0,0.0,0.0,no_recovery_required,baseline_or_no_recovery,False,0.0
hvac,lstm,random_forest,additive_bias,0.0,0.333,17,rho_0.333_mask_17,0.0,0.0,0.0,0.0,0.0,0.0,0.0,0.0,no_recovery_required,baseline_or_no_recovery,False,0.0
hvac,lstm,random_forest,additive_bias,0.0,0.333,18,rho_0.333_mask_18,0.0,0.0,0.0,0.0,0.0,0.0,0.0,0.0,no_recovery_required,baseline_or_no_recovery,False,0.0
hvac,lstm,random_forest,additive_bias,0.0,0.333,19,rho_0.333_mask_19,0.0,0.0,0.0,0.0,0.0,0.0,0.0,0.0,no_recovery_required,baseline_or_no_recovery,False,0.0
hvac,lstm,random_forest,additive_bias,0.0,0.333,20,rho_0.333_mask_20,0.0,0.0,0.0,0.0,0.0,0.0,0.0,0.0,no_recovery_required,baseline_or_no_recovery,False,0.0
hvac,lstm,random_forest,additive_bias,0.0,0.4,1,rho_0.400_mask_01,0.0,0.0,0.0,0.0,0.0,0.0,0.0,0.0,no_recovery_required,baseline_or_no_recovery,False,0.0
hvac,lstm,random_forest,additive_bias,0.0,0.4,2,rho_0.400_mask_02,0.0,0.0,0.0,0.0,0.0,0.0,0.0,0.0,no_recovery_required,baseline_or_no_recovery,False,0.0
hvac,lstm,random_forest,additive_bias,0.0,0.4,3,rho_0.400_mask_03,0.0,0.0,0.0,0.0,0.0,0.0,0.0,0.0,no_recovery_required,baseline_or_no_recovery,False,0.0
hvac,lstm,random_forest,additive_bias,0.0,0.4,4,rho_0.400_mask_04,0.0,0.0,0.0,0.0,0.0,0.0,0.0,0.0,no_recovery_required,baseline_or_no_recovery,False,0.0
hvac,lstm,random_forest,additive_bias,0.0,0.4,5,rho_0.400_mask_05,0.0,0.0,0.0,0.0,0.0,0.0,0.0,0.0,no_recovery_required,baseline_or_no_recovery,False,0.0
hvac,lstm,random_forest,additive_bias,0.0,0.4,6,rho_0.400_mask_06,0.0,0.0,0.0,0.0,0.0,0.0,0.0,0.0,no_recovery_required,baseline_or_no_recovery,False,0.0
hvac,lstm,random_forest,additive_bias,0.0,0.4,7,rho_0.400_mask_07,0.0,0.0,0.0,0.0,0.0,0.0,0.0,0.0,no_recovery_required,baseline_or_no_recovery,False,0.0
hvac,lstm,random_forest,additive_bias,0.0,0.4,8,rho_0.400_mask_08,0.0,0.0,0.0,0.0,0.0,0.0,0.0,0.0,no_recovery_required,baseline_or_no_recovery,False,0.0
hvac,lstm,random_forest,additive_bias,0.0,0.4,9,rho_0.400_mask_09,0.0,0.0,0.0,0.0,0.0,0.0,0.0,0.0,no_recovery_required,baseline_or_no_recovery,False,0.0
hvac,lstm,random_forest,additive_bias,0.0,0.4,10,rho_0.400_mask_10,0.0,0.0,0.0,0.0,0.0,0.0,0.0,0.0,no_recovery_required,baseline_or_no_recovery,False,0.0
hvac,lstm,random_forest,additive_bias,0.0,0.4,11,rho_0.400_mask_11,0.0,0.0,0.0,0.0,0.0,0.0,0.0,0.0,no_recovery_required,baseline_or_no_recovery,False,0.0
hvac,lstm,random_forest,additive_bias,0.0,0.4,12,rho_0.400_mask_12,0.0,0.0,0.0,0.0,0.0,0.0,0.0,0.0,no_recovery_required,baseline_or_no_recovery,False,0.0
hvac,lstm,random_forest,additive_bias,0.0,0.4,13,rho_0.400_mask_13,0.0,0.0,0.0,0.0,0.0,0.0,0.0,0.0,no_recovery_required,baseline_or_no_recovery,False,0.0
hvac,lstm,random_forest,additive_bias,0.0,0.4,14,rho_0.400_mask_14,0.0,0.0,0.0,0.0,0.0,0.0,0.0,0.0,no_recovery_required,baseline_or_no_recovery,False,0.0
hvac,lstm,random_forest,additive_bias,0.0,0.4,15,rho_0.400_mask_15,0.0,0.0,0.0,0.0,0.0,0.0,0.0,0.0,no_recovery_required,baseline_or_no_recovery,False,0.0
hvac,lstm,random_forest,additive_bias,0.0,0.4,16,rho_0.400_mask_16,0.0,0.0,0.0,0.0,0.0,0.0,0.0,0.0,no_recovery_required,baseline_or_no_recovery,False,0.0
hvac,lstm,random_forest,additive_bias,0.0,0.4,17,rho_0.400_mask_17,0.0,0.0,0.0,0.0,0.0,0.0,0.0,0.0,no_recovery_required,baseline_or_no_recovery,False,0.0
hvac,lstm,random_forest,additive_bias,0.0,0.4,18,rho_0.400_mask_18,0.0,0.0,0.0,0.0,0.0,0.0,0.0,0.0,no_recovery_required,baseline_or_no_recovery,False,0.0
hvac,lstm,random_forest,additive_bias,0.0,0.4,19,rho_0.400_mask_19,0.0,0.0,0.0,0.0,0.0,0.0,0.0,0.0,no_recovery_required,baseline_or_no_recovery,False,0.0
hvac,lstm,random_forest,additive_bias,0.0,0.4,20,rho_0.400_mask_20,0.0,0.0,0.0,0.0,0.0,0.0,0.0,0.0,no_recovery_required,baseline_or_no_recovery,False,0.0
hvac,lstm,random_forest,additive_bias,0.0,0.6,1,rho_0.600_mask_01,0.0,0.0,0.0,0.0,0.0,0.0,0.0,0.0,no_recovery_required,baseline_or_no_recovery,False,0.0
hvac,lstm,random_forest,additive_bias,0.0,0.6,2,rho_0.600_mask_02,0.0,0.0,0.0,0.0,0.0,0.0,0.0,0.0,no_recovery_required,baseline_or_no_recovery,False,0.0
hvac,lstm,random_forest,additive_bias,0.0,0.6,3,rho_0.600_mask_03,0.0,0.0,0.0,0.0,0.0,0.0,0.0,0.0,no_recovery_required,baseline_or_no_recovery,False,0.0
hvac,lstm,random_forest,additive_bias,0.0,0.6,4,rho_0.600_mask_04,0.0,0.0,0.0,0.0,0.0,0.0,0.0,0.0,no_recovery_required,baseline_or_no_recovery,False,0.0
hvac,lstm,random_forest,additive_bias,0.0,0.6,5,rho_0.600_mask_05,0.0,0.0,0.0,0.0,0.0,0.0,0.0,0.0,no_recovery_required,baseline_or_no_recovery,False,0.0
hvac,lstm,random_forest,additive_bias,0.0,0.6,6,rho_0.600_mask_06,0.0,0.0,0.0,0.0,0.0,0.0,0.0,0.0,no_recovery_required,baseline_or_no_recovery,False,0.0
hvac,lstm,random_forest,additive_bias,0.0,0.6,7,rho_0.600_mask_07,0.0,0.0,0.0,0.0,0.0,0.0,0.0,0.0,no_recovery_required,baseline_or_no_recovery,False,0.0
hvac,lstm,random_forest,additive_bias,0.0,0.6,8,rho_0.600_mask_08,0.0,0.0,0.0,0.0,0.0,0.0,0.0,0.0,no_recovery_required,baseline_or_no_recovery,False,0.0
hvac,lstm,random_forest,additive_bias,0.0,0.6,9,rho_0.600_mask_09,0.0,0.0,0.0,0.0,0.0,0.0,0.0,0.0,no_recovery_required,baseline_or_no_recovery,False,0.0
hvac,lstm,random_forest,additive_bias,0.0,0.6,10,rho_0.600_mask_10,0.0,0.0,0.0,0.0,0.0,0.0,0.0,0.0,no_recovery_required,baseline_or_no_recovery,False,0.0
hvac,lstm,random_forest,additive_bias,0.0,0.6,11,rho_0.600_mask_11,0.0,0.0,0.0,0.0,0.0,0.0,0.0,0.0,no_recovery_required,baseline_or_no_recovery,False,0.0
hvac,lstm,random_forest,additive_bias,0.0,0.6,12,rho_0.600_mask_12,0.0,0.0,0.0,0.0,0.0,0.0,0.0,0.0,no_recovery_required,baseline_or_no_recovery,False,0.0
hvac,lstm,random_forest,additive_bias,0.0,0.6,13,rho_0.600_mask_13,0.0,0.0,0.0,0.0,0.0,0.0,0.0,0.0,no_recovery_required,baseline_or_no_recovery,False,0.0
hvac,lstm,random_forest,additive_bias,0.0,0.6,14,rho_0.600_mask_14,0.0,0.0,0.0,0.0,0.0,0.0,0.0,0.0,no_recovery_required,baseline_or_no_recovery,False,0.0
hvac,lstm,random_forest,additive_bias,0.0,0.6,15,rho_0.600_mask_15,0.0,0.0,0.0,0.0,0.0,0.0,0.0,0.0,no_recovery_required,baseline_or_no_recovery,False,0.0
hvac,lstm,random_forest,additive_bias,0.0,0.6,16,rho_0.600_mask_16,0.0,0.0,0.0,0.0,0.0,0.0,0.0,0.0,no_recovery_required,baseline_or_no_recovery,False,0.0
hvac,lstm,random_forest,additive_bias,0.0,0.6,17,rho_0.600_mask_17,0.0,0.0,0.0,0.0,0.0,0.0,0.0,0.0,no_recovery_required,baseline_or_no_recovery,False,0.0
hvac,lstm,random_forest,additive_bias,0.0,0.6,18,rho_0.600_mask_18,0.0,0.0,0.0,0.0,0.0,0.0,0.0,0.0,no_recovery_required,baseline_or_no_recovery,False,0.0
hvac,lstm,random_forest,additive_bias,0.0,0.6,19,rho_0.600_mask_19,0.0,0.0,0.0,0.0,0.0,0.0,0.0,0.0,no_recovery_required,baseline_or_no_recovery,False,0.0
hvac,lstm,random_forest,additive_bias,0.0,0.6,20,rho_0.600_mask_20,0.0,0.0,0.0,0.0,0.0,0.0,0.0,0.0,no_recovery_required,baseline_or_no_recovery,False,0.0
hvac,lstm,random_forest,additive_bias,0.0,0.8,1,rho_0.800_mask_01,0.0,0.0,0.0,0.0,0.0,0.0,0.0,0.0,no_recovery_required,baseline_or_no_recovery,False,0.0
hvac,lstm,random_forest,additive_bias,0.0,0.8,2,rho_0.800_mask_02,0.0,0.0,0.0,0.0,0.0,0.0,0.0,0.0,no_recovery_required,baseline_or_no_recovery,False,0.0
hvac,lstm,random_forest,additive_bias,0.0,0.8,3,rho_0.800_mask_03,0.0,0.0,0.0,0.0,0.0,0.0,0.0,0.0,no_recovery_required,baseline_or_no_recovery,False,0.0
hvac,lstm,random_forest,additive_bias,0.0,0.8,4,rho_0.800_mask_04,0.0,0.0,0.0,0.0,0.0,0.0,0.0,0.0,no_recovery_required,baseline_or_no_recovery,False,0.0
hvac,lstm,random_forest,additive_bias,0.0,0.8,5,rho_0.800_mask_05,0.0,0.0,0.0,0.0,0.0,0.0,0.0,0.0,no_recovery_required,baseline_or_no_recovery,False,0.0
hvac,lstm,random_forest,additive_bias,0.0,0.8,6,rho_0.800_mask_06,0.0,0.0,0.0,0.0,0.0,0.0,0.0,0.0,no_recovery_required,baseline_or_no_recovery,False,0.0
hvac,lstm,random_forest,additive_bias,0.0,0.8,7,rho_0.800_mask_07,0.0,0.0,0.0,0.0,0.0,0.0,0.0,0.0,no_recovery_required,baseline_or_no_recovery,False,0.0
hvac,lstm,random_forest,additive_bias,0.0,0.8,8,rho_0.800_mask_08,0.0,0.0,0.0,0.0,0.0,0.0,0.0,0.0,no_recovery_required,baseline_or_no_recovery,False,0.0
hvac,lstm,random_forest,additive_bias,0.0,0.8,9,rho_0.800_mask_09,0.0,0.0,0.0,0.0,0.0,0.0,0.0,0.0,no_recovery_required,baseline_or_no_recovery,False,0.0
hvac,lstm,random_forest,additive_bias,0.0,0.8,10,rho_0.800_mask_10,0.0,0.0,0.0,0.0,0.0,0.0,0.0,0.0,no_recovery_required,baseline_or_no_recovery,False,0.0
hvac,lstm,random_forest,additive_bias,0.0,0.8,11,rho_0.800_mask_11,0.0,0.0,0.0,0.0,0.0,0.0,0.0,0.0,no_recovery_required,baseline_or_no_recovery,False,0.0
hvac,lstm,random_forest,additive_bias,0.0,0.8,12,rho_0.800_mask_12,0.0,0.0,0.0,0.0,0.0,0.0,0.0,0.0,no_recovery_required,baseline_or_no_recovery,False,0.0
hvac,lstm,random_forest,additive_bias,0.0,0.8,13,rho_0.800_mask_13,0.0,0.0,0.0,0.0,0.0,0.0,0.0,0.0,no_recovery_required,baseline_or_no_recovery,False,0.0
hvac,lstm,random_forest,additive_bias,0.0,0.8,14,rho_0.800_mask_14,0.0,0.0,0.0,0.0,0.0,0.0,0.0,0.0,no_recovery_required,baseline_or_no_recovery,False,0.0
hvac,lstm,random_forest,additive_bias,0.0,0.8,15,rho_0.800_mask_15,0.0,0.0,0.0,0.0,0.0,0.0,0.0,0.0,no_recovery_required,baseline_or_no_recovery,False,0.0
hvac,lstm,random_forest,additive_bias,0.0,0.8,16,rho_0.800_mask_16,0.0,0.0,0.0,0.0,0.0,0.0,0.0,0.0,no_recovery_required,baseline_or_no_recovery,False,0.0
hvac,lstm,random_forest,additive_bias,0.0,0.8,17,rho_0.800_mask_17,0.0,0.0,0.0,0.0,0.0,0.0,0.0,0.0,no_recovery_required,baseline_or_no_recovery,False,0.0
hvac,lstm,random_forest,additive_bias,0.0,0.8,18,rho_0.800_mask_18,0.0,0.0,0.0,0.0,0.0,0.0,0.0,0.0,no_recovery_required,baseline_or_no_recovery,False,0.0
hvac,lstm,random_forest,additive_bias,0.0,0.8,19,rho_0.800_mask_19,0.0,0.0,0.0,0.0,0.0,0.0,0.0,0.0,no_recovery_required,baseline_or_no_recovery,False,0.0
hvac,lstm,random_forest,additive_bias,0.0,0.8,20,rho_0.800_mask_20,0.0,0.0,0.0,0.0,0.0,0.0,0.0,0.0,no_recovery_required,baseline_or_no_recovery,False,0.0
hvac,lstm,random_forest,additive_bias,0.0,1.0,0,rho_1.000_nominal,0.0,0.0,0.0,0.0,0.0,0.0,0.0,0.0,no_recovery_required,baseline_or_no_recovery,False,0.0
hvac,lstm,random_forest,additive_bias,0.25,0.333,1,rho_0.333_mask_01,72.51,72.50985757201852,72.50985757201852,72.50985757201852,72.51,72.50985757201852,72.50985757201852,72.50985757201852,repair_primary,replica_event_joint_direct_repair,False,1.5763805247843266
hvac,lstm,random_forest,additive_bias,0.25,0.333,2,rho_0.333_mask_02,157.131,157.13130372019805,157.13130372019805,157.13130372019805,157.131,157.13130372019805,157.13130372019805,157.13130372019805,repair_primary,replica_event_joint_direct_repair,False,1.5156841417774558
hvac,lstm,random_forest,additive_bias,0.25,0.333,3,rho_0.333_mask_03,90.077,90.07774197714024,90.07774197714024,90.07774197714024,90.077,90.07774197714024,90.07774197714024,90.07774197714024,repair_primary,replica_event_joint_direct_repair,False,1.5320765236392615
hvac,lstm,random_forest,additive_bias,0.25,0.333,4,rho_0.333_mask_04,74.417,74.41714735273854,74.41714735273854,74.41714735273854,74.417,74.41714735273854,74.41714735273854,74.41714735273854,repair_primary,replica_event_joint_direct_repair,False,1.5227948389947414
hvac,lstm,random_forest,additive_bias,0.25,0.333,5,rho_0.333_mask_05,154.743,154.74282818134816,154.74282818134816,154.74282818134816,154.743,154.74282818134816,154.74282818134816,154.74282818134816,repair_primary,replica_event_joint_direct_repair,False,1.5247743371874094
hvac,lstm,random_forest,additive_bias,0.25,0.333,6,rho_0.333_mask_06,87.666,87.66707332600345,87.66707332600345,87.66707332600345,87.666,87.66707332600345,87.66707332600345,87.66707332600345,repair_primary,replica_event_joint_direct_repair,False,1.5649902578443289
hvac,lstm,random_forest,additive_bias,0.25,0.333,7,rho_0.333_mask_07,88.365,88.36449223425734,88.36449223425734,88.36449223425734,88.365,88.36449223425734,88.36449223425734,88.36449223425734,repair_primary,replica_event_joint_direct_repair,False,1.5304520335048435
hvac,lstm,random_forest,additive_bias,0.25,0.333,8,rho_0.333_mask_08,74.392,74.39264630147954,74.39264630147954,74.39264630147954,74.392,74.39264630147954,74.39264630147954,74.39264630147954,repair_primary,replica_event_joint_direct_repair,False,1.519810258410871
hvac,lstm,random_forest,additive_bias,0.25,0.333,9,rho_0.333_mask_09,155.425,155.4246518223481,155.4246518223481,155.4246518223481,155.425,155.4246518223481,155.4246518223481,155.4246518223481,repair_primary,replica_event_joint_direct_repair,False,1.543479879386723
hvac,lstm,random_forest,additive_bias,0.25,0.333,10,rho_0.333_mask_10,87.712,87.71264928747405,87.71264928747405,87.71264928747405,87.712,87.71264928747405,87.71264928747405,87.71264928747405,repair_primary,replica_event_joint_direct_repair,False,1.530817087739706
hvac,lstm,random_forest,additive_bias,0.25,0.333,11,rho_0.333_mask_11,87.691,87.69193569724303,87.69193569724303,87.69193569724303,87.691,87.69193569724303,87.69193569724303,87.69193569724303,repair_primary,replica_event_joint_direct_repair,False,1.526520574465394
hvac,lstm,random_forest,additive_bias,0.25,0.333,12,rho_0.333_mask_12,91.955,91.9554123836242,91.9554123836242,91.9554123836242,91.955,91.9554123836242,91.9554123836242,91.9554123836242,repair_primary,replica_event_joint_direct_repair,False,1.530113264918327
hvac,lstm,random_forest,additive_bias,0.25,0.333,13,rho_0.333_mask_13,89.391,89.39213087511234,89.39213087511234,89.39213087511234,89.391,89.39213087511234,89.39213087511234,89.39213087511234,repair_primary,replica_event_joint_direct_repair,False,1.561371935531497
hvac,lstm,random_forest,additive_bias,0.25,0.333,14,rho_0.333_mask_14,155.402,155.4029611550941,155.4029611550941,155.4029611550941,155.402,155.4029611550941,155.4029611550941,155.4029611550941,repair_primary,replica_event_joint_direct_repair,False,1.5565725276246667
hvac,lstm,random_forest,additive_bias,0.25,0.333,15,rho_0.333_mask_15,72.508,72.50888049499554,72.50888049499554,72.50888049499554,72.508,72.50888049499554,72.50888049499554,72.50888049499554,repair_primary,replica_event_joint_direct_repair,False,1.5466117095202208
hvac,lstm,random_forest,additive_bias,0.25,0.333,16,rho_0.333_mask_16,157.303,157.30232222883205,157.30232222883205,157.30232222883205,157.303,157.30232222883205,157.30232222883205,157.30232222883205,repair_primary,replica_event_joint_direct_repair,False,1.5589975090697408
hvac,lstm,random_forest,additive_bias,0.25,0.333,17,rho_0.333_mask_17,90.218,90.2176615894823,90.2176615894823,90.2176615894823,90.218,90.2176615894823,90.2176615894823,90.2176615894823,repair_primary,replica_event_joint_direct_repair,False,1.5526018980890512
hvac,lstm,random_forest,additive_bias,0.25,0.333,18,rho_0.333_mask_18,154.067,154.06709994034827,154.06709994034827,154.06709994034827,154.067,154.06709994034827,154.06709994034827,154.06709994034827,repair_primary,replica_event_joint_direct_repair,False,1.507258037105203
hvac,lstm,random_forest,additive_bias,0.25,0.333,19,rho_0.333_mask_19,87.691,87.69193569724303,87.69193569724303,87.69193569724303,87.691,87.69193569724303,87.69193569724303,87.69193569724303,repair_primary,replica_event_joint_direct_repair,False,1.5743532832711935
hvac,lstm,random_forest,additive_bias,0.25,0.333,20,rho_0.333_mask_20,72.533,72.53338154625453,72.53338154625453,72.53338154625453,72.533,72.53338154625453,72.53338154625453,72.53338154625453,repair_primary,replica_event_joint_direct_repair,False,1.5575866205617783
hvac,lstm,random_forest,additive_bias,0.25,0.4,1,rho_0.400_mask_01,71.836,71.83693971502362,71.83693971502362,71.83693971502362,71.836,71.83693971502362,71.83693971502362,71.83693971502362,repair_primary,replica_event_joint_direct_repair,False,1.53364535048604
hvac,lstm,random_forest,additive_bias,0.25,0.4,2,rho_0.400_mask_02,91.976,91.97648729383582,91.97648729383582,91.97648729383582,91.976,91.97648729383582,91.97648729383582,91.97648729383582,repair_primary,replica_event_joint_direct_repair,False,1.5296932496130466
hvac,lstm,random_forest,additive_bias,0.25,0.4,3,rho_0.400_mask_03,74.944,74.94354775235843,74.94354775235843,74.94354775235843,74.944,74.94354775235843,74.94354775235843,74.94354775235843,repair_primary,replica_event_joint_direct_repair,False,1.5604349551722407
hvac,lstm,random_forest,additive_bias,0.25,0.4,4,rho_0.400_mask_04,87.687,87.68814823621506,87.68814823621506,87.68814823621506,87.687,87.68814823621506,87.68814823621506,87.68814823621506,repair_primary,replica_event_joint_direct_repair,False,1.5560270622372627
hvac,lstm,random_forest,additive_bias,0.25,0.4,5,rho_0.400_mask_05,157.301,157.30170647178966,157.30170647178966,157.30170647178966,157.301,157.30170647178966,157.30170647178966,157.30170647178966,repair_primary,replica_event_joint_direct_repair,False,1.5477976063266397
hvac,lstm,random_forest,additive_bias,0.25,0.4,6,rho_0.400_mask_06,87.664,87.66426294199846,87.66426294199846,87.66426294199846,87.664,87.66426294199846,87.66426294199846,87.66426294199846,repair_primary,replica_event_joint_direct_repair,False,1.5538564855232837
hvac,lstm,random_forest,additive_bias,0.25,0.4,7,rho_0.400_mask_07,74.264,74.26453449536348,74.26453449536348,74.26453449536348,74.264,74.26453449536348,74.26453449536348,74.26453449536348,repair_primary,replica_event_joint_direct_repair,False,1.60026562679559
hvac,lstm,random_forest,additive_bias,0.25,0.4,8,rho_0.400_mask_08,159.036,159.036285561946,159.036285561946,159.036285561946,159.036,159.036285561946,159.036285561946,159.036285561946,repair_primary,replica_event_joint_direct_repair,False,1.5427104476839304
hvac,lstm,random_forest,additive_bias,0.25,0.4,9,rho_0.400_mask_09,74.285,74.28560940557509,74.28560940557509,74.28560940557509,74.285,74.28560940557509,74.28560940557509,74.28560940557509,repair_primary,replica_event_joint_direct_repair,False,1.5496740946546197
hvac,lstm,random_forest,additive_bias,0.25,0.4,10,rho_0.400_mask_10,88.365,88.36449223425734,88.36449223425734,88.36449223425734,88.365,88.36449223425734,88.36449223425734,88.36449223425734,repair_primary,replica_event_joint_direct_repair,False,1.5287416763603687
hvac,lstm,random_forest,additive_bias,0.25,0.4,11,rho_0.400_mask_11,75.091,75.09006520973344,75.09006520973344,75.09006520973344,75.091,75.09006520973344,75.09006520973344,75.09006520973344,repair_primary,replica_event_joint_direct_repair,False,1.5729338014498353
hvac,lstm,random_forest,additive_bias,0.25,0.4,12,rho_0.400_mask_12,75.068,75.06837454247943,75.06837454247943,75.06837454247943,75.068,75.06837454247943,75.06837454247943,75.06837454247943,repair_primary,replica_event_joint_direct_repair,False,1.5329974247142673
hvac,lstm,random_forest,additive_bias,0.25,0.4,13,rho_0.400_mask_13,87.005,87.00632459521512,87.00632459521512,87.00632459521512,87.005,87.00632459521512,87.00632459521512,87.00632459521512,repair_primary,replica_event_joint_direct_repair,False,1.5305088544264436
hvac,lstm,random_forest,additive_bias,0.25,0.4,14,rho_0.400_mask_14,72.518,72.51876335602356,72.51876335602356,72.51876335602356,72.518,72.51876335602356,72.51876335602356,72.51876335602356,repair_primary,replica_event_joint_direct_repair,False,1.583304826170206
hvac,lstm,random_forest,additive_bias,0.25,0.4,15,rho_0.400_mask_15,74.39,74.38983591747456,74.38983591747456,74.38983591747456,74.39,74.38983591747456,74.38983591747456,74.38983591747456,repair_primary,replica_event_joint_direct_repair,False,1.52873108163476
hvac,lstm,random_forest,additive_bias,0.25,0.4,16,rho_0.400_mask_16,74.241,74.24101052112746,74.24101052112746,74.24101052112746,74.241,74.24101052112746,74.24101052112746,74.24101052112746,repair_primary,replica_event_joint_direct_repair,False,1.5648276703432202
hvac,lstm,random_forest,additive_bias,0.25,0.4,17,rho_0.400_mask_17,88.365,88.36449223425734,88.36449223425734,88.36449223425734,88.365,88.36449223425734,88.36449223425734,88.36449223425734,repair_primary,replica_event_joint_direct_repair,False,1.6098834425210953
hvac,lstm,random_forest,additive_bias,0.25,0.4,18,rho_0.400_mask_18,89.542,89.54193334848242,89.54193334848242,89.54193334848242,89.542,89.54193334848242,89.54193334848242,89.54193334848242,repair_primary,replica_event_joint_direct_repair,False,1.5122761018574238
hvac,lstm,random_forest,additive_bias,0.25,0.4,19,rho_0.400_mask_19,76.822,76.82121815884238,76.82121815884238,76.82121815884238,76.822,76.82121815884238,76.82121815884238,76.82121815884238,repair_primary,replica_event_joint_direct_repair,False,1.5473481435328722
hvac,lstm,random_forest,additive_bias,0.25,0.4,20,rho_0.400_mask_20,156.449,156.4494800791981,156.4494800791981,156.4494800791981,156.449,156.4494800791981,156.4494800791981,156.4494800791981,repair_primary,replica_event_joint_direct_repair,False,1.542040822096169
hvac,lstm,random_forest,additive_bias,0.25,0.6,1,rho_0.600_mask_01,74.413,74.41372121169115,74.41372121169115,74.41372121169115,74.413,74.41372121169115,74.41372121169115,74.41372121169115,repair_primary,replica_event_joint_direct_repair,False,1.5605035601183772
hvac,lstm,random_forest,additive_bias,0.25,0.6,2,rho_0.600_mask_02,71.834,71.83412933101863,71.83412933101863,71.83412933101863,71.834,71.83412933101863,71.83412933101863,71.83412933101863,repair_primary,replica_event_joint_direct_repair,False,1.6008006632328031
hvac,lstm,random_forest,additive_bias,0.25,0.6,3,rho_0.600_mask_03,73.188,73.18789375199049,73.18789375199049,73.18789375199049,73.188,73.18789375199049,73.18789375199049,73.18789375199049,repair_primary,replica_event_joint_direct_repair,False,1.5554601913318038
hvac,lstm,random_forest,additive_bias,0.25,0.6,4,rho_0.600_mask_04,72.518,72.51876335602356,72.51876335602356,72.51876335602356,72.518,72.51876335602356,72.51876335602356,72.51876335602356,repair_primary,replica_event_joint_direct_repair,False,1.541688651777804
hvac,lstm,random_forest,additive_bias,0.25,0.6,5,rho_0.600_mask_05,87.664,87.66426294199846,87.66426294199846,87.66426294199846,87.664,87.66426294199846,87.66426294199846,87.66426294199846,repair_primary,replica_event_joint_direct_repair,False,1.5789541909471154
hvac,lstm,random_forest,additive_bias,0.25,0.6,6,rho_0.600_mask_06,72.537,72.5366665622496,72.5366665622496,72.5366665622496,72.537,72.5366665622496,72.5366665622496,72.5366665622496,repair_primary,replica_event_joint_direct_repair,False,1.5527561213821173
hvac,lstm,random_forest,additive_bias,0.25,0.6,7,rho_0.600_mask_07,87.005,87.00632459521512,87.00632459521512,87.00632459521512,87.005,87.00632459521512,87.00632459521512,87.00632459521512,repair_primary,replica_event_joint_direct_repair,False,1.5277593629434705
hvac,lstm,random_forest,additive_bias,0.25,0.6,8,rho_0.600_mask_08,74.39,74.38983591747456,74.38983591747456,74.38983591747456,74.39,74.38983591747456,74.38983591747456,74.38983591747456,repair_primary,replica_event_joint_direct_repair,False,1.5290155336260796
hvac,lstm,random_forest,additive_bias,0.25,0.6,9,rho_0.600_mask_09,87.658,87.65816754199841,87.65816754199841,87.65816754199841,87.658,87.65816754199841,87.65816754199841,87.65816754199841,repair_primary,replica_event_joint_direct_repair,False,1.5750815030187368
hvac,lstm,random_forest,additive_bias,0.25,0.6,10,rho_0.600_mask_10,71.878,71.87872821546625,71.87872821546625,71.87872821546625,71.878,71.87872821546625,71.87872821546625,71.87872821546625,repair_primary,replica_event_joint_direct_repair,False,1.528621271252632
hvac,lstm,random_forest,additive_bias,0.25,0.6,11,rho_0.600_mask_11,90.075,90.07493159313526,90.07493159313526,90.07493159313526,90.075,90.07493159313526,90.07493159313526,90.07493159313526,repair_primary,replica_event_joint_direct_repair,False,1.5312030026689172
hvac,lstm,random_forest,additive_bias,0.25,0.6,12,rho_0.600_mask_12,72.516,72.51595297201857,72.51595297201857,72.51595297201857,72.516,72.51595297201857,72.51595297201857,72.51595297201857,repair_primary,replica_event_joint_direct_repair,False,1.5867440178990364
hvac,lstm,random_forest,additive_bias,0.25,0.6,13,rho_0.600_mask_13,88.342,88.34280156700333,88.34280156700333,88.34280156700333,88.342,88.34280156700333,88.34280156700333,88.34280156700333,repair_primary,replica_event_joint_direct_repair,False,1.5240125861018896
hvac,lstm,random_forest,additive_bias,0.25,0.6,14,rho_0.600_mask_14,86.986,86.98622676202649,86.98622676202649,86.98622676202649,86.986,86.98622676202649,86.98622676202649,86.98622676202649,repair_primary,replica_event_joint_direct_repair,False,1.5318451495841146
hvac,lstm,random_forest,additive_bias,0.25,0.6,15,rho_0.600_mask_15,74.415,74.41433696873355,74.41433696873355,74.41433696873355,74.415,74.41433696873355,74.41433696873355,74.41433696873355,repair_primary,replica_event_joint_direct_repair,False,1.5458369934931395
hvac,lstm,random_forest,additive_bias,0.25,0.6,16,rho_0.600_mask_16,71.83,71.83034186999066,71.83034186999066,71.83034186999066,71.83,71.83034186999066,71.83034186999066,71.83034186999066,repair_primary,replica_event_joint_direct_repair,False,1.57845997530967
hvac,lstm,random_forest,additive_bias,0.25,0.6,17,rho_0.600_mask_17,88.367,88.36766393824291,88.36766393824291,88.36766393824291,88.367,88.36766393824291,88.36766393824291,88.36766393824291,repair_primary,replica_event_joint_direct_repair,False,1.537550457753241
hvac,lstm,random_forest,additive_bias,0.25,0.6,18,rho_0.600_mask_18,72.512,72.5121655109906,72.5121655109906,72.5121655109906,72.512,72.5121655109906,72.5121655109906,72.5121655109906,repair_primary,replica_event_joint_direct_repair,False,1.5271757747977972
hvac,lstm,random_forest,additive_bias,0.25,0.6,19,rho_0.600_mask_19,89.542,89.54193334848242,89.54193334848242,89.54193334848242,89.542,89.54193334848242,89.54193334848242,89.54193334848242,repair_primary,replica_event_joint_direct_repair,False,1.5685950266197324
hvac,lstm,random_forest,additive_bias,0.25,0.6,20,rho_0.600_mask_20,87.687,87.68814823621506,87.68814823621506,87.68814823621506,87.687,87.68814823621506,87.68814823621506,87.68814823621506,repair_primary,replica_event_joint_direct_repair,False,1.545337642543018
hvac,lstm,random_forest,additive_bias,0.25,0.8,1,rho_0.800_mask_01,72.506,72.50607011099055,72.50607011099055,72.50607011099055,72.506,72.50607011099055,72.50607011099055,72.50607011099055,repair_primary,replica_event_joint_direct_repair,False,1.5215933732688427
hvac,lstm,random_forest,additive_bias,0.25,0.8,2,rho_0.800_mask_02,87.658,87.65816754199841,87.65816754199841,87.65816754199841,87.658,87.65816754199841,87.65816754199841,87.65816754199841,repair_primary,replica_event_joint_direct_repair,False,1.5282898470759392
hvac,lstm,random_forest,additive_bias,0.25,0.8,3,rho_0.800_mask_03,71.83,71.83034186999066,71.83034186999066,71.83034186999066,71.83,71.83034186999066,71.83034186999066,71.83034186999066,repair_primary,replica_event_joint_direct_repair,False,1.5479114158079028
hvac,lstm,random_forest,additive_bias,0.25,0.8,4,rho_0.800_mask_04,71.83,71.83034186999066,71.83034186999066,71.83034186999066,71.83,71.83034186999066,71.83034186999066,71.83034186999066,repair_primary,replica_event_joint_direct_repair,False,1.5089610628783705
hvac,lstm,random_forest,additive_bias,0.25,0.8,5,rho_0.800_mask_05,72.512,72.5126679560235,72.5126679560235,72.5126679560235,72.512,72.5126679560235,72.5126679560235,72.5126679560235,repair_primary,replica_event_joint_direct_repair,False,1.561142012476921
hvac,lstm,random_forest,additive_bias,0.25,0.8,6,rho_0.800_mask_06,71.83,71.83034186999066,71.83034186999066,71.83034186999066,71.83,71.83034186999066,71.83034186999066,71.83034186999066,repair_primary,replica_event_joint_direct_repair,False,1.5820064414292574
hvac,lstm,random_forest,additive_bias,0.25,0.8,7,rho_0.800_mask_07,71.83,71.83034186999066,71.83034186999066,71.83034186999066,71.83,71.83034186999066,71.83034186999066,71.83034186999066,repair_primary,replica_event_joint_direct_repair,False,1.52733189240098
hvac,lstm,random_forest,additive_bias,0.25,0.8,8,rho_0.800_mask_08,71.832,71.83315225399565,71.83315225399565,71.83315225399565,71.832,71.83315225399565,71.83315225399565,71.83315225399565,repair_primary,replica_event_joint_direct_repair,False,1.5234629716724155
hvac,lstm,random_forest,additive_bias,0.25,0.8,9,rho_0.800_mask_09,86.986,86.98622676202649,86.98622676202649,86.98622676202649,86.986,86.98622676202649,86.98622676202649,86.98622676202649,repair_primary,replica_event_joint_direct_repair,False,1.5185789838433266
hvac,lstm,random_forest,additive_bias,0.25,0.8,10,rho_0.800_mask_10,72.518,72.51876335602356,72.51876335602356,72.51876335602356,72.518,72.51876335602356,72.51876335602356,72.51876335602356,repair_primary,replica_event_joint_direct_repair,False,1.5647426238283515
hvac,lstm,random_forest,additive_bias,0.25,0.8,11,rho_0.800_mask_11,72.512,72.5121655109906,72.5121655109906,72.5121655109906,72.512,72.5121655109906,72.5121655109906,72.5121655109906,repair_primary,replica_event_joint_direct_repair,False,1.5532457632943988
hvac,lstm,random_forest,additive_bias,0.25,0.8,12,rho_0.800_mask_12,86.982,86.98243930099852,86.98243930099852,86.98243930099852,86.982,86.98243930099852,86.98243930099852,86.98243930099852,repair_primary,replica_event_joint_direct_repair,False,1.5507804341614246
hvac,lstm,random_forest,additive_bias,0.25,0.8,13,rho_0.800_mask_13,87.005,87.00632459521512,87.00632459521512,87.00632459521512,87.005,87.00632459521512,87.00632459521512,87.00632459521512,repair_primary,replica_event_joint_direct_repair,False,1.519135070964694
hvac,lstm,random_forest,additive_bias,0.25,0.8,14,rho_0.800_mask_14,71.853,71.85422716420726,71.85422716420726,71.85422716420726,71.853,71.85422716420726,71.85422716420726,71.85422716420726,repair_primary,replica_event_joint_direct_repair,False,1.5724910888820889
hvac,lstm,random_forest,additive_bias,0.25,0.8,15,rho_0.800_mask_15,71.83,71.83034186999066,71.83034186999066,71.83034186999066,71.83,71.83034186999066,71.83034186999066,71.83034186999066,repair_primary,replica_event_joint_direct_repair,False,1.528311276808381
hvac,lstm,random_forest,additive_bias,0.25,0.8,16,rho_0.800_mask_16,71.83,71.83034186999066,71.83034186999066,71.83034186999066,71.83,71.83034186999066,71.83034186999066,71.83034186999066,repair_primary,replica_event_joint_direct_repair,False,1.553034154698253
hvac,lstm,random_forest,additive_bias,0.25,0.8,17,rho_0.800_mask_17,71.83,71.83034186999066,71.83034186999066,71.83034186999066,71.83,71.83034186999066,71.83034186999066,71.83034186999066,repair_primary,replica_event_joint_direct_repair,False,1.582370431162417
hvac,lstm,random_forest,additive_bias,0.25,0.8,18,rho_0.800_mask_18,71.83,71.83034186999066,71.83034186999066,71.83034186999066,71.83,71.83034186999066,71.83034186999066,71.83034186999066,repair_primary,replica_event_joint_direct_repair,False,1.5221722992137074
hvac,lstm,random_forest,additive_bias,0.25,0.8,19,rho_0.800_mask_19,72.516,72.51595297201857,72.51595297201857,72.51595297201857,72.516,72.51595297201857,72.51595297201857,72.51595297201857,repair_primary,replica_event_joint_direct_repair,False,1.531290472485125
hvac,lstm,random_forest,additive_bias,0.25,0.8,20,rho_0.800_mask_20,87.658,87.65816754199841,87.65816754199841,87.65816754199841,87.658,87.65816754199841,87.65816754199841,87.65816754199841,repair_primary,replica_event_joint_direct_repair,False,1.5369032388553023
hvac,lstm,random_forest,additive_bias,0.25,1.0,0,rho_1.000_nominal,71.83,71.83034186999066,71.83034186999066,71.83034186999066,71.83,71.83034186999066,71.83034186999066,71.83034186999066,repair_primary,replica_event_joint_direct_repair,False,1.5699307937175035
hvac,lstm,random_forest,additive_bias,0.5,0.333,1,rho_0.333_mask_01,72.51,72.50985757201852,72.50985757201852,72.50985757201852,72.51,72.50985757201852,72.50985757201852,72.50985757201852,repair_primary,replica_event_joint_direct_repair,False,1.5345804197713733
hvac,lstm,random_forest,additive_bias,0.5,0.333,2,rho_0.333_mask_02,157.131,157.13130372019805,157.13130372019805,157.13130372019805,157.131,157.13130372019805,157.13130372019805,157.13130372019805,repair_primary,replica_event_joint_direct_repair,False,1.5128661561757326
hvac,lstm,random_forest,additive_bias,0.5,0.333,3,rho_0.333_mask_03,90.077,90.07774197714024,90.07774197714024,90.07774197714024,90.077,90.07774197714024,90.07774197714024,90.07774197714024,repair_primary,replica_event_joint_direct_repair,False,1.5682938117533922
hvac,lstm,random_forest,additive_bias,0.5,0.333,4,rho_0.333_mask_04,74.417,74.41714735273854,74.41714735273854,74.41714735273854,74.417,74.41714735273854,74.41714735273854,74.41714735273854,repair_primary,replica_event_joint_direct_repair,False,1.5144713511690495
hvac,lstm,random_forest,additive_bias,0.5,0.333,5,rho_0.333_mask_05,154.743,154.74282818134816,154.74282818134816,154.74282818134816,154.743,154.74282818134816,154.74282818134816,154.74282818134816,repair_primary,replica_event_joint_direct_repair,False,1.532169354148209
hvac,lstm,random_forest,additive_bias,0.5,0.333,6,rho_0.333_mask_06,87.666,87.66707332600345,87.66707332600345,87.66707332600345,87.666,87.66707332600345,87.66707332600345,87.66707332600345,repair_primary,replica_event_joint_direct_repair,False,1.55950899515301
hvac,lstm,random_forest,additive_bias,0.5,0.333,7,rho_0.333_mask_07,88.365,88.36449223425734,88.36449223425734,88.36449223425734,88.365,88.36449223425734,88.36449223425734,88.36449223425734,repair_primary,replica_event_joint_direct_repair,False,1.53970046620816
hvac,lstm,random_forest,additive_bias,0.5,0.333,8,rho_0.333_mask_08,74.392,74.39264630147954,74.39264630147954,74.39264630147954,74.392,74.39264630147954,74.39264630147954,74.39264630147954,repair_primary,replica_event_joint_direct_repair,False,1.522050685249269
hvac,lstm,random_forest,additive_bias,0.5,0.333,9,rho_0.333_mask_09,155.425,155.4246518223481,155.4246518223481,155.4246518223481,155.425,155.4246518223481,155.4246518223481,155.4246518223481,repair_primary,replica_event_joint_direct_repair,False,1.5240682624280453
hvac,lstm,random_forest,additive_bias,0.5,0.333,10,rho_0.333_mask_10,87.712,87.71264928747405,87.71264928747405,87.71264928747405,87.712,87.71264928747405,87.71264928747405,87.71264928747405,repair_primary,replica_event_joint_direct_repair,False,1.5401721820235252
hvac,lstm,random_forest,additive_bias,0.5,0.333,11,rho_0.333_mask_11,87.691,87.69193569724303,87.69193569724303,87.69193569724303,87.691,87.69193569724303,87.69193569724303,87.69193569724303,repair_primary,replica_event_joint_direct_repair,False,1.5757158966735003
hvac,lstm,random_forest,additive_bias,0.5,0.333,12,rho_0.333_mask_12,91.955,91.9554123836242,91.9554123836242,91.9554123836242,91.955,91.9554123836242,91.9554123836242,91.9554123836242,repair_primary,replica_event_joint_direct_repair,False,1.5324313705787065
hvac,lstm,random_forest,additive_bias,0.5,0.333,13,rho_0.333_mask_13,89.391,89.39213087511234,89.39213087511234,89.39213087511234,89.391,89.39213087511234,89.39213087511234,89.39213087511234,repair_primary,replica_event_joint_direct_repair,False,1.5239868331700563
hvac,lstm,random_forest,additive_bias,0.5,0.333,14,rho_0.333_mask_14,155.402,155.4029611550941,155.4029611550941,155.4029611550941,155.402,155.4029611550941,155.4029611550941,155.4029611550941,repair_primary,replica_event_joint_direct_repair,False,1.569799941033125
hvac,lstm,random_forest,additive_bias,0.5,0.333,15,rho_0.333_mask_15,72.508,72.50888049499554,72.50888049499554,72.50888049499554,72.508,72.50888049499554,72.50888049499554,72.50888049499554,repair_primary,replica_event_joint_direct_repair,False,1.524543760344386
hvac,lstm,random_forest,additive_bias,0.5,0.333,16,rho_0.333_mask_16,157.303,157.30232222883205,157.30232222883205,157.30232222883205,157.303,157.30232222883205,157.30232222883205,157.30232222883205,repair_primary,replica_event_joint_direct_repair,False,1.517304191365838
hvac,lstm,random_forest,additive_bias,0.5,0.333,17,rho_0.333_mask_17,90.218,90.2176615894823,90.2176615894823,90.2176615894823,90.218,90.2176615894823,90.2176615894823,90.2176615894823,repair_primary,replica_event_joint_direct_repair,False,1.5458224909380078
hvac,lstm,random_forest,additive_bias,0.5,0.333,18,rho_0.333_mask_18,154.067,154.06709994034827,154.06709994034827,154.06709994034827,154.067,154.06709994034827,154.06709994034827,154.06709994034827,repair_primary,replica_event_joint_direct_repair,False,1.5849780458956957
hvac,lstm,random_forest,additive_bias,0.5,0.333,19,rho_0.333_mask_19,87.691,87.69193569724303,87.69193569724303,87.69193569724303,87.691,87.69193569724303,87.69193569724303,87.69193569724303,repair_primary,replica_event_joint_direct_repair,False,1.543288592249155
hvac,lstm,random_forest,additive_bias,0.5,0.333,20,rho_0.333_mask_20,72.533,72.53338154625453,72.53338154625453,72.53338154625453,72.533,72.53338154625453,72.53338154625453,72.53338154625453,repair_primary,replica_event_joint_direct_repair,False,1.535746332257986
hvac,lstm,random_forest,additive_bias,0.5,0.4,1,rho_0.400_mask_01,71.836,71.83693971502362,71.83693971502362,71.83693971502362,71.836,71.83693971502362,71.83693971502362,71.83693971502362,repair_primary,replica_event_joint_direct_repair,False,1.5691107595339415
hvac,lstm,random_forest,additive_bias,0.5,0.4,2,rho_0.400_mask_02,91.976,91.97648729383582,91.97648729383582,91.97648729383582,91.976,91.97648729383582,91.97648729383582,91.97648729383582,repair_primary,replica_event_joint_direct_repair,False,1.529739374294877
hvac,lstm,random_forest,additive_bias,0.5,0.4,3,rho_0.400_mask_03,74.944,74.94354775235843,74.94354775235843,74.94354775235843,74.944,74.94354775235843,74.94354775235843,74.94354775235843,repair_primary,replica_event_joint_direct_repair,False,1.5212342580780387
hvac,lstm,random_forest,additive_bias,0.5,0.4,4,rho_0.400_mask_04,87.687,87.68814823621506,87.68814823621506,87.68814823621506,87.687,87.68814823621506,87.68814823621506,87.68814823621506,repair_primary,replica_event_joint_direct_repair,False,1.5880033848807216
hvac,lstm,random_forest,additive_bias,0.5,0.4,5,rho_0.400_mask_05,157.301,157.30170647178966,157.30170647178966,157.30170647178966,157.301,157.30170647178966,157.30170647178966,157.30170647178966,repair_primary,replica_event_joint_direct_repair,False,1.5428250702098012
hvac,lstm,random_forest,additive_bias,0.5,0.4,6,rho_0.400_mask_06,87.664,87.66426294199846,87.66426294199846,87.66426294199846,87.664,87.66426294199846,87.66426294199846,87.66426294199846,repair_primary,replica_event_joint_direct_repair,False,1.537218657322228
hvac,lstm,random_forest,additive_bias,0.5,0.4,7,rho_0.400_mask_07,74.264,74.26453449536348,74.26453449536348,74.26453449536348,74.264,74.26453449536348,74.26453449536348,74.26453449536348,repair_primary,replica_event_joint_direct_repair,False,1.5328330621123314
hvac,lstm,random_forest,additive_bias,0.5,0.4,8,rho_0.400_mask_08,159.036,159.036285561946,159.036285561946,159.036285561946,159.036,159.036285561946,159.036285561946,159.036285561946,repair_primary,replica_event_joint_direct_repair,False,1.5412124702706933
hvac,lstm,random_forest,additive_bias,0.5,0.4,9,rho_0.400_mask_09,74.285,74.28560940557509,74.28560940557509,74.28560940557509,74.285,74.28560940557509,74.28560940557509,74.28560940557509,repair_primary,replica_event_joint_direct_repair,False,1.58429672755301
hvac,lstm,random_forest,additive_bias,0.5,0.4,10,rho_0.400_mask_10,88.365,88.36449223425734,88.36449223425734,88.36449223425734,88.365,88.36449223425734,88.36449223425734,88.36449223425734,repair_primary,replica_event_joint_direct_repair,False,1.5435676714405415
hvac,lstm,random_forest,additive_bias,0.5,0.4,11,rho_0.400_mask_11,75.091,75.09006520973344,75.09006520973344,75.09006520973344,75.091,75.09006520973344,75.09006520973344,75.09006520973344,repair_primary,replica_event_joint_direct_repair,False,1.5276323230937123
hvac,lstm,random_forest,additive_bias,0.5,0.4,12,rho_0.400_mask_12,75.068,75.06837454247943,75.06837454247943,75.06837454247943,75.068,75.06837454247943,75.06837454247943,75.06837454247943,repair_primary,replica_event_joint_direct_repair,False,1.5690626073628664
hvac,lstm,random_forest,additive_bias,0.5,0.4,13,rho_0.400_mask_13,87.005,87.00632459521512,87.00632459521512,87.00632459521512,87.005,87.00632459521512,87.00632459521512,87.00632459521512,repair_primary,replica_event_joint_direct_repair,False,1.5385228721424935
hvac,lstm,random_forest,additive_bias,0.5,0.4,14,rho_0.400_mask_14,72.518,72.51876335602356,72.51876335602356,72.51876335602356,72.518,72.51876335602356,72.51876335602356,72.51876335602356,repair_primary,replica_event_joint_direct_repair,False,1.5354631189256909
hvac,lstm,random_forest,additive_bias,0.5,0.4,15,rho_0.400_mask_15,74.39,74.38983591747456,74.38983591747456,74.38983591747456,74.39,74.38983591747456,74.38983591747456,74.38983591747456,repair_primary,replica_event_joint_direct_repair,False,1.53265895601362
hvac,lstm,random_forest,additive_bias,0.5,0.4,16,rho_0.400_mask_16,74.241,74.24101052112746,74.24101052112746,74.24101052112746,74.241,74.24101052112746,74.24101052112746,74.24101052112746,repair_primary,replica_event_joint_direct_repair,False,1.586891951970756
hvac,lstm,random_forest,additive_bias,0.5,0.4,17,rho_0.400_mask_17,88.365,88.36449223425734,88.36449223425734,88.36449223425734,88.365,88.36449223425734,88.36449223425734,88.36449223425734,repair_primary,replica_event_joint_direct_repair,False,1.548678696155548
hvac,lstm,random_forest,additive_bias,0.5,0.4,18,rho_0.400_mask_18,89.542,89.54193334848242,89.54193334848242,89.54193334848242,89.542,89.54193334848242,89.54193334848242,89.54193334848242,repair_primary,replica_event_joint_direct_repair,False,1.5352562088519337
hvac,lstm,random_forest,additive_bias,0.5,0.4,19,rho_0.400_mask_19,76.822,76.82121815884238,76.82121815884238,76.82121815884238,76.822,76.82121815884238,76.82121815884238,76.82121815884238,repair_primary,replica_event_joint_direct_repair,False,1.547389457002282
hvac,lstm,random_forest,additive_bias,0.5,0.4,20,rho_0.400_mask_20,156.449,156.4494800791981,156.4494800791981,156.4494800791981,156.449,156.4494800791981,156.4494800791981,156.4494800791981,repair_primary,replica_event_joint_direct_repair,False,1.5241712806746364
hvac,lstm,random_forest,additive_bias,0.5,0.6,1,rho_0.600_mask_01,74.413,74.41372121169115,74.41372121169115,74.41372121169115,74.413,74.41372121169115,74.41372121169115,74.41372121169115,repair_primary,replica_event_joint_direct_repair,False,1.5609790869057178
hvac,lstm,random_forest,additive_bias,0.5,0.6,2,rho_0.600_mask_02,71.834,71.83412933101863,71.83412933101863,71.83412933101863,71.834,71.83412933101863,71.83412933101863,71.83412933101863,repair_primary,replica_event_joint_direct_repair,False,1.5690439632162452
hvac,lstm,random_forest,additive_bias,0.5,0.6,3,rho_0.600_mask_03,73.188,73.18789375199049,73.18789375199049,73.18789375199049,73.188,73.18789375199049,73.18789375199049,73.18789375199049,repair_primary,replica_event_joint_direct_repair,False,1.6188109228387475
hvac,lstm,random_forest,additive_bias,0.5,0.6,4,rho_0.600_mask_04,72.518,72.51876335602356,72.51876335602356,72.51876335602356,72.518,72.51876335602356,72.51876335602356,72.51876335602356,repair_primary,replica_event_joint_direct_repair,False,1.5494270967319608
hvac,lstm,random_forest,additive_bias,0.5,0.6,5,rho_0.600_mask_05,87.664,87.66426294199846,87.66426294199846,87.66426294199846,87.664,87.66426294199846,87.66426294199846,87.66426294199846,repair_primary,replica_event_joint_direct_repair,False,1.535817727446556
hvac,lstm,random_forest,additive_bias,0.5,0.6,6,rho_0.600_mask_06,72.537,72.5366665622496,72.5366665622496,72.5366665622496,72.537,72.5366665622496,72.5366665622496,72.5366665622496,repair_primary,replica_event_joint_direct_repair,False,1.5783059485256672
hvac,lstm,random_forest,additive_bias,0.5,0.6,7,rho_0.600_mask_07,87.005,87.00632459521512,87.00632459521512,87.00632459521512,87.005,87.00632459521512,87.00632459521512,87.00632459521512,repair_primary,replica_event_joint_direct_repair,False,1.5364545937627554
hvac,lstm,random_forest,additive_bias,0.5,0.6,8,rho_0.600_mask_08,74.39,74.38983591747456,74.38983591747456,74.38983591747456,74.39,74.38983591747456,74.38983591747456,74.38983591747456,repair_primary,replica_event_joint_direct_repair,False,1.5470888400450349
hvac,lstm,random_forest,additive_bias,0.5,0.6,9,rho_0.600_mask_09,87.658,87.65816754199841,87.65816754199841,87.65816754199841,87.658,87.65816754199841,87.65816754199841,87.65816754199841,repair_primary,replica_event_joint_direct_repair,False,1.5318111777305603
hvac,lstm,random_forest,additive_bias,0.5,0.6,10,rho_0.600_mask_10,71.878,71.87872821546625,71.87872821546625,71.87872821546625,71.878,71.87872821546625,71.87872821546625,71.87872821546625,repair_primary,replica_event_joint_direct_repair,False,1.591320895589888
hvac,lstm,random_forest,additive_bias,0.5,0.6,11,rho_0.600_mask_11,90.075,90.07493159313526,90.07493159313526,90.07493159313526,90.075,90.07493159313526,90.07493159313526,90.07493159313526,repair_primary,replica_event_joint_direct_repair,False,1.5435102125629785
hvac,lstm,random_forest,additive_bias,0.5,0.6,12,rho_0.600_mask_12,72.516,72.51595297201857,72.51595297201857,72.51595297201857,72.516,72.51595297201857,72.51595297201857,72.51595297201857,repair_primary,replica_event_joint_direct_repair,False,1.5279412865638733
hvac,lstm,random_forest,additive_bias,0.5,0.6,13,rho_0.600_mask_13,88.342,88.34280156700333,88.34280156700333,88.34280156700333,88.342,88.34280156700333,88.34280156700333,88.34280156700333,repair_primary,replica_event_joint_direct_repair,False,1.5550179667770865
hvac,lstm,random_forest,additive_bias,0.5,0.6,14,rho_0.600_mask_14,86.986,86.98622676202649,86.98622676202649,86.98622676202649,86.986,86.98622676202649,86.98622676202649,86.98622676202649,repair_primary,replica_event_joint_direct_repair,False,1.556234016083181
hvac,lstm,random_forest,additive_bias,0.5,0.6,15,rho_0.600_mask_15,74.415,74.41433696873355,74.41433696873355,74.41433696873355,74.415,74.41433696873355,74.41433696873355,74.41433696873355,repair_primary,replica_event_joint_direct_repair,False,1.5711420783773065
hvac,lstm,random_forest,additive_bias,0.5,0.6,16,rho_0.600_mask_16,71.83,71.83034186999066,71.83034186999066,71.83034186999066,71.83,71.83034186999066,71.83034186999066,71.83034186999066,repair_primary,replica_event_joint_direct_repair,False,1.552709249779582
hvac,lstm,random_forest,additive_bias,0.5,0.6,17,rho_0.600_mask_17,88.367,88.36766393824291,88.36766393824291,88.36766393824291,88.367,88.36766393824291,88.36766393824291,88.36766393824291,repair_primary,replica_event_joint_direct_repair,False,1.6346520781517029
hvac,lstm,random_forest,additive_bias,0.5,0.6,18,rho_0.600_mask_18,72.512,72.5121655109906,72.5121655109906,72.5121655109906,72.512,72.5121655109906,72.5121655109906,72.5121655109906,repair_primary,replica_event_joint_direct_repair,False,1.5626402301713824
hvac,lstm,random_forest,additive_bias,0.5,0.6,19,rho_0.600_mask_19,89.542,89.54193334848242,89.54193334848242,89.54193334848242,89.542,89.54193334848242,89.54193334848242,89.54193334848242,repair_primary,replica_event_joint_direct_repair,False,1.5484619867056608
hvac,lstm,random_forest,additive_bias,0.5,0.6,20,rho_0.600_mask_20,87.687,87.68814823621506,87.68814823621506,87.68814823621506,87.687,87.68814823621506,87.68814823621506,87.68814823621506,repair_primary,replica_event_joint_direct_repair,False,1.602975506335497
hvac,lstm,random_forest,additive_bias,0.5,0.8,1,rho_0.800_mask_01,72.506,72.50607011099055,72.50607011099055,72.50607011099055,72.506,72.50607011099055,72.50607011099055,72.50607011099055,repair_primary,replica_event_joint_direct_repair,False,1.5454122330993414
hvac,lstm,random_forest,additive_bias,0.5,0.8,2,rho_0.800_mask_02,87.658,87.65816754199841,87.65816754199841,87.65816754199841,87.658,87.65816754199841,87.65816754199841,87.65816754199841,repair_primary,replica_event_joint_direct_repair,False,1.5294061256572604
hvac,lstm,random_forest,additive_bias,0.5,0.8,3,rho_0.800_mask_03,71.83,71.83034186999066,71.83034186999066,71.83034186999066,71.83,71.83034186999066,71.83034186999066,71.83034186999066,repair_primary,replica_event_joint_direct_repair,False,1.5681121163070202
hvac,lstm,random_forest,additive_bias,0.5,0.8,4,rho_0.800_mask_04,71.83,71.83034186999066,71.83034186999066,71.83034186999066,71.83,71.83034186999066,71.83034186999066,71.83034186999066,repair_primary,replica_event_joint_direct_repair,False,1.5257930988445878
hvac,lstm,random_forest,additive_bias,0.5,0.8,5,rho_0.800_mask_05,72.512,72.5126679560235,72.5126679560235,72.5126679560235,72.512,72.5126679560235,72.5126679560235,72.5126679560235,repair_primary,replica_event_joint_direct_repair,False,1.5197498993948102
hvac,lstm,random_forest,additive_bias,0.5,0.8,6,rho_0.800_mask_06,71.83,71.83034186999066,71.83034186999066,71.83034186999066,71.83,71.83034186999066,71.83034186999066,71.83034186999066,repair_primary,replica_event_joint_direct_repair,False,1.557421253062785
hvac,lstm,random_forest,additive_bias,0.5,0.8,7,rho_0.800_mask_07,71.83,71.83034186999066,71.83034186999066,71.83034186999066,71.83,71.83034186999066,71.83034186999066,71.83034186999066,repair_primary,replica_event_joint_direct_repair,False,1.5666389064863324
hvac,lstm,random_forest,additive_bias,0.5,0.8,8,rho_0.800_mask_08,71.832,71.83315225399565,71.83315225399565,71.83315225399565,71.832,71.83315225399565,71.83315225399565,71.83315225399565,repair_primary,replica_event_joint_direct_repair,False,1.5344111993908882
hvac,lstm,random_forest,additive_bias,0.5,0.8,9,rho_0.800_mask_09,86.986,86.98622676202649,86.98622676202649,86.98622676202649,86.986,86.98622676202649,86.98622676202649,86.98622676202649,repair_primary,replica_event_joint_direct_repair,False,1.5321208406239748
hvac,lstm,random_forest,additive_bias,0.5,0.8,10,rho_0.800_mask_10,72.518,72.51876335602356,72.51876335602356,72.51876335602356,72.518,72.51876335602356,72.51876335602356,72.51876335602356,repair_primary,replica_event_joint_direct_repair,False,1.5411007031798365
hvac,lstm,random_forest,additive_bias,0.5,0.8,11,rho_0.800_mask_11,72.512,72.5121655109906,72.5121655109906,72.5121655109906,72.512,72.5121655109906,72.5121655109906,72.5121655109906,repair_primary,replica_event_joint_direct_repair,False,1.5826239679008722
hvac,lstm,random_forest,additive_bias,0.5,0.8,12,rho_0.800_mask_12,86.982,86.98243930099852,86.98243930099852,86.98243930099852,86.982,86.98243930099852,86.98243930099852,86.98243930099852,repair_primary,replica_event_joint_direct_repair,False,1.5268155988305807
hvac,lstm,random_forest,additive_bias,0.5,0.8,13,rho_0.800_mask_13,87.005,87.00632459521512,87.00632459521512,87.00632459521512,87.005,87.00632459521512,87.00632459521512,87.00632459521512,repair_primary,replica_event_joint_direct_repair,False,1.5356917902827265
hvac,lstm,random_forest,additive_bias,0.5,0.8,14,rho_0.800_mask_14,71.853,71.85422716420726,71.85422716420726,71.85422716420726,71.853,71.85422716420726,71.85422716420726,71.85422716420726,repair_primary,replica_event_joint_direct_repair,False,1.5846215561032295
hvac,lstm,random_forest,additive_bias,0.5,0.8,15,rho_0.800_mask_15,71.83,71.83034186999066,71.83034186999066,71.83034186999066,71.83,71.83034186999066,71.83034186999066,71.83034186999066,repair_primary,replica_event_joint_direct_repair,False,1.5332630332559347
hvac,lstm,random_forest,additive_bias,0.5,0.8,16,rho_0.800_mask_16,71.83,71.83034186999066,71.83034186999066,71.83034186999066,71.83,71.83034186999066,71.83034186999066,71.83034186999066,repair_primary,replica_event_joint_direct_repair,False,1.5514734890311956
hvac,lstm,random_forest,additive_bias,0.5,0.8,17,rho_0.800_mask_17,71.83,71.83034186999066,71.83034186999066,71.83034186999066,71.83,71.83034186999066,71.83034186999066,71.83034186999066,repair_primary,replica_event_joint_direct_repair,False,1.5306775234639645
hvac,lstm,random_forest,additive_bias,0.5,0.8,18,rho_0.800_mask_18,71.83,71.83034186999066,71.83034186999066,71.83034186999066,71.83,71.83034186999066,71.83034186999066,71.83034186999066,repair_primary,replica_event_joint_direct_repair,False,1.5673428289592266
hvac,lstm,random_forest,additive_bias,0.5,0.8,19,rho_0.800_mask_19,72.516,72.51595297201857,72.51595297201857,72.51595297201857,72.516,72.51595297201857,72.51595297201857,72.51595297201857,repair_primary,replica_event_joint_direct_repair,False,1.5253034010529518
hvac,lstm,random_forest,additive_bias,0.5,0.8,20,rho_0.800_mask_20,87.658,87.65816754199841,87.65816754199841,87.65816754199841,87.658,87.65816754199841,87.65816754199841,87.65816754199841,repair_primary,replica_event_joint_direct_repair,False,1.5313224904239178
hvac,lstm,random_forest,additive_bias,0.5,1.0,0,rho_1.000_nominal,71.83,71.83034186999066,71.83034186999066,71.83034186999066,71.83,71.83034186999066,71.83034186999066,71.83034186999066,repair_primary,replica_event_joint_direct_repair,False,1.557499940507114
hvac,lstm,random_forest,additive_bias,0.75,0.333,1,rho_0.333_mask_01,72.51,72.50985757201852,72.50985757201852,0.563,72.51,72.50985757201852,72.50985757201852,73.07300000000001,failover_then_repair,failover_then_background_repair,False,0.6326018394902349
hvac,lstm,random_forest,additive_bias,0.75,0.333,2,rho_0.333_mask_02,157.131,157.13130372019805,157.13130372019805,0.8,157.131,157.13130372019805,157.13130372019805,157.93100000000004,failover_then_repair,failover_then_background_repair,False,0.6392770325765014
hvac,lstm,random_forest,additive_bias,0.75,0.333,3,rho_0.333_mask_03,90.077,90.07774197714024,90.07774197714024,0.563,90.077,90.07774197714024,90.07774197714024,90.64,failover_then_repair,failover_then_background_repair,False,0.6412776708602905
hvac,lstm,random_forest,additive_bias,0.75,0.333,4,rho_0.333_mask_04,74.417,74.41714735273854,74.41714735273854,0.8,74.417,74.41714735273854,74.41714735273854,75.217,failover_then_repair,failover_then_background_repair,False,0.6274741478264332
hvac,lstm,random_forest,additive_bias,0.75,0.333,5,rho_0.333_mask_05,154.743,154.74282818134816,154.74282818134816,0.492,154.743,154.74282818134816,154.74282818134816,155.235,failover_then_repair,failover_then_background_repair,False,0.6402793526649475
hvac,lstm,random_forest,additive_bias,0.75,0.333,6,rho_0.333_mask_06,87.666,87.66707332600345,87.66707332600345,0.563,87.666,87.66707332600345,87.66707332600345,88.229,failover_then_repair,failover_then_background_repair,False,0.6401359615847468
hvac,lstm,random_forest,additive_bias,0.75,0.333,7,rho_0.333_mask_07,88.365,88.36449223425734,88.36449223425734,0.492,88.365,88.36449223425734,88.36449223425734,88.85700000000001,failover_then_repair,failover_then_background_repair,False,0.6333072064444423
hvac,lstm,random_forest,additive_bias,0.75,0.333,8,rho_0.333_mask_08,74.392,74.39264630147954,74.39264630147954,0.563,74.392,74.39264630147954,74.39264630147954,74.955,failover_then_repair,failover_then_background_repair,False,0.6415480710566044
hvac,lstm,random_forest,additive_bias,0.75,0.333,9,rho_0.333_mask_09,155.425,155.4246518223481,155.4246518223481,0.8,155.425,155.4246518223481,155.4246518223481,156.22500000000005,failover_then_repair,failover_then_background_repair,False,0.6565246330574155
hvac,lstm,random_forest,additive_bias,0.75,0.333,10,rho_0.333_mask_10,87.712,87.71264928747405,87.71264928747405,0.8,87.712,87.71264928747405,87.71264928747405,88.512,failover_then_repair,failover_then_background_repair,False,0.6720390981063247
hvac,lstm,random_forest,additive_bias,0.75,0.333,11,rho_0.333_mask_11,87.691,87.69193569724303,87.69193569724303,0.8,87.691,87.69193569724303,87.69193569724303,88.491,failover_then_repair,failover_then_background_repair,False,0.6392591651529074
hvac,lstm,random_forest,additive_bias,0.75,0.333,12,rho_0.333_mask_12,91.955,91.9554123836242,91.9554123836242,0.492,91.955,91.9554123836242,91.9554123836242,92.44700000000002,failover_then_repair,failover_then_background_repair,False,0.6382583864033222
hvac,lstm,random_forest,additive_bias,0.75,0.333,13,rho_0.333_mask_13,89.391,89.39213087511234,89.39213087511234,0.563,89.391,89.39213087511234,89.39213087511234,89.95400000000001,failover_then_repair,failover_then_background_repair,False,0.6332256365567446
hvac,lstm,random_forest,additive_bias,0.75,0.333,14,rho_0.333_mask_14,155.402,155.4029611550941,155.4029611550941,0.492,155.402,155.4029611550941,155.4029611550941,155.894,failover_then_repair,failover_then_background_repair,False,0.6420563273131847
hvac,lstm,random_forest,additive_bias,0.75,0.333,15,rho_0.333_mask_15,72.508,72.50888049499554,72.50888049499554,0.8,72.508,72.50888049499554,72.50888049499554,73.30799999999999,failover_then_repair,failover_then_background_repair,False,0.6434788284823298
hvac,lstm,random_forest,additive_bias,0.75,0.333,16,rho_0.333_mask_16,157.303,157.30232222883205,157.30232222883205,0.563,157.303,157.30232222883205,157.30232222883205,157.866,failover_then_repair,failover_then_background_repair,False,0.6361013697460294
hvac,lstm,random_forest,additive_bias,0.75,0.333,17,rho_0.333_mask_17,90.218,90.2176615894823,90.2176615894823,0.492,90.218,90.2176615894823,90.2176615894823,90.71,failover_then_repair,failover_then_background_repair,False,0.6418055659160018
hvac,lstm,random_forest,additive_bias,0.75,0.333,18,rho_0.333_mask_18,154.067,154.06709994034827,154.06709994034827,0.563,154.067,154.06709994034827,154.06709994034827,154.63,failover_then_repair,failover_then_background_repair,False,0.6885906904935837
hvac,lstm,random_forest,additive_bias,0.75,0.333,19,rho_0.333_mask_19,87.691,87.69193569724303,87.69193569724303,0.563,87.691,87.69193569724303,87.69193569724303,88.254,failover_then_repair,failover_then_background_repair,False,0.6404096530750394
hvac,lstm,random_forest,additive_bias,0.75,0.333,20,rho_0.333_mask_20,72.533,72.53338154625453,72.53338154625453,0.8,72.533,72.53338154625453,72.53338154625453,73.333,failover_then_repair,failover_then_background_repair,False,0.6423523696139455
hvac,lstm,random_forest,additive_bias,0.75,0.4,1,rho_0.400_mask_01,71.836,71.83693971502362,71.83693971502362,0.563,71.836,71.83693971502362,71.83693971502362,72.399,failover_then_repair,failover_then_background_repair,False,0.6425346108153462
hvac,lstm,random_forest,additive_bias,0.75,0.4,2,rho_0.400_mask_02,91.976,91.97648729383582,91.97648729383582,0.8,91.976,91.97648729383582,91.97648729383582,92.776,failover_then_repair,failover_then_background_repair,False,0.6372560188174248
hvac,lstm,random_forest,additive_bias,0.75,0.4,3,rho_0.400_mask_03,74.944,74.94354775235843,74.94354775235843,0.563,74.944,74.94354775235843,74.94354775235843,75.50700000000002,failover_then_repair,failover_then_background_repair,False,0.6339183133095503
hvac,lstm,random_forest,additive_bias,0.75,0.4,4,rho_0.400_mask_04,87.687,87.68814823621506,87.68814823621506,0.8,87.687,87.68814823621506,87.68814823621506,88.487,failover_then_repair,failover_then_background_repair,False,0.6498243696987629
hvac,lstm,random_forest,additive_bias,0.75,0.4,5,rho_0.400_mask_05,157.301,157.30170647178966,157.30170647178966,0.563,157.301,157.30170647178966,157.30170647178966,157.864,failover_then_repair,failover_then_background_repair,False,0.6406343961134553
hvac,lstm,random_forest,additive_bias,0.75,0.4,6,rho_0.400_mask_06,87.664,87.66426294199846,87.66426294199846,0.563,87.664,87.66426294199846,87.66426294199846,88.227,failover_then_repair,failover_then_background_repair,False,0.7106253486126661
hvac,lstm,random_forest,additive_bias,0.75,0.4,7,rho_0.400_mask_07,74.264,74.26453449536348,74.26453449536348,0.563,74.264,74.26453449536348,74.26453449536348,74.82700000000001,failover_then_repair,failover_then_background_repair,False,0.6381742572411895
hvac,lstm,random_forest,additive_bias,0.75,0.4,8,rho_0.400_mask_08,159.036,159.036285561946,159.036285561946,0.8,159.036,159.036285561946,159.036285561946,159.836,failover_then_repair,failover_then_background_repair,False,0.6320387870073318
hvac,lstm,random_forest,additive_bias,0.75,0.4,9,rho_0.400_mask_09,74.285,74.28560940557509,74.28560940557509,0.8,74.285,74.28560940557509,74.28560940557509,75.08500000000001,failover_then_repair,failover_then_background_repair,False,0.6399000016972423
hvac,lstm,random_forest,additive_bias,0.75,0.4,10,rho_0.400_mask_10,88.365,88.36449223425734,88.36449223425734,0.8,88.365,88.36449223425734,88.36449223425734,89.165,failover_then_repair,failover_then_background_repair,False,0.6346708592027426
hvac,lstm,random_forest,additive_bias,0.75,0.4,11,rho_0.400_mask_11,75.091,75.09006520973344,75.09006520973344,0.563,75.091,75.09006520973344,75.09006520973344,75.65400000000001,failover_then_repair,failover_then_background_repair,False,0.6415347242727876
hvac,lstm,random_forest,additive_bias,0.75,0.4,12,rho_0.400_mask_12,75.068,75.06837454247943,75.06837454247943,0.563,75.068,75.06837454247943,75.06837454247943,75.631,failover_then_repair,failover_then_background_repair,False,0.6448728917166591
hvac,lstm,random_forest,additive_bias,0.75,0.4,13,rho_0.400_mask_13,87.005,87.00632459521512,87.00632459521512,0.8,87.005,87.00632459521512,87.00632459521512,87.80499999999999,failover_then_repair,failover_then_background_repair,False,0.648247828707099
hvac,lstm,random_forest,additive_bias,0.75,0.4,14,rho_0.400_mask_14,72.518,72.51876335602356,72.51876335602356,0.563,72.518,72.51876335602356,72.51876335602356,73.081,failover_then_repair,failover_then_background_repair,False,0.6598906721919775
hvac,lstm,random_forest,additive_bias,0.75,0.4,15,rho_0.400_mask_15,74.39,74.38983591747456,74.38983591747456,0.492,74.39,74.38983591747456,74.38983591747456,74.882,failover_then_repair,failover_then_background_repair,False,0.6511904522776604
hvac,lstm,random_forest,additive_bias,0.75,0.4,16,rho_0.400_mask_16,74.241,74.24101052112746,74.24101052112746,0.492,74.241,74.24101052112746,74.24101052112746,74.73300000000002,failover_then_repair,failover_then_background_repair,False,0.6923519633710384
hvac,lstm,random_forest,additive_bias,0.75,0.4,17,rho_0.400_mask_17,88.365,88.36449223425734,88.36449223425734,0.563,88.365,88.36449223425734,88.36449223425734,88.92800000000001,failover_then_repair,failover_then_background_repair,False,0.6526397550478578
hvac,lstm,random_forest,additive_bias,0.75,0.4,18,rho_0.400_mask_18,89.542,89.54193334848242,89.54193334848242,0.563,89.542,89.54193334848242,89.54193334848242,90.105,failover_then_repair,failover_then_background_repair,False,0.6499401014298201
hvac,lstm,random_forest,additive_bias,0.75,0.4,19,rho_0.400_mask_19,76.822,76.82121815884238,76.82121815884238,0.563,76.822,76.82121815884238,76.82121815884238,77.38500000000002,failover_then_repair,failover_then_background_repair,False,0.636532973498106
hvac,lstm,random_forest,additive_bias,0.75,0.4,20,rho_0.400_mask_20,156.449,156.4494800791981,156.4494800791981,0.492,156.449,156.4494800791981,156.4494800791981,156.941,failover_then_repair,failover_then_background_repair,False,0.6462760930880904
hvac,lstm,random_forest,additive_bias,0.75,0.6,1,rho_0.600_mask_01,74.413,74.41372121169115,74.41372121169115,0.492,74.413,74.41372121169115,74.41372121169115,74.905,failover_then_repair,failover_then_background_repair,False,0.6479736566543579
hvac,lstm,random_forest,additive_bias,0.75,0.6,2,rho_0.600_mask_02,71.834,71.83412933101863,71.83412933101863,0.8,71.834,71.83412933101863,71.83412933101863,72.634,failover_then_repair,failover_then_background_repair,False,0.665444677695632
hvac,lstm,random_forest,additive_bias,0.75,0.6,3,rho_0.600_mask_03,73.188,73.18789375199049,73.18789375199049,0.8,73.188,73.18789375199049,73.18789375199049,73.988,failover_then_repair,failover_then_background_repair,False,0.7015875270590186
hvac,lstm,random_forest,additive_bias,0.75,0.6,4,rho_0.600_mask_04,72.518,72.51876335602356,72.51876335602356,0.492,72.518,72.51876335602356,72.51876335602356,73.01,failover_then_repair,failover_then_background_repair,False,0.6402330147102475
hvac,lstm,random_forest,additive_bias,0.75,0.6,5,rho_0.600_mask_05,87.664,87.66426294199846,87.66426294199846,0.492,87.664,87.66426294199846,87.66426294199846,88.156,failover_then_repair,failover_then_background_repair,False,0.6681374283507466
hvac,lstm,random_forest,additive_bias,0.75,0.6,6,rho_0.600_mask_06,72.537,72.5366665622496,72.5366665622496,0.563,72.537,72.5366665622496,72.5366665622496,73.10000000000001,failover_then_repair,failover_then_background_repair,False,0.6465661264955997
hvac,lstm,random_forest,additive_bias,0.75,0.6,7,rho_0.600_mask_07,87.005,87.00632459521512,87.00632459521512,0.563,87.005,87.00632459521512,87.00632459521512,87.568,failover_then_repair,failover_then_background_repair,False,0.6699419543147087
hvac,lstm,random_forest,additive_bias,0.75,0.6,8,rho_0.600_mask_08,74.39,74.38983591747456,74.38983591747456,0.563,74.39,74.38983591747456,74.38983591747456,74.953,failover_then_repair,failover_then_background_repair,False,0.6607691701501608
hvac,lstm,random_forest,additive_bias,0.75,0.6,9,rho_0.600_mask_09,87.658,87.65816754199841,87.65816754199841,0.563,87.658,87.65816754199841,87.65816754199841,88.221,failover_then_repair,failover_then_background_repair,False,0.6704607084393501
hvac,lstm,random_forest,additive_bias,0.75,0.6,10,rho_0.600_mask_10,71.878,71.87872821546625,71.87872821546625,0.492,71.878,71.87872821546625,71.87872821546625,72.37,failover_then_repair,failover_then_background_repair,False,0.6644332697615027
hvac,lstm,random_forest,additive_bias,0.75,0.6,11,rho_0.600_mask_11,90.075,90.07493159313526,90.07493159313526,0.563,90.075,90.07493159313526,90.07493159313526,90.63800000000002,failover_then_repair,failover_then_background_repair,False,0.6428477158769965
hvac,lstm,random_forest,additive_bias,0.75,0.6,12,rho_0.600_mask_12,72.516,72.51595297201857,72.51595297201857,0.492,72.516,72.51595297201857,72.51595297201857,73.00800000000001,failover_then_repair,failover_then_background_repair,False,0.6622571926563978
hvac,lstm,random_forest,additive_bias,0.75,0.6,13,rho_0.600_mask_13,88.342,88.34280156700333,88.34280156700333,0.492,88.342,88.34280156700333,88.34280156700333,88.834,failover_then_repair,failover_then_background_repair,False,0.6578954681754112
hvac,lstm,random_forest,additive_bias,0.75,0.6,14,rho_0.600_mask_14,86.986,86.98622676202649,86.98622676202649,0.8,86.986,86.98622676202649,86.98622676202649,87.786,failover_then_repair,failover_then_background_repair,False,0.656392346136272
hvac,lstm,random_forest,additive_bias,0.75,0.6,15,rho_0.600_mask_15,74.415,74.41433696873355,74.41433696873355,0.492,74.415,74.41433696873355,74.41433696873355,74.90700000000001,failover_then_repair,failover_then_background_repair,False,0.6564462454989552
hvac,lstm,random_forest,additive_bias,0.75,0.6,16,rho_0.600_mask_16,71.83,71.83034186999066,71.83034186999066,0.492,71.83,71.83034186999066,71.83034186999066,72.322,failover_then_repair,failover_then_background_repair,False,0.6783105535432696
hvac,lstm,random_forest,additive_bias,0.75,0.6,17,rho_0.600_mask_17,88.367,88.36766393824291,88.36766393824291,0.8,88.367,88.36766393824291,88.36766393824291,89.167,failover_then_repair,failover_then_background_repair,False,0.6706744022667408
hvac,lstm,random_forest,additive_bias,0.75,0.6,18,rho_0.600_mask_18,72.512,72.5121655109906,72.5121655109906,0.563,72.512,72.5121655109906,72.5121655109906,73.075,failover_then_repair,failover_then_background_repair,False,0.6805555000901222
hvac,lstm,random_forest,additive_bias,0.75,0.6,19,rho_0.600_mask_19,89.542,89.54193334848242,89.54193334848242,0.492,89.542,89.54193334848242,89.54193334848242,90.034,failover_then_repair,failover_then_background_repair,False,0.6667059203609824
hvac,lstm,random_forest,additive_bias,0.75,0.6,20,rho_0.600_mask_20,87.687,87.68814823621506,87.68814823621506,0.492,87.687,87.68814823621506,87.68814823621506,88.179,failover_then_repair,failover_then_background_repair,False,0.6619359413161874
hvac,lstm,random_forest,additive_bias,0.75,0.8,1,rho_0.800_mask_01,72.506,72.50607011099055,72.50607011099055,0.492,72.506,72.50607011099055,72.50607011099055,72.998,failover_then_repair,failover_then_background_repair,False,0.6682977313175797
hvac,lstm,random_forest,additive_bias,0.75,0.8,2,rho_0.800_mask_02,87.658,87.65816754199841,87.65816754199841,0.492,87.658,87.65816754199841,87.65816754199841,88.15,failover_then_repair,failover_then_background_repair,False,0.656879261136055
hvac,lstm,random_forest,additive_bias,0.75,0.8,3,rho_0.800_mask_03,71.83,71.83034186999066,71.83034186999066,0.492,71.83,71.83034186999066,71.83034186999066,72.322,failover_then_repair,failover_then_background_repair,False,0.6798683563247323
hvac,lstm,random_forest,additive_bias,0.75,0.8,4,rho_0.800_mask_04,71.83,71.83034186999066,71.83034186999066,0.492,71.83,71.83034186999066,71.83034186999066,72.322,failover_then_repair,failover_then_background_repair,False,0.6533490726724267
hvac,lstm,random_forest,additive_bias,0.75,0.8,5,rho_0.800_mask_05,72.512,72.5126679560235,72.5126679560235,0.492,72.512,72.5126679560235,72.5126679560235,73.004,failover_then_repair,failover_then_background_repair,False,0.6570531530305743
hvac,lstm,random_forest,additive_bias,0.75,0.8,6,rho_0.800_mask_06,71.83,71.83034186999066,71.83034186999066,0.492,71.83,71.83034186999066,71.83034186999066,72.322,failover_then_repair,failover_then_background_repair,False,0.6735316254198551
hvac,lstm,random_forest,additive_bias,0.75,0.8,7,rho_0.800_mask_07,71.83,71.83034186999066,71.83034186999066,0.492,71.83,71.83034186999066,71.83034186999066,72.322,failover_then_repair,failover_then_background_repair,False,0.714177493005991
hvac,lstm,random_forest,additive_bias,0.75,0.8,8,rho_0.800_mask_08,71.832,71.83315225399565,71.83315225399565,0.492,71.832,71.83315225399565,71.83315225399565,72.324,failover_then_repair,failover_then_background_repair,False,0.6542938910424709
hvac,lstm,random_forest,additive_bias,0.75,0.8,9,rho_0.800_mask_09,86.986,86.98622676202649,86.98622676202649,0.563,86.986,86.98622676202649,86.98622676202649,87.549,failover_then_repair,failover_then_background_repair,False,0.6625041477382183
hvac,lstm,random_forest,additive_bias,0.75,0.8,10,rho_0.800_mask_10,72.518,72.51876335602356,72.51876335602356,0.492,72.518,72.51876335602356,72.51876335602356,73.01,failover_then_repair,failover_then_background_repair,False,0.667211415246129
hvac,lstm,random_forest,additive_bias,0.75,0.8,11,rho_0.800_mask_11,72.512,72.5121655109906,72.5121655109906,0.563,72.512,72.5121655109906,72.5121655109906,73.075,failover_then_repair,failover_then_background_repair,False,0.6678554201498628
hvac,lstm,random_forest,additive_bias,0.75,0.8,12,rho_0.800_mask_12,86.982,86.98243930099852,86.98243930099852,0.492,86.982,86.98243930099852,86.98243930099852,87.474,failover_then_repair,failover_then_background_repair,False,0.6512637557461858
hvac,lstm,random_forest,additive_bias,0.75,0.8,13,rho_0.800_mask_13,87.005,87.00632459521512,87.00632459521512,0.492,87.005,87.00632459521512,87.00632459521512,87.497,failover_then_repair,failover_then_background_repair,False,0.6590854106470942
hvac,lstm,random_forest,additive_bias,0.75,0.8,14,rho_0.800_mask_14,71.853,71.85422716420726,71.85422716420726,0.563,71.853,71.85422716420726,71.85422716420726,72.416,failover_then_repair,failover_then_background_repair,False,0.657724448479712
hvac,lstm,random_forest,additive_bias,0.75,0.8,15,rho_0.800_mask_15,71.83,71.83034186999066,71.83034186999066,0.492,71.83,71.83034186999066,71.83034186999066,72.322,failover_then_repair,failover_then_background_repair,False,0.6921307947486639
hvac,lstm,random_forest,additive_bias,0.75,0.8,16,rho_0.800_mask_16,71.83,71.83034186999066,71.83034186999066,0.492,71.83,71.83034186999066,71.83034186999066,72.322,failover_then_repair,failover_then_background_repair,False,0.6510075433179736
hvac,lstm,random_forest,additive_bias,0.75,0.8,17,rho_0.800_mask_17,71.83,71.83034186999066,71.83034186999066,0.492,71.83,71.83034186999066,71.83034186999066,72.322,failover_then_repair,failover_then_background_repair,False,0.6647293446585536
hvac,lstm,random_forest,additive_bias,0.75,0.8,18,rho_0.800_mask_18,71.83,71.83034186999066,71.83034186999066,0.492,71.83,71.83034186999066,71.83034186999066,72.322,failover_then_repair,failover_then_background_repair,False,0.6734581561759114
hvac,lstm,random_forest,additive_bias,0.75,0.8,19,rho_0.800_mask_19,72.516,72.51595297201857,72.51595297201857,0.492,72.516,72.51595297201857,72.51595297201857,73.00800000000001,failover_then_repair,failover_then_background_repair,False,0.6640386488288641
hvac,lstm,random_forest,additive_bias,0.75,0.8,20,rho_0.800_mask_20,87.658,87.65816754199841,87.65816754199841,0.492,87.658,87.65816754199841,87.65816754199841,88.15,failover_then_repair,failover_then_background_repair,False,0.6787403672933578
hvac,lstm,random_forest,additive_bias,0.75,1.0,0,rho_1.000_nominal,71.83,71.83034186999066,71.83034186999066,0.492,71.83,71.83034186999066,71.83034186999066,72.322,failover_then_repair,failover_then_background_repair,False,0.6707113850861788
hvac,lstm,random_forest,additive_bias,1.0,0.333,1,rho_0.333_mask_01,72.51,72.50985757201852,72.50985757201852,0.563,72.51,72.50985757201852,72.50985757201852,73.07300000000001,failover_then_repair,failover_then_background_repair,False,0.6382641419768333
hvac,lstm,random_forest,additive_bias,1.0,0.333,2,rho_0.333_mask_02,157.131,157.13130372019805,157.13130372019805,0.8,157.131,157.13130372019805,157.13130372019805,157.93100000000004,failover_then_repair,failover_then_background_repair,False,0.6904381541535258
hvac,lstm,random_forest,additive_bias,1.0,0.333,3,rho_0.333_mask_03,90.077,90.07774197714024,90.07774197714024,0.563,90.077,90.07774197714024,90.07774197714024,90.64,failover_then_repair,failover_then_background_repair,False,0.6342377215623856
hvac,lstm,random_forest,additive_bias,1.0,0.333,4,rho_0.333_mask_04,74.417,74.41714735273854,74.41714735273854,0.8,74.417,74.41714735273854,74.41714735273854,75.217,failover_then_repair,failover_then_background_repair,False,0.6483707642182708
hvac,lstm,random_forest,additive_bias,1.0,0.333,5,rho_0.333_mask_05,154.743,154.74282818134816,154.74282818134816,0.492,154.743,154.74282818134816,154.74282818134816,155.235,failover_then_repair,failover_then_background_repair,False,0.6431081211194396
hvac,lstm,random_forest,additive_bias,1.0,0.333,6,rho_0.333_mask_06,87.666,87.66707332600345,87.66707332600345,0.563,87.666,87.66707332600345,87.66707332600345,88.229,failover_then_repair,failover_then_background_repair,False,0.6356574231758714
hvac,lstm,random_forest,additive_bias,1.0,0.333,7,rho_0.333_mask_07,88.365,88.36449223425734,88.36449223425734,0.492,88.365,88.36449223425734,88.36449223425734,88.85700000000001,failover_then_repair,failover_then_background_repair,False,0.6315377689898014
hvac,lstm,random_forest,additive_bias,1.0,0.333,8,rho_0.333_mask_08,74.392,74.39264630147954,74.39264630147954,0.563,74.392,74.39264630147954,74.39264630147954,74.955,failover_then_repair,failover_then_background_repair,False,0.6324998959898949
hvac,lstm,random_forest,additive_bias,1.0,0.333,9,rho_0.333_mask_09,155.425,155.4246518223481,155.4246518223481,0.8,155.425,155.4246518223481,155.4246518223481,156.22500000000005,failover_then_repair,failover_then_background_repair,False,0.6489891391247511
hvac,lstm,random_forest,additive_bias,1.0,0.333,10,rho_0.333_mask_10,87.712,87.71264928747405,87.71264928747405,0.8,87.712,87.71264928747405,87.71264928747405,88.512,failover_then_repair,failover_then_background_repair,False,0.6873567085713148
hvac,lstm,random_forest,additive_bias,1.0,0.333,11,rho_0.333_mask_11,87.691,87.69193569724303,87.69193569724303,0.8,87.691,87.69193569724303,87.69193569724303,88.491,failover_then_repair,failover_then_background_repair,False,0.6407699733972549
hvac,lstm,random_forest,additive_bias,1.0,0.333,12,rho_0.333_mask_12,91.955,91.9554123836242,91.9554123836242,0.492,91.955,91.9554123836242,91.9554123836242,92.44700000000002,failover_then_repair,failover_then_background_repair,False,0.6378517793491483
hvac,lstm,random_forest,additive_bias,1.0,0.333,13,rho_0.333_mask_13,89.391,89.39213087511234,89.39213087511234,0.563,89.391,89.39213087511234,89.39213087511234,89.95400000000001,failover_then_repair,failover_then_background_repair,False,0.6500398479402065
hvac,lstm,random_forest,additive_bias,1.0,0.333,14,rho_0.333_mask_14,155.402,155.4029611550941,155.4029611550941,0.492,155.402,155.4029611550941,155.4029611550941,155.894,failover_then_repair,failover_then_background_repair,False,0.6450699577108026
hvac,lstm,random_forest,additive_bias,1.0,0.333,15,rho_0.333_mask_15,72.508,72.50888049499554,72.50888049499554,0.8,72.508,72.50888049499554,72.50888049499554,73.30799999999999,failover_then_repair,failover_then_background_repair,False,0.6322107845917344
hvac,lstm,random_forest,additive_bias,1.0,0.333,16,rho_0.333_mask_16,157.303,157.30232222883205,157.30232222883205,0.563,157.303,157.30232222883205,157.30232222883205,157.866,failover_then_repair,failover_then_background_repair,False,0.6585042383521795
hvac,lstm,random_forest,additive_bias,1.0,0.333,17,rho_0.333_mask_17,90.218,90.2176615894823,90.2176615894823,0.492,90.218,90.2176615894823,90.2176615894823,90.71,failover_then_repair,failover_then_background_repair,False,0.6487425677478313
hvac,lstm,random_forest,additive_bias,1.0,0.333,18,rho_0.333_mask_18,154.067,154.06709994034827,154.06709994034827,0.563,154.067,154.06709994034827,154.06709994034827,154.63,failover_then_repair,failover_then_background_repair,False,0.681446511298418
hvac,lstm,random_forest,additive_bias,1.0,0.333,19,rho_0.333_mask_19,87.691,87.69193569724303,87.69193569724303,0.563,87.691,87.69193569724303,87.69193569724303,88.254,failover_then_repair,failover_then_background_repair,False,0.6273141046985984
hvac,lstm,random_forest,additive_bias,1.0,0.333,20,rho_0.333_mask_20,72.533,72.53338154625453,72.53338154625453,0.8,72.533,72.53338154625453,72.53338154625453,73.333,failover_then_repair,failover_then_background_repair,False,0.6607069652527571
hvac,lstm,random_forest,additive_bias,1.0,0.4,1,rho_0.400_mask_01,71.836,71.83693971502362,71.83693971502362,0.563,71.836,71.83693971502362,71.83693971502362,72.399,failover_then_repair,failover_then_background_repair,False,0.6509357867762446
hvac,lstm,random_forest,additive_bias,1.0,0.4,2,rho_0.400_mask_02,91.976,91.97648729383582,91.97648729383582,0.8,91.976,91.97648729383582,91.97648729383582,92.776,failover_then_repair,failover_then_background_repair,False,0.6423753472045064
hvac,lstm,random_forest,additive_bias,1.0,0.4,3,rho_0.400_mask_03,74.944,74.94354775235843,74.94354775235843,0.563,74.944,74.94354775235843,74.94354775235843,75.50700000000002,failover_then_repair,failover_then_background_repair,False,0.6483128741383553
hvac,lstm,random_forest,additive_bias,1.0,0.4,4,rho_0.400_mask_04,87.687,87.68814823621506,87.68814823621506,0.8,87.687,87.68814823621506,87.68814823621506,88.487,failover_then_repair,failover_then_background_repair,False,0.6463049985468388
hvac,lstm,random_forest,additive_bias,1.0,0.4,5,rho_0.400_mask_05,157.301,157.30170647178966,157.30170647178966,0.563,157.301,157.30170647178966,157.30170647178966,157.864,failover_then_repair,failover_then_background_repair,False,0.6511426484212279
hvac,lstm,random_forest,additive_bias,1.0,0.4,6,rho_0.400_mask_06,87.664,87.66426294199846,87.66426294199846,0.563,87.664,87.66426294199846,87.66426294199846,88.227,failover_then_repair,failover_then_background_repair,False,0.6811870187520981
hvac,lstm,random_forest,additive_bias,1.0,0.4,7,rho_0.400_mask_07,74.264,74.26453449536348,74.26453449536348,0.563,74.264,74.26453449536348,74.26453449536348,74.82700000000001,failover_then_repair,failover_then_background_repair,False,0.6358628943562508
hvac,lstm,random_forest,additive_bias,1.0,0.4,8,rho_0.400_mask_08,159.036,159.036285561946,159.036285561946,0.8,159.036,159.036285561946,159.036285561946,159.836,failover_then_repair,failover_then_background_repair,False,0.6443118937313557
hvac,lstm,random_forest,additive_bias,1.0,0.4,9,rho_0.400_mask_09,74.285,74.28560940557509,74.28560940557509,0.8,74.285,74.28560940557509,74.28560940557509,75.08500000000001,failover_then_repair,failover_then_background_repair,False,0.644877728074789
hvac,lstm,random_forest,additive_bias,1.0,0.4,10,rho_0.400_mask_10,88.365,88.36449223425734,88.36449223425734,0.8,88.365,88.36449223425734,88.36449223425734,89.165,failover_then_repair,failover_then_background_repair,False,0.6472132671624422
hvac,lstm,random_forest,additive_bias,1.0,0.4,11,rho_0.400_mask_11,75.091,75.09006520973344,75.09006520973344,0.563,75.091,75.09006520973344,75.09006520973344,75.65400000000001,failover_then_repair,failover_then_background_repair,False,0.6461343485862017
hvac,lstm,random_forest,additive_bias,1.0,0.4,12,rho_0.400_mask_12,75.068,75.06837454247943,75.06837454247943,0.563,75.068,75.06837454247943,75.06837454247943,75.631,failover_then_repair,failover_then_background_repair,False,0.6572094270959496
hvac,lstm,random_forest,additive_bias,1.0,0.4,13,rho_0.400_mask_13,87.005,87.00632459521512,87.00632459521512,0.8,87.005,87.00632459521512,87.00632459521512,87.80499999999999,failover_then_repair,failover_then_background_repair,False,0.7054750276729465
hvac,lstm,random_forest,additive_bias,1.0,0.4,14,rho_0.400_mask_14,72.518,72.51876335602356,72.51876335602356,0.563,72.518,72.51876335602356,72.51876335602356,73.081,failover_then_repair,failover_then_background_repair,False,0.6958433007821441
hvac,lstm,random_forest,additive_bias,1.0,0.4,15,rho_0.400_mask_15,74.39,74.38983591747456,74.38983591747456,0.492,74.39,74.38983591747456,74.38983591747456,74.882,failover_then_repair,failover_then_background_repair,False,0.6387510495260358
hvac,lstm,random_forest,additive_bias,1.0,0.4,16,rho_0.400_mask_16,74.241,74.24101052112746,74.24101052112746,0.492,74.241,74.24101052112746,74.24101052112746,74.73300000000002,failover_then_repair,failover_then_background_repair,False,0.6367699950933456
hvac,lstm,random_forest,additive_bias,1.0,0.4,17,rho_0.400_mask_17,88.365,88.36449223425734,88.36449223425734,0.563,88.365,88.36449223425734,88.36449223425734,88.92800000000001,failover_then_repair,failover_then_background_repair,False,0.6531203426420689
hvac,lstm,random_forest,additive_bias,1.0,0.4,18,rho_0.400_mask_18,89.542,89.54193334848242,89.54193334848242,0.563,89.542,89.54193334848242,89.54193334848242,90.105,failover_then_repair,failover_then_background_repair,False,0.64006781950593
hvac,lstm,random_forest,additive_bias,1.0,0.4,19,rho_0.400_mask_19,76.822,76.82121815884238,76.82121815884238,0.563,76.822,76.82121815884238,76.82121815884238,77.38500000000002,failover_then_repair,failover_then_background_repair,False,0.6406494146212935
hvac,lstm,random_forest,additive_bias,1.0,0.4,20,rho_0.400_mask_20,156.449,156.4494800791981,156.4494800791981,0.492,156.449,156.4494800791981,156.4494800791981,156.941,failover_then_repair,failover_then_background_repair,False,0.6229834631085396
hvac,lstm,random_forest,additive_bias,1.0,0.6,1,rho_0.600_mask_01,74.413,74.41372121169115,74.41372121169115,0.492,74.413,74.41372121169115,74.41372121169115,74.905,failover_then_repair,failover_then_background_repair,False,0.6572626903653145
hvac,lstm,random_forest,additive_bias,1.0,0.6,2,rho_0.600_mask_02,71.834,71.83412933101863,71.83412933101863,0.8,71.834,71.83412933101863,71.83412933101863,72.634,failover_then_repair,failover_then_background_repair,False,0.6950256936252117
hvac,lstm,random_forest,additive_bias,1.0,0.6,3,rho_0.600_mask_03,73.188,73.18789375199049,73.18789375199049,0.8,73.188,73.18789375199049,73.18789375199049,73.988,failover_then_repair,failover_then_background_repair,False,0.6428876128047705
hvac,lstm,random_forest,additive_bias,1.0,0.6,4,rho_0.600_mask_04,72.518,72.51876335602356,72.51876335602356,0.492,72.518,72.51876335602356,72.51876335602356,73.01,failover_then_repair,failover_then_background_repair,False,0.6600219300016761
hvac,lstm,random_forest,additive_bias,1.0,0.6,5,rho_0.600_mask_05,87.664,87.66426294199846,87.66426294199846,0.492,87.664,87.66426294199846,87.66426294199846,88.156,failover_then_repair,failover_then_background_repair,False,0.6447496376931667
hvac,lstm,random_forest,additive_bias,1.0,0.6,6,rho_0.600_mask_06,72.537,72.5366665622496,72.5366665622496,0.563,72.537,72.5366665622496,72.5366665622496,73.10000000000001,failover_then_repair,failover_then_background_repair,False,0.6546404277905822
hvac,lstm,random_forest,additive_bias,1.0,0.6,7,rho_0.600_mask_07,87.005,87.00632459521512,87.00632459521512,0.563,87.005,87.00632459521512,87.00632459521512,87.568,failover_then_repair,failover_then_background_repair,False,0.6556155355647206
hvac,lstm,random_forest,additive_bias,1.0,0.6,8,rho_0.600_mask_08,74.39,74.38983591747456,74.38983591747456,0.563,74.39,74.38983591747456,74.38983591747456,74.953,failover_then_repair,failover_then_background_repair,False,0.6477946927770972
hvac,lstm,random_forest,additive_bias,1.0,0.6,9,rho_0.600_mask_09,87.658,87.65816754199841,87.65816754199841,0.563,87.658,87.65816754199841,87.65816754199841,88.221,failover_then_repair,failover_then_background_repair,False,0.6732755498960614
hvac,lstm,random_forest,additive_bias,1.0,0.6,10,rho_0.600_mask_10,71.878,71.87872821546625,71.87872821546625,0.492,71.878,71.87872821546625,71.87872821546625,72.37,failover_then_repair,failover_then_background_repair,False,0.6849827924743295
hvac,lstm,random_forest,additive_bias,1.0,0.6,11,rho_0.600_mask_11,90.075,90.07493159313526,90.07493159313526,0.563,90.075,90.07493159313526,90.07493159313526,90.63800000000002,failover_then_repair,failover_then_background_repair,False,0.6515852548182011
hvac,lstm,random_forest,additive_bias,1.0,0.6,12,rho_0.600_mask_12,72.516,72.51595297201857,72.51595297201857,0.492,72.516,72.51595297201857,72.51595297201857,73.00800000000001,failover_then_repair,failover_then_background_repair,False,0.6872450523078442
hvac,lstm,random_forest,additive_bias,1.0,0.6,13,rho_0.600_mask_13,88.342,88.34280156700333,88.34280156700333,0.492,88.342,88.34280156700333,88.34280156700333,88.834,failover_then_repair,failover_then_background_repair,False,0.6469359267503023
hvac,lstm,random_forest,additive_bias,1.0,0.6,14,rho_0.600_mask_14,86.986,86.98622676202649,86.98622676202649,0.8,86.986,86.98622676202649,86.98622676202649,87.786,failover_then_repair,failover_then_background_repair,False,0.6729087848216295
hvac,lstm,random_forest,additive_bias,1.0,0.6,15,rho_0.600_mask_15,74.415,74.41433696873355,74.41433696873355,0.492,74.415,74.41433696873355,74.41433696873355,74.90700000000001,failover_then_repair,failover_then_background_repair,False,0.6593824187293649
hvac,lstm,random_forest,additive_bias,1.0,0.6,16,rho_0.600_mask_16,71.83,71.83034186999066,71.83034186999066,0.492,71.83,71.83034186999066,71.83034186999066,72.322,failover_then_repair,failover_then_background_repair,False,0.6702890545129776
hvac,lstm,random_forest,additive_bias,1.0,0.6,17,rho_0.600_mask_17,88.367,88.36766393824291,88.36766393824291,0.8,88.367,88.36766393824291,88.36766393824291,89.167,failover_then_repair,failover_then_background_repair,False,0.6370884478092194
hvac,lstm,random_forest,additive_bias,1.0,0.6,18,rho_0.600_mask_18,72.512,72.5121655109906,72.5121655109906,0.563,72.512,72.5121655109906,72.5121655109906,73.075,failover_then_repair,failover_then_background_repair,False,0.6910000806674361
hvac,lstm,random_forest,additive_bias,1.0,0.6,19,rho_0.600_mask_19,89.542,89.54193334848242,89.54193334848242,0.492,89.542,89.54193334848242,89.54193334848242,90.034,failover_then_repair,failover_then_background_repair,False,0.6435069590806961
hvac,lstm,random_forest,additive_bias,1.0,0.6,20,rho_0.600_mask_20,87.687,87.68814823621506,87.68814823621506,0.492,87.687,87.68814823621506,87.68814823621506,88.179,failover_then_repair,failover_then_background_repair,False,0.6602839035913348
hvac,lstm,random_forest,additive_bias,1.0,0.8,1,rho_0.800_mask_01,72.506,72.50607011099055,72.50607011099055,0.492,72.506,72.50607011099055,72.50607011099055,72.998,failover_then_repair,failover_then_background_repair,False,0.6596958609297872
hvac,lstm,random_forest,additive_bias,1.0,0.8,2,rho_0.800_mask_02,87.658,87.65816754199841,87.65816754199841,0.492,87.658,87.65816754199841,87.65816754199841,88.15,failover_then_repair,failover_then_background_repair,False,0.6589496042579412
hvac,lstm,random_forest,additive_bias,1.0,0.8,3,rho_0.800_mask_03,71.83,71.83034186999066,71.83034186999066,0.492,71.83,71.83034186999066,71.83034186999066,72.322,failover_then_repair,failover_then_background_repair,False,0.6691331658512354
hvac,lstm,random_forest,additive_bias,1.0,0.8,4,rho_0.800_mask_04,71.83,71.83034186999066,71.83034186999066,0.492,71.83,71.83034186999066,71.83034186999066,72.322,failover_then_repair,failover_then_background_repair,False,0.6761925518512726
hvac,lstm,random_forest,additive_bias,1.0,0.8,5,rho_0.800_mask_05,72.512,72.5126679560235,72.5126679560235,0.492,72.512,72.5126679560235,72.5126679560235,73.004,failover_then_repair,failover_then_background_repair,False,0.6680995291098952
hvac,lstm,random_forest,additive_bias,1.0,0.8,6,rho_0.800_mask_06,71.83,71.83034186999066,71.83034186999066,0.492,71.83,71.83034186999066,71.83034186999066,72.322,failover_then_repair,failover_then_background_repair,False,0.7164110876619816
hvac,lstm,random_forest,additive_bias,1.0,0.8,7,rho_0.800_mask_07,71.83,71.83034186999066,71.83034186999066,0.492,71.83,71.83034186999066,71.83034186999066,72.322,failover_then_repair,failover_then_background_repair,False,0.6722541013732553
hvac,lstm,random_forest,additive_bias,1.0,0.8,8,rho_0.800_mask_08,71.832,71.83315225399565,71.83315225399565,0.492,71.832,71.83315225399565,71.83315225399565,72.324,failover_then_repair,failover_then_background_repair,False,0.6923315040767193
hvac,lstm,random_forest,additive_bias,1.0,0.8,9,rho_0.800_mask_09,86.986,86.98622676202649,86.98622676202649,0.563,86.986,86.98622676202649,86.98622676202649,87.549,failover_then_repair,failover_then_background_repair,False,0.6642951369285583
hvac,lstm,random_forest,additive_bias,1.0,0.8,10,rho_0.800_mask_10,72.518,72.51876335602356,72.51876335602356,0.492,72.518,72.51876335602356,72.51876335602356,73.01,failover_then_repair,failover_then_background_repair,False,0.6690218560397625
hvac,lstm,random_forest,additive_bias,1.0,0.8,11,rho_0.800_mask_11,72.512,72.5121655109906,72.5121655109906,0.563,72.512,72.5121655109906,72.5121655109906,73.075,failover_then_repair,failover_then_background_repair,False,0.7045388137921691
hvac,lstm,random_forest,additive_bias,1.0,0.8,12,rho_0.800_mask_12,86.982,86.98243930099852,86.98243930099852,0.492,86.982,86.98243930099852,86.98243930099852,87.474,failover_then_repair,failover_then_background_repair,False,0.6877357270568609
hvac,lstm,random_forest,additive_bias,1.0,0.8,13,rho_0.800_mask_13,87.005,87.00632459521512,87.00632459521512,0.492,87.005,87.00632459521512,87.00632459521512,87.497,failover_then_repair,failover_then_background_repair,False,0.6790269464254379
hvac,lstm,random_forest,additive_bias,1.0,0.8,14,rho_0.800_mask_14,71.853,71.85422716420726,71.85422716420726,0.563,71.853,71.85422716420726,71.85422716420726,72.416,failover_then_repair,failover_then_background_repair,False,0.6470985682681203
hvac,lstm,random_forest,additive_bias,1.0,0.8,15,rho_0.800_mask_15,71.83,71.83034186999066,71.83034186999066,0.492,71.83,71.83034186999066,71.83034186999066,72.322,failover_then_repair,failover_then_background_repair,False,0.6964328568428755
hvac,lstm,random_forest,additive_bias,1.0,0.8,16,rho_0.800_mask_16,71.83,71.83034186999066,71.83034186999066,0.492,71.83,71.83034186999066,71.83034186999066,72.322,failover_then_repair,failover_then_background_repair,False,0.6454649455845356
hvac,lstm,random_forest,additive_bias,1.0,0.8,17,rho_0.800_mask_17,71.83,71.83034186999066,71.83034186999066,0.492,71.83,71.83034186999066,71.83034186999066,72.322,failover_then_repair,failover_then_background_repair,False,0.6669557513669133
hvac,lstm,random_forest,additive_bias,1.0,0.8,18,rho_0.800_mask_18,71.83,71.83034186999066,71.83034186999066,0.492,71.83,71.83034186999066,71.83034186999066,72.322,failover_then_repair,failover_then_background_repair,False,0.6631327690556645
hvac,lstm,random_forest,additive_bias,1.0,0.8,19,rho_0.800_mask_19,72.516,72.51595297201857,72.51595297201857,0.492,72.516,72.51595297201857,72.51595297201857,73.00800000000001,failover_then_repair,failover_then_background_repair,False,0.6572813028469682
hvac,lstm,random_forest,additive_bias,1.0,0.8,20,rho_0.800_mask_20,87.658,87.65816754199841,87.65816754199841,0.492,87.658,87.65816754199841,87.65816754199841,88.15,failover_then_repair,failover_then_background_repair,False,0.6766728376969695
hvac,lstm,random_forest,additive_bias,1.0,1.0,0,rho_1.000_nominal,71.83,71.83034186999066,71.83034186999066,0.492,71.83,71.83034186999066,71.83034186999066,72.322,failover_then_repair,failover_then_background_repair,False,0.697947571054101
hvac,lstm,random_forest,drift,0.0,0.333,1,rho_0.333_mask_01,0.0,0.0,0.0,0.0,0.0,0.0,0.0,0.0,no_recovery_required,baseline_or_no_recovery,False,0.0
hvac,lstm,random_forest,drift,0.0,0.333,2,rho_0.333_mask_02,0.0,0.0,0.0,0.0,0.0,0.0,0.0,0.0,no_recovery_required,baseline_or_no_recovery,False,0.0
hvac,lstm,random_forest,drift,0.0,0.333,3,rho_0.333_mask_03,0.0,0.0,0.0,0.0,0.0,0.0,0.0,0.0,no_recovery_required,baseline_or_no_recovery,False,0.0
hvac,lstm,random_forest,drift,0.0,0.333,4,rho_0.333_mask_04,0.0,0.0,0.0,0.0,0.0,0.0,0.0,0.0,no_recovery_required,baseline_or_no_recovery,False,0.0
hvac,lstm,random_forest,drift,0.0,0.333,5,rho_0.333_mask_05,0.0,0.0,0.0,0.0,0.0,0.0,0.0,0.0,no_recovery_required,baseline_or_no_recovery,False,0.0
hvac,lstm,random_forest,drift,0.0,0.333,6,rho_0.333_mask_06,0.0,0.0,0.0,0.0,0.0,0.0,0.0,0.0,no_recovery_required,baseline_or_no_recovery,False,0.0
hvac,lstm,random_forest,drift,0.0,0.333,7,rho_0.333_mask_07,0.0,0.0,0.0,0.0,0.0,0.0,0.0,0.0,no_recovery_required,baseline_or_no_recovery,False,0.0
hvac,lstm,random_forest,drift,0.0,0.333,8,rho_0.333_mask_08,0.0,0.0,0.0,0.0,0.0,0.0,0.0,0.0,no_recovery_required,baseline_or_no_recovery,False,0.0
hvac,lstm,random_forest,drift,0.0,0.333,9,rho_0.333_mask_09,0.0,0.0,0.0,0.0,0.0,0.0,0.0,0.0,no_recovery_required,baseline_or_no_recovery,False,0.0
hvac,lstm,random_forest,drift,0.0,0.333,10,rho_0.333_mask_10,0.0,0.0,0.0,0.0,0.0,0.0,0.0,0.0,no_recovery_required,baseline_or_no_recovery,False,0.0
hvac,lstm,random_forest,drift,0.0,0.333,11,rho_0.333_mask_11,0.0,0.0,0.0,0.0,0.0,0.0,0.0,0.0,no_recovery_required,baseline_or_no_recovery,False,0.0
hvac,lstm,random_forest,drift,0.0,0.333,12,rho_0.333_mask_12,0.0,0.0,0.0,0.0,0.0,0.0,0.0,0.0,no_recovery_required,baseline_or_no_recovery,False,0.0
hvac,lstm,random_forest,drift,0.0,0.333,13,rho_0.333_mask_13,0.0,0.0,0.0,0.0,0.0,0.0,0.0,0.0,no_recovery_required,baseline_or_no_recovery,False,0.0
hvac,lstm,random_forest,drift,0.0,0.333,14,rho_0.333_mask_14,0.0,0.0,0.0,0.0,0.0,0.0,0.0,0.0,no_recovery_required,baseline_or_no_recovery,False,0.0
hvac,lstm,random_forest,drift,0.0,0.333,15,rho_0.333_mask_15,0.0,0.0,0.0,0.0,0.0,0.0,0.0,0.0,no_recovery_required,baseline_or_no_recovery,False,0.0
hvac,lstm,random_forest,drift,0.0,0.333,16,rho_0.333_mask_16,0.0,0.0,0.0,0.0,0.0,0.0,0.0,0.0,no_recovery_required,baseline_or_no_recovery,False,0.0
hvac,lstm,random_forest,drift,0.0,0.333,17,rho_0.333_mask_17,0.0,0.0,0.0,0.0,0.0,0.0,0.0,0.0,no_recovery_required,baseline_or_no_recovery,False,0.0
hvac,lstm,random_forest,drift,0.0,0.333,18,rho_0.333_mask_18,0.0,0.0,0.0,0.0,0.0,0.0,0.0,0.0,no_recovery_required,baseline_or_no_recovery,False,0.0
hvac,lstm,random_forest,drift,0.0,0.333,19,rho_0.333_mask_19,0.0,0.0,0.0,0.0,0.0,0.0,0.0,0.0,no_recovery_required,baseline_or_no_recovery,False,0.0
hvac,lstm,random_forest,drift,0.0,0.333,20,rho_0.333_mask_20,0.0,0.0,0.0,0.0,0.0,0.0,0.0,0.0,no_recovery_required,baseline_or_no_recovery,False,0.0
hvac,lstm,random_forest,drift,0.0,0.4,1,rho_0.400_mask_01,0.0,0.0,0.0,0.0,0.0,0.0,0.0,0.0,no_recovery_required,baseline_or_no_recovery,False,0.0
hvac,lstm,random_forest,drift,0.0,0.4,2,rho_0.400_mask_02,0.0,0.0,0.0,0.0,0.0,0.0,0.0,0.0,no_recovery_required,baseline_or_no_recovery,False,0.0
hvac,lstm,random_forest,drift,0.0,0.4,3,rho_0.400_mask_03,0.0,0.0,0.0,0.0,0.0,0.0,0.0,0.0,no_recovery_required,baseline_or_no_recovery,False,0.0
hvac,lstm,random_forest,drift,0.0,0.4,4,rho_0.400_mask_04,0.0,0.0,0.0,0.0,0.0,0.0,0.0,0.0,no_recovery_required,baseline_or_no_recovery,False,0.0
hvac,lstm,random_forest,drift,0.0,0.4,5,rho_0.400_mask_05,0.0,0.0,0.0,0.0,0.0,0.0,0.0,0.0,no_recovery_required,baseline_or_no_recovery,False,0.0
hvac,lstm,random_forest,drift,0.0,0.4,6,rho_0.400_mask_06,0.0,0.0,0.0,0.0,0.0,0.0,0.0,0.0,no_recovery_required,baseline_or_no_recovery,False,0.0
hvac,lstm,random_forest,drift,0.0,0.4,7,rho_0.400_mask_07,0.0,0.0,0.0,0.0,0.0,0.0,0.0,0.0,no_recovery_required,baseline_or_no_recovery,False,0.0
hvac,lstm,random_forest,drift,0.0,0.4,8,rho_0.400_mask_08,0.0,0.0,0.0,0.0,0.0,0.0,0.0,0.0,no_recovery_required,baseline_or_no_recovery,False,0.0
hvac,lstm,random_forest,drift,0.0,0.4,9,rho_0.400_mask_09,0.0,0.0,0.0,0.0,0.0,0.0,0.0,0.0,no_recovery_required,baseline_or_no_recovery,False,0.0
hvac,lstm,random_forest,drift,0.0,0.4,10,rho_0.400_mask_10,0.0,0.0,0.0,0.0,0.0,0.0,0.0,0.0,no_recovery_required,baseline_or_no_recovery,False,0.0
hvac,lstm,random_forest,drift,0.0,0.4,11,rho_0.400_mask_11,0.0,0.0,0.0,0.0,0.0,0.0,0.0,0.0,no_recovery_required,baseline_or_no_recovery,False,0.0
hvac,lstm,random_forest,drift,0.0,0.4,12,rho_0.400_mask_12,0.0,0.0,0.0,0.0,0.0,0.0,0.0,0.0,no_recovery_required,baseline_or_no_recovery,False,0.0
hvac,lstm,random_forest,drift,0.0,0.4,13,rho_0.400_mask_13,0.0,0.0,0.0,0.0,0.0,0.0,0.0,0.0,no_recovery_required,baseline_or_no_recovery,False,0.0
hvac,lstm,random_forest,drift,0.0,0.4,14,rho_0.400_mask_14,0.0,0.0,0.0,0.0,0.0,0.0,0.0,0.0,no_recovery_required,baseline_or_no_recovery,False,0.0
hvac,lstm,random_forest,drift,0.0,0.4,15,rho_0.400_mask_15,0.0,0.0,0.0,0.0,0.0,0.0,0.0,0.0,no_recovery_required,baseline_or_no_recovery,False,0.0
hvac,lstm,random_forest,drift,0.0,0.4,16,rho_0.400_mask_16,0.0,0.0,0.0,0.0,0.0,0.0,0.0,0.0,no_recovery_required,baseline_or_no_recovery,False,0.0
hvac,lstm,random_forest,drift,0.0,0.4,17,rho_0.400_mask_17,0.0,0.0,0.0,0.0,0.0,0.0,0.0,0.0,no_recovery_required,baseline_or_no_recovery,False,0.0
hvac,lstm,random_forest,drift,0.0,0.4,18,rho_0.400_mask_18,0.0,0.0,0.0,0.0,0.0,0.0,0.0,0.0,no_recovery_required,baseline_or_no_recovery,False,0.0
hvac,lstm,random_forest,drift,0.0,0.4,19,rho_0.400_mask_19,0.0,0.0,0.0,0.0,0.0,0.0,0.0,0.0,no_recovery_required,baseline_or_no_recovery,False,0.0
hvac,lstm,random_forest,drift,0.0,0.4,20,rho_0.400_mask_20,0.0,0.0,0.0,0.0,0.0,0.0,0.0,0.0,no_recovery_required,baseline_or_no_recovery,False,0.0
hvac,lstm,random_forest,drift,0.0,0.6,1,rho_0.600_mask_01,0.0,0.0,0.0,0.0,0.0,0.0,0.0,0.0,no_recovery_required,baseline_or_no_recovery,False,0.0
hvac,lstm,random_forest,drift,0.0,0.6,2,rho_0.600_mask_02,0.0,0.0,0.0,0.0,0.0,0.0,0.0,0.0,no_recovery_required,baseline_or_no_recovery,False,0.0
hvac,lstm,random_forest,drift,0.0,0.6,3,rho_0.600_mask_03,0.0,0.0,0.0,0.0,0.0,0.0,0.0,0.0,no_recovery_required,baseline_or_no_recovery,False,0.0
hvac,lstm,random_forest,drift,0.0,0.6,4,rho_0.600_mask_04,0.0,0.0,0.0,0.0,0.0,0.0,0.0,0.0,no_recovery_required,baseline_or_no_recovery,False,0.0
hvac,lstm,random_forest,drift,0.0,0.6,5,rho_0.600_mask_05,0.0,0.0,0.0,0.0,0.0,0.0,0.0,0.0,no_recovery_required,baseline_or_no_recovery,False,0.0
hvac,lstm,random_forest,drift,0.0,0.6,6,rho_0.600_mask_06,0.0,0.0,0.0,0.0,0.0,0.0,0.0,0.0,no_recovery_required,baseline_or_no_recovery,False,0.0
hvac,lstm,random_forest,drift,0.0,0.6,7,rho_0.600_mask_07,0.0,0.0,0.0,0.0,0.0,0.0,0.0,0.0,no_recovery_required,baseline_or_no_recovery,False,0.0
hvac,lstm,random_forest,drift,0.0,0.6,8,rho_0.600_mask_08,0.0,0.0,0.0,0.0,0.0,0.0,0.0,0.0,no_recovery_required,baseline_or_no_recovery,False,0.0
hvac,lstm,random_forest,drift,0.0,0.6,9,rho_0.600_mask_09,0.0,0.0,0.0,0.0,0.0,0.0,0.0,0.0,no_recovery_required,baseline_or_no_recovery,False,0.0
hvac,lstm,random_forest,drift,0.0,0.6,10,rho_0.600_mask_10,0.0,0.0,0.0,0.0,0.0,0.0,0.0,0.0,no_recovery_required,baseline_or_no_recovery,False,0.0
hvac,lstm,random_forest,drift,0.0,0.6,11,rho_0.600_mask_11,0.0,0.0,0.0,0.0,0.0,0.0,0.0,0.0,no_recovery_required,baseline_or_no_recovery,False,0.0
hvac,lstm,random_forest,drift,0.0,0.6,12,rho_0.600_mask_12,0.0,0.0,0.0,0.0,0.0,0.0,0.0,0.0,no_recovery_required,baseline_or_no_recovery,False,0.0
hvac,lstm,random_forest,drift,0.0,0.6,13,rho_0.600_mask_13,0.0,0.0,0.0,0.0,0.0,0.0,0.0,0.0,no_recovery_required,baseline_or_no_recovery,False,0.0
hvac,lstm,random_forest,drift,0.0,0.6,14,rho_0.600_mask_14,0.0,0.0,0.0,0.0,0.0,0.0,0.0,0.0,no_recovery_required,baseline_or_no_recovery,False,0.0
hvac,lstm,random_forest,drift,0.0,0.6,15,rho_0.600_mask_15,0.0,0.0,0.0,0.0,0.0,0.0,0.0,0.0,no_recovery_required,baseline_or_no_recovery,False,0.0
hvac,lstm,random_forest,drift,0.0,0.6,16,rho_0.600_mask_16,0.0,0.0,0.0,0.0,0.0,0.0,0.0,0.0,no_recovery_required,baseline_or_no_recovery,False,0.0
hvac,lstm,random_forest,drift,0.0,0.6,17,rho_0.600_mask_17,0.0,0.0,0.0,0.0,0.0,0.0,0.0,0.0,no_recovery_required,baseline_or_no_recovery,False,0.0
hvac,lstm,random_forest,drift,0.0,0.6,18,rho_0.600_mask_18,0.0,0.0,0.0,0.0,0.0,0.0,0.0,0.0,no_recovery_required,baseline_or_no_recovery,False,0.0
hvac,lstm,random_forest,drift,0.0,0.6,19,rho_0.600_mask_19,0.0,0.0,0.0,0.0,0.0,0.0,0.0,0.0,no_recovery_required,baseline_or_no_recovery,False,0.0
hvac,lstm,random_forest,drift,0.0,0.6,20,rho_0.600_mask_20,0.0,0.0,0.0,0.0,0.0,0.0,0.0,0.0,no_recovery_required,baseline_or_no_recovery,False,0.0
hvac,lstm,random_forest,drift,0.0,0.8,1,rho_0.800_mask_01,0.0,0.0,0.0,0.0,0.0,0.0,0.0,0.0,no_recovery_required,baseline_or_no_recovery,False,0.0
hvac,lstm,random_forest,drift,0.0,0.8,2,rho_0.800_mask_02,0.0,0.0,0.0,0.0,0.0,0.0,0.0,0.0,no_recovery_required,baseline_or_no_recovery,False,0.0
hvac,lstm,random_forest,drift,0.0,0.8,3,rho_0.800_mask_03,0.0,0.0,0.0,0.0,0.0,0.0,0.0,0.0,no_recovery_required,baseline_or_no_recovery,False,0.0
hvac,lstm,random_forest,drift,0.0,0.8,4,rho_0.800_mask_04,0.0,0.0,0.0,0.0,0.0,0.0,0.0,0.0,no_recovery_required,baseline_or_no_recovery,False,0.0
hvac,lstm,random_forest,drift,0.0,0.8,5,rho_0.800_mask_05,0.0,0.0,0.0,0.0,0.0,0.0,0.0,0.0,no_recovery_required,baseline_or_no_recovery,False,0.0
hvac,lstm,random_forest,drift,0.0,0.8,6,rho_0.800_mask_06,0.0,0.0,0.0,0.0,0.0,0.0,0.0,0.0,no_recovery_required,baseline_or_no_recovery,False,0.0
hvac,lstm,random_forest,drift,0.0,0.8,7,rho_0.800_mask_07,0.0,0.0,0.0,0.0,0.0,0.0,0.0,0.0,no_recovery_required,baseline_or_no_recovery,False,0.0
hvac,lstm,random_forest,drift,0.0,0.8,8,rho_0.800_mask_08,0.0,0.0,0.0,0.0,0.0,0.0,0.0,0.0,no_recovery_required,baseline_or_no_recovery,False,0.0
hvac,lstm,random_forest,drift,0.0,0.8,9,rho_0.800_mask_09,0.0,0.0,0.0,0.0,0.0,0.0,0.0,0.0,no_recovery_required,baseline_or_no_recovery,False,0.0
hvac,lstm,random_forest,drift,0.0,0.8,10,rho_0.800_mask_10,0.0,0.0,0.0,0.0,0.0,0.0,0.0,0.0,no_recovery_required,baseline_or_no_recovery,False,0.0
hvac,lstm,random_forest,drift,0.0,0.8,11,rho_0.800_mask_11,0.0,0.0,0.0,0.0,0.0,0.0,0.0,0.0,no_recovery_required,baseline_or_no_recovery,False,0.0
hvac,lstm,random_forest,drift,0.0,0.8,12,rho_0.800_mask_12,0.0,0.0,0.0,0.0,0.0,0.0,0.0,0.0,no_recovery_required,baseline_or_no_recovery,False,0.0
hvac,lstm,random_forest,drift,0.0,0.8,13,rho_0.800_mask_13,0.0,0.0,0.0,0.0,0.0,0.0,0.0,0.0,no_recovery_required,baseline_or_no_recovery,False,0.0
hvac,lstm,random_forest,drift,0.0,0.8,14,rho_0.800_mask_14,0.0,0.0,0.0,0.0,0.0,0.0,0.0,0.0,no_recovery_required,baseline_or_no_recovery,False,0.0
hvac,lstm,random_forest,drift,0.0,0.8,15,rho_0.800_mask_15,0.0,0.0,0.0,0.0,0.0,0.0,0.0,0.0,no_recovery_required,baseline_or_no_recovery,False,0.0
hvac,lstm,random_forest,drift,0.0,0.8,16,rho_0.800_mask_16,0.0,0.0,0.0,0.0,0.0,0.0,0.0,0.0,no_recovery_required,baseline_or_no_recovery,False,0.0
hvac,lstm,random_forest,drift,0.0,0.8,17,rho_0.800_mask_17,0.0,0.0,0.0,0.0,0.0,0.0,0.0,0.0,no_recovery_required,baseline_or_no_recovery,False,0.0
hvac,lstm,random_forest,drift,0.0,0.8,18,rho_0.800_mask_18,0.0,0.0,0.0,0.0,0.0,0.0,0.0,0.0,no_recovery_required,baseline_or_no_recovery,False,0.0
hvac,lstm,random_forest,drift,0.0,0.8,19,rho_0.800_mask_19,0.0,0.0,0.0,0.0,0.0,0.0,0.0,0.0,no_recovery_required,baseline_or_no_recovery,False,0.0
hvac,lstm,random_forest,drift,0.0,0.8,20,rho_0.800_mask_20,0.0,0.0,0.0,0.0,0.0,0.0,0.0,0.0,no_recovery_required,baseline_or_no_recovery,False,0.0
hvac,lstm,random_forest,drift,0.0,1.0,0,rho_1.000_nominal,0.0,0.0,0.0,0.0,0.0,0.0,0.0,0.0,no_recovery_required,baseline_or_no_recovery,False,0.0
hvac,lstm,random_forest,drift,0.25,0.333,1,rho_0.333_mask_01,72.51,72.50985757201852,72.50985757201852,72.50985757201852,72.51,72.50985757201852,72.50985757201852,72.50985757201852,repair_primary,replica_event_joint_direct_repair,False,1.5146004082635045
hvac,lstm,random_forest,drift,0.25,0.333,2,rho_0.333_mask_02,157.131,157.13130372019805,157.13130372019805,157.13130372019805,157.131,157.13130372019805,157.13130372019805,157.13130372019805,repair_primary,replica_event_joint_direct_repair,False,1.554395228624344
hvac,lstm,random_forest,drift,0.25,0.333,3,rho_0.333_mask_03,90.077,90.07774197714024,90.07774197714024,90.07774197714024,90.077,90.07774197714024,90.07774197714024,90.07774197714024,repair_primary,replica_event_joint_direct_repair,False,1.5300623644143343
hvac,lstm,random_forest,drift,0.25,0.333,4,rho_0.333_mask_04,74.417,74.41714735273854,74.41714735273854,74.41714735273854,74.417,74.41714735273854,74.41714735273854,74.41714735273854,repair_primary,replica_event_joint_direct_repair,False,1.563776846975088
hvac,lstm,random_forest,drift,0.25,0.333,5,rho_0.333_mask_05,154.743,154.74282818134816,154.74282818134816,154.74282818134816,154.743,154.74282818134816,154.74282818134816,154.74282818134816,repair_primary,replica_event_joint_direct_repair,False,1.5141515359282494
hvac,lstm,random_forest,drift,0.25,0.333,6,rho_0.333_mask_06,87.666,87.66707332600345,87.66707332600345,87.66707332600345,87.666,87.66707332600345,87.66707332600345,87.66707332600345,repair_primary,replica_event_joint_direct_repair,False,1.571370498277247
hvac,lstm,random_forest,drift,0.25,0.333,7,rho_0.333_mask_07,88.365,88.36449223425734,88.36449223425734,88.36449223425734,88.365,88.36449223425734,88.36449223425734,88.36449223425734,repair_primary,replica_event_joint_direct_repair,False,1.525722230784595
hvac,lstm,random_forest,drift,0.25,0.333,8,rho_0.333_mask_08,74.392,74.39264630147954,74.39264630147954,74.39264630147954,74.392,74.39264630147954,74.39264630147954,74.39264630147954,repair_primary,replica_event_joint_direct_repair,False,1.5414286581799388
hvac,lstm,random_forest,drift,0.25,0.333,9,rho_0.333_mask_09,155.425,155.4246518223481,155.4246518223481,155.4246518223481,155.425,155.4246518223481,155.4246518223481,155.4246518223481,repair_primary,replica_event_joint_direct_repair,False,1.5814713006839156
hvac,lstm,random_forest,drift,0.25,0.333,10,rho_0.333_mask_10,87.712,87.71264928747405,87.71264928747405,87.71264928747405,87.712,87.71264928747405,87.71264928747405,87.71264928747405,repair_primary,replica_event_joint_direct_repair,False,1.5660793762654066
hvac,lstm,random_forest,drift,0.25,0.333,11,rho_0.333_mask_11,87.691,87.69193569724303,87.69193569724303,87.69193569724303,87.691,87.69193569724303,87.69193569724303,87.69193569724303,repair_primary,replica_event_joint_direct_repair,False,1.5436637261882424
hvac,lstm,random_forest,drift,0.25,0.333,12,rho_0.333_mask_12,91.955,91.9554123836242,91.9554123836242,91.9554123836242,91.955,91.9554123836242,91.9554123836242,91.9554123836242,repair_primary,replica_event_joint_direct_repair,False,1.524002147838473
hvac,lstm,random_forest,drift,0.25,0.333,13,rho_0.333_mask_13,89.391,89.39213087511234,89.39213087511234,89.39213087511234,89.391,89.39213087511234,89.39213087511234,89.39213087511234,repair_primary,replica_event_joint_direct_repair,False,1.563260616734624
hvac,lstm,random_forest,drift,0.25,0.333,14,rho_0.333_mask_14,155.402,155.4029611550941,155.4029611550941,155.4029611550941,155.402,155.4029611550941,155.4029611550941,155.4029611550941,repair_primary,replica_event_joint_direct_repair,False,1.5450295694172382
hvac,lstm,random_forest,drift,0.25,0.333,15,rho_0.333_mask_15,72.508,72.50888049499554,72.50888049499554,72.50888049499554,72.508,72.50888049499554,72.50888049499554,72.50888049499554,repair_primary,replica_event_joint_direct_repair,False,1.5354701224714518
hvac,lstm,random_forest,drift,0.25,0.333,16,rho_0.333_mask_16,157.303,157.30232222883205,157.30232222883205,157.30232222883205,157.303,157.30232222883205,157.30232222883205,157.30232222883205,repair_primary,replica_event_joint_direct_repair,False,1.540646974928677
hvac,lstm,random_forest,drift,0.25,0.333,17,rho_0.333_mask_17,90.218,90.2176615894823,90.2176615894823,90.2176615894823,90.218,90.2176615894823,90.2176615894823,90.2176615894823,repair_primary,replica_event_joint_direct_repair,False,1.5898958230391145
hvac,lstm,random_forest,drift,0.25,0.333,18,rho_0.333_mask_18,154.067,154.06709994034827,154.06709994034827,154.06709994034827,154.067,154.06709994034827,154.06709994034827,154.06709994034827,repair_primary,replica_event_joint_direct_repair,False,1.526347599923611
hvac,lstm,random_forest,drift,0.25,0.333,19,rho_0.333_mask_19,87.691,87.69193569724303,87.69193569724303,87.69193569724303,87.691,87.69193569724303,87.69193569724303,87.69193569724303,repair_primary,replica_event_joint_direct_repair,False,1.527061485685408
hvac,lstm,random_forest,drift,0.25,0.333,20,rho_0.333_mask_20,72.533,72.53338154625453,72.53338154625453,72.53338154625453,72.533,72.53338154625453,72.53338154625453,72.53338154625453,repair_primary,replica_event_joint_direct_repair,False,1.5940873669460416
hvac,lstm,random_forest,drift,0.25,0.4,1,rho_0.400_mask_01,71.836,71.83693971502362,71.83693971502362,71.83693971502362,71.836,71.83693971502362,71.83693971502362,71.83693971502362,repair_primary,replica_event_joint_direct_repair,False,1.5414848728105426
hvac,lstm,random_forest,drift,0.25,0.4,2,rho_0.400_mask_02,91.976,91.97648729383582,91.97648729383582,91.97648729383582,91.976,91.97648729383582,91.97648729383582,91.97648729383582,repair_primary,replica_event_joint_direct_repair,False,1.5450445534661412
hvac,lstm,random_forest,drift,0.25,0.4,3,rho_0.400_mask_03,74.944,74.94354775235843,74.94354775235843,74.94354775235843,74.944,74.94354775235843,74.94354775235843,74.94354775235843,repair_primary,replica_event_joint_direct_repair,False,1.525704676285386
hvac,lstm,random_forest,drift,0.25,0.4,4,rho_0.400_mask_04,87.687,87.68814823621506,87.68814823621506,87.68814823621506,87.687,87.68814823621506,87.68814823621506,87.68814823621506,repair_primary,replica_event_joint_direct_repair,False,1.5649114027619362
hvac,lstm,random_forest,drift,0.25,0.4,5,rho_0.400_mask_05,157.301,157.30170647178966,157.30170647178966,157.30170647178966,157.301,157.30170647178966,157.30170647178966,157.30170647178966,repair_primary,replica_event_joint_direct_repair,False,1.575442069210112
hvac,lstm,random_forest,drift,0.25,0.4,6,rho_0.400_mask_06,87.664,87.66426294199846,87.66426294199846,87.66426294199846,87.664,87.66426294199846,87.66426294199846,87.66426294199846,repair_primary,replica_event_joint_direct_repair,False,1.550791259855032
hvac,lstm,random_forest,drift,0.25,0.4,7,rho_0.400_mask_07,74.264,74.26453449536348,74.26453449536348,74.26453449536348,74.264,74.26453449536348,74.26453449536348,74.26453449536348,repair_primary,replica_event_joint_direct_repair,False,1.569625231437385
hvac,lstm,random_forest,drift,0.25,0.4,8,rho_0.400_mask_08,159.036,159.036285561946,159.036285561946,159.036285561946,159.036,159.036285561946,159.036285561946,159.036285561946,repair_primary,replica_event_joint_direct_repair,False,1.579749833792448
hvac,lstm,random_forest,drift,0.25,0.4,9,rho_0.400_mask_09,74.285,74.28560940557509,74.28560940557509,74.28560940557509,74.285,74.28560940557509,74.28560940557509,74.28560940557509,repair_primary,replica_event_joint_direct_repair,False,1.5328957056626678
hvac,lstm,random_forest,drift,0.25,0.4,10,rho_0.400_mask_10,88.365,88.36449223425734,88.36449223425734,88.36449223425734,88.365,88.36449223425734,88.36449223425734,88.36449223425734,repair_primary,replica_event_joint_direct_repair,False,1.5512091144919395
hvac,lstm,random_forest,drift,0.25,0.4,11,rho_0.400_mask_11,75.091,75.09006520973344,75.09006520973344,75.09006520973344,75.091,75.09006520973344,75.09006520973344,75.09006520973344,repair_primary,replica_event_joint_direct_repair,False,1.5778728611767292
hvac,lstm,random_forest,drift,0.25,0.4,12,rho_0.400_mask_12,75.068,75.06837454247943,75.06837454247943,75.06837454247943,75.068,75.06837454247943,75.06837454247943,75.06837454247943,repair_primary,replica_event_joint_direct_repair,False,1.5147749613970518
hvac,lstm,random_forest,drift,0.25,0.4,13,rho_0.400_mask_13,87.005,87.00632459521512,87.00632459521512,87.00632459521512,87.005,87.00632459521512,87.00632459521512,87.00632459521512,repair_primary,replica_event_joint_direct_repair,False,1.5367997800931334
hvac,lstm,random_forest,drift,0.25,0.4,14,rho_0.400_mask_14,72.518,72.51876335602356,72.51876335602356,72.51876335602356,72.518,72.51876335602356,72.51876335602356,72.51876335602356,repair_primary,replica_event_joint_direct_repair,False,1.5345196221023798
hvac,lstm,random_forest,drift,0.25,0.4,15,rho_0.400_mask_15,74.39,74.38983591747456,74.38983591747456,74.38983591747456,74.39,74.38983591747456,74.38983591747456,74.38983591747456,repair_primary,replica_event_joint_direct_repair,False,1.5790391620248556
hvac,lstm,random_forest,drift,0.25,0.4,16,rho_0.400_mask_16,74.241,74.24101052112746,74.24101052112746,74.24101052112746,74.241,74.24101052112746,74.24101052112746,74.24101052112746,repair_primary,replica_event_joint_direct_repair,False,1.535451111383736
hvac,lstm,random_forest,drift,0.25,0.4,17,rho_0.400_mask_17,88.365,88.36449223425734,88.36449223425734,88.36449223425734,88.365,88.36449223425734,88.36449223425734,88.36449223425734,repair_primary,replica_event_joint_direct_repair,False,1.523411413654685
hvac,lstm,random_forest,drift,0.25,0.4,18,rho_0.400_mask_18,89.542,89.54193334848242,89.54193334848242,89.54193334848242,89.542,89.54193334848242,89.54193334848242,89.54193334848242,repair_primary,replica_event_joint_direct_repair,False,1.571900924667716
hvac,lstm,random_forest,drift,0.25,0.4,19,rho_0.400_mask_19,76.822,76.82121815884238,76.82121815884238,76.82121815884238,76.822,76.82121815884238,76.82121815884238,76.82121815884238,repair_primary,replica_event_joint_direct_repair,False,1.5314913587644696
hvac,lstm,random_forest,drift,0.25,0.4,20,rho_0.400_mask_20,156.449,156.4494800791981,156.4494800791981,156.4494800791981,156.449,156.4494800791981,156.4494800791981,156.4494800791981,repair_primary,replica_event_joint_direct_repair,False,1.5281136818230152
hvac,lstm,random_forest,drift,0.25,0.6,1,rho_0.600_mask_01,74.413,74.41372121169115,74.41372121169115,74.41372121169115,74.413,74.41372121169115,74.41372121169115,74.41372121169115,repair_primary,replica_event_joint_direct_repair,False,1.5367170311510563
hvac,lstm,random_forest,drift,0.25,0.6,2,rho_0.600_mask_02,71.834,71.83412933101863,71.83412933101863,71.83412933101863,71.834,71.83412933101863,71.83412933101863,71.83412933101863,repair_primary,replica_event_joint_direct_repair,False,1.5858795689418912
hvac,lstm,random_forest,drift,0.25,0.6,3,rho_0.600_mask_03,73.188,73.18789375199049,73.18789375199049,73.18789375199049,73.188,73.18789375199049,73.18789375199049,73.18789375199049,repair_primary,replica_event_joint_direct_repair,False,1.5364855406805873
hvac,lstm,random_forest,drift,0.25,0.6,4,rho_0.600_mask_04,72.518,72.51876335602356,72.51876335602356,72.51876335602356,72.518,72.51876335602356,72.51876335602356,72.51876335602356,repair_primary,replica_event_joint_direct_repair,False,1.5206077536568046
hvac,lstm,random_forest,drift,0.25,0.6,5,rho_0.600_mask_05,87.664,87.66426294199846,87.66426294199846,87.66426294199846,87.664,87.66426294199846,87.66426294199846,87.66426294199846,repair_primary,replica_event_joint_direct_repair,False,1.5826834933832288
hvac,lstm,random_forest,drift,0.25,0.6,6,rho_0.600_mask_06,72.537,72.5366665622496,72.5366665622496,72.5366665622496,72.537,72.5366665622496,72.5366665622496,72.5366665622496,repair_primary,replica_event_joint_direct_repair,False,1.5301244305446744
hvac,lstm,random_forest,drift,0.25,0.6,7,rho_0.600_mask_07,87.005,87.00632459521512,87.00632459521512,87.00632459521512,87.005,87.00632459521512,87.00632459521512,87.00632459521512,repair_primary,replica_event_joint_direct_repair,False,1.5309796379879117
hvac,lstm,random_forest,drift,0.25,0.6,8,rho_0.600_mask_08,74.39,74.38983591747456,74.38983591747456,74.38983591747456,74.39,74.38983591747456,74.38983591747456,74.38983591747456,repair_primary,replica_event_joint_direct_repair,False,1.5508757196366787
hvac,lstm,random_forest,drift,0.25,0.6,9,rho_0.600_mask_09,87.658,87.65816754199841,87.65816754199841,87.65816754199841,87.658,87.65816754199841,87.65816754199841,87.65816754199841,repair_primary,replica_event_joint_direct_repair,False,1.5866860188543797
hvac,lstm,random_forest,drift,0.25,0.6,10,rho_0.600_mask_10,71.878,71.87872821546625,71.87872821546625,71.87872821546625,71.878,71.87872821546625,71.87872821546625,71.87872821546625,repair_primary,replica_event_joint_direct_repair,False,1.5323793599382045
hvac,lstm,random_forest,drift,0.25,0.6,11,rho_0.600_mask_11,90.075,90.07493159313526,90.07493159313526,90.07493159313526,90.075,90.07493159313526,90.07493159313526,90.07493159313526,repair_primary,replica_event_joint_direct_repair,False,1.529463796876371
hvac,lstm,random_forest,drift,0.25,0.6,12,rho_0.600_mask_12,72.516,72.51595297201857,72.51595297201857,72.51595297201857,72.516,72.51595297201857,72.51595297201857,72.51595297201857,repair_primary,replica_event_joint_direct_repair,False,1.5196812078356745
hvac,lstm,random_forest,drift,0.25,0.6,13,rho_0.600_mask_13,88.342,88.34280156700333,88.34280156700333,88.34280156700333,88.342,88.34280156700333,88.34280156700333,88.34280156700333,repair_primary,replica_event_joint_direct_repair,False,1.5708070611581206
hvac,lstm,random_forest,drift,0.25,0.6,14,rho_0.600_mask_14,86.986,86.98622676202649,86.98622676202649,86.98622676202649,86.986,86.98622676202649,86.98622676202649,86.98622676202649,repair_primary,replica_event_joint_direct_repair,False,1.521374462172389
hvac,lstm,random_forest,drift,0.25,0.6,15,rho_0.600_mask_15,74.415,74.41433696873355,74.41433696873355,74.41433696873355,74.415,74.41433696873355,74.41433696873355,74.41433696873355,repair_primary,replica_event_joint_direct_repair,False,1.5312397321686149
hvac,lstm,random_forest,drift,0.25,0.6,16,rho_0.600_mask_16,71.83,71.83034186999066,71.83034186999066,71.83034186999066,71.83,71.83034186999066,71.83034186999066,71.83034186999066,repair_primary,replica_event_joint_direct_repair,False,1.5841324999928474
hvac,lstm,random_forest,drift,0.25,0.6,17,rho_0.600_mask_17,88.367,88.36766393824291,88.36766393824291,88.36766393824291,88.367,88.36766393824291,88.36766393824291,88.36766393824291,repair_primary,replica_event_joint_direct_repair,False,1.5821304637938738
hvac,lstm,random_forest,drift,0.25,0.6,18,rho_0.600_mask_18,72.512,72.5121655109906,72.5121655109906,72.5121655109906,72.512,72.5121655109906,72.5121655109906,72.5121655109906,repair_primary,replica_event_joint_direct_repair,False,1.5429943380877376
hvac,lstm,random_forest,drift,0.25,0.6,19,rho_0.600_mask_19,89.542,89.54193334848242,89.54193334848242,89.54193334848242,89.542,89.54193334848242,89.54193334848242,89.54193334848242,repair_primary,replica_event_joint_direct_repair,False,1.536575086414814
hvac,lstm,random_forest,drift,0.25,0.6,20,rho_0.600_mask_20,87.687,87.68814823621506,87.68814823621506,87.68814823621506,87.687,87.68814823621506,87.68814823621506,87.68814823621506,repair_primary,replica_event_joint_direct_repair,False,1.5964713115245104
hvac,lstm,random_forest,drift,0.25,0.8,1,rho_0.800_mask_01,72.506,72.50607011099055,72.50607011099055,72.50607011099055,72.506,72.50607011099055,72.50607011099055,72.50607011099055,repair_primary,replica_event_joint_direct_repair,False,1.5226508248597383
hvac,lstm,random_forest,drift,0.25,0.8,2,rho_0.800_mask_02,87.658,87.65816754199841,87.65816754199841,87.65816754199841,87.658,87.65816754199841,87.65816754199841,87.65816754199841,repair_primary,replica_event_joint_direct_repair,False,1.5200750436633823
hvac,lstm,random_forest,drift,0.25,0.8,3,rho_0.800_mask_03,71.83,71.83034186999066,71.83034186999066,71.83034186999066,71.83,71.83034186999066,71.83034186999066,71.83034186999066,repair_primary,replica_event_joint_direct_repair,False,1.5621620742604136
hvac,lstm,random_forest,drift,0.25,0.8,4,rho_0.800_mask_04,71.83,71.83034186999066,71.83034186999066,71.83034186999066,71.83,71.83034186999066,71.83034186999066,71.83034186999066,repair_primary,replica_event_joint_direct_repair,False,1.5543807437643409
hvac,lstm,random_forest,drift,0.25,0.8,5,rho_0.800_mask_05,72.512,72.5126679560235,72.5126679560235,72.5126679560235,72.512,72.5126679560235,72.5126679560235,72.5126679560235,repair_primary,replica_event_joint_direct_repair,False,1.5297737643122673
hvac,lstm,random_forest,drift,0.25,0.8,6,rho_0.800_mask_06,71.83,71.83034186999066,71.83034186999066,71.83034186999066,71.83,71.83034186999066,71.83034186999066,71.83034186999066,repair_primary,replica_event_joint_direct_repair,False,1.5156972706317902
hvac,lstm,random_forest,drift,0.25,0.8,7,rho_0.800_mask_07,71.83,71.83034186999066,71.83034186999066,71.83034186999066,71.83,71.83034186999066,71.83034186999066,71.83034186999066,repair_primary,replica_event_joint_direct_repair,False,1.5823812196031213
hvac,lstm,random_forest,drift,0.25,0.8,8,rho_0.800_mask_08,71.832,71.83315225399565,71.83315225399565,71.83315225399565,71.832,71.83315225399565,71.83315225399565,71.83315225399565,repair_primary,replica_event_joint_direct_repair,False,1.5204610284417868
hvac,lstm,random_forest,drift,0.25,0.8,9,rho_0.800_mask_09,86.986,86.98622676202649,86.98622676202649,86.98622676202649,86.986,86.98622676202649,86.98622676202649,86.98622676202649,repair_primary,replica_event_joint_direct_repair,False,1.5475184498354793
hvac,lstm,random_forest,drift,0.25,0.8,10,rho_0.800_mask_10,72.518,72.51876335602356,72.51876335602356,72.51876335602356,72.518,72.51876335602356,72.51876335602356,72.51876335602356,repair_primary,replica_event_joint_direct_repair,False,1.5576863810420036
hvac,lstm,random_forest,drift,0.25,0.8,11,rho_0.800_mask_11,72.512,72.5121655109906,72.5121655109906,72.5121655109906,72.512,72.5121655109906,72.5121655109906,72.5121655109906,repair_primary,replica_event_joint_direct_repair,False,1.5388944204896688
hvac,lstm,random_forest,drift,0.25,0.8,12,rho_0.800_mask_12,86.982,86.98243930099852,86.98243930099852,86.98243930099852,86.982,86.98243930099852,86.98243930099852,86.98243930099852,repair_primary,replica_event_joint_direct_repair,False,1.530042708851397
hvac,lstm,random_forest,drift,0.25,0.8,13,rho_0.800_mask_13,87.005,87.00632459521512,87.00632459521512,87.00632459521512,87.005,87.00632459521512,87.00632459521512,87.00632459521512,repair_primary,replica_event_joint_direct_repair,False,1.5111328149214387
hvac,lstm,random_forest,drift,0.25,0.8,14,rho_0.800_mask_14,71.853,71.85422716420726,71.85422716420726,71.85422716420726,71.853,71.85422716420726,71.85422716420726,71.85422716420726,repair_primary,replica_event_joint_direct_repair,False,1.577932837419212
hvac,lstm,random_forest,drift,0.25,0.8,15,rho_0.800_mask_15,71.83,71.83034186999066,71.83034186999066,71.83034186999066,71.83,71.83034186999066,71.83034186999066,71.83034186999066,repair_primary,replica_event_joint_direct_repair,False,1.5727363545447588
hvac,lstm,random_forest,drift,0.25,0.8,16,rho_0.800_mask_16,71.83,71.83034186999066,71.83034186999066,71.83034186999066,71.83,71.83034186999066,71.83034186999066,71.83034186999066,repair_primary,replica_event_joint_direct_repair,False,1.5205927332863212
hvac,lstm,random_forest,drift,0.25,0.8,17,rho_0.800_mask_17,71.83,71.83034186999066,71.83034186999066,71.83034186999066,71.83,71.83034186999066,71.83034186999066,71.83034186999066,repair_primary,replica_event_joint_direct_repair,False,1.5799790835008023
hvac,lstm,random_forest,drift,0.25,0.8,18,rho_0.800_mask_18,71.83,71.83034186999066,71.83034186999066,71.83034186999066,71.83,71.83034186999066,71.83034186999066,71.83034186999066,repair_primary,replica_event_joint_direct_repair,False,1.5077957911416888
hvac,lstm,random_forest,drift,0.25,0.8,19,rho_0.800_mask_19,72.516,72.51595297201857,72.51595297201857,72.51595297201857,72.516,72.51595297201857,72.51595297201857,72.51595297201857,repair_primary,replica_event_joint_direct_repair,False,1.4919506637379527
hvac,lstm,random_forest,drift,0.25,0.8,20,rho_0.800_mask_20,87.658,87.65816754199841,87.65816754199841,87.65816754199841,87.658,87.65816754199841,87.65816754199841,87.65816754199841,repair_primary,replica_event_joint_direct_repair,False,1.5483441902324555
hvac,lstm,random_forest,drift,0.25,1.0,0,rho_1.000_nominal,71.83,71.83034186999066,71.83034186999066,71.83034186999066,71.83,71.83034186999066,71.83034186999066,71.83034186999066,repair_primary,replica_event_joint_direct_repair,False,1.5692370384931564
hvac,lstm,random_forest,drift,0.5,0.333,1,rho_0.333_mask_01,72.51,72.50985757201852,72.50985757201852,72.50985757201852,72.51,72.50985757201852,72.50985757201852,72.50985757201852,repair_primary,replica_event_joint_direct_repair,False,1.5330746853724122
hvac,lstm,random_forest,drift,0.5,0.333,2,rho_0.333_mask_02,157.131,157.13130372019805,157.13130372019805,157.13130372019805,157.131,157.13130372019805,157.13130372019805,157.13130372019805,repair_primary,replica_event_joint_direct_repair,False,1.5368733275681734
hvac,lstm,random_forest,drift,0.5,0.333,3,rho_0.333_mask_03,90.077,90.07774197714024,90.07774197714024,90.07774197714024,90.077,90.07774197714024,90.07774197714024,90.07774197714024,repair_primary,replica_event_joint_direct_repair,False,1.5331948678940537
hvac,lstm,random_forest,drift,0.5,0.333,4,rho_0.333_mask_04,74.417,74.41714735273854,74.41714735273854,74.41714735273854,74.417,74.41714735273854,74.41714735273854,74.41714735273854,repair_primary,replica_event_joint_direct_repair,False,1.5539514757692814
hvac,lstm,random_forest,drift,0.5,0.333,5,rho_0.333_mask_05,154.743,154.74282818134816,154.74282818134816,154.74282818134816,154.743,154.74282818134816,154.74282818134816,154.74282818134816,repair_primary,replica_event_joint_direct_repair,False,1.5217707958072424
hvac,lstm,random_forest,drift,0.5,0.333,6,rho_0.333_mask_06,87.666,87.66707332600345,87.66707332600345,87.66707332600345,87.666,87.66707332600345,87.66707332600345,87.66707332600345,repair_primary,replica_event_joint_direct_repair,False,1.5546901021152737
hvac,lstm,random_forest,drift,0.5,0.333,7,rho_0.333_mask_07,88.365,88.36449223425734,88.36449223425734,88.36449223425734,88.365,88.36449223425734,88.36449223425734,88.36449223425734,repair_primary,replica_event_joint_direct_repair,False,1.586508009582758
hvac,lstm,random_forest,drift,0.5,0.333,8,rho_0.333_mask_08,74.392,74.39264630147954,74.39264630147954,74.39264630147954,74.392,74.39264630147954,74.39264630147954,74.39264630147954,repair_primary,replica_event_joint_direct_repair,False,1.5307056894525886
hvac,lstm,random_forest,drift,0.5,0.333,9,rho_0.333_mask_09,155.425,155.4246518223481,155.4246518223481,155.4246518223481,155.425,155.4246518223481,155.4246518223481,155.4246518223481,repair_primary,replica_event_joint_direct_repair,False,1.5285840723663568
hvac,lstm,random_forest,drift,0.5,0.333,10,rho_0.333_mask_10,87.712,87.71264928747405,87.71264928747405,87.71264928747405,87.712,87.71264928747405,87.71264928747405,87.71264928747405,repair_primary,replica_event_joint_direct_repair,False,1.522403372451663
hvac,lstm,random_forest,drift,0.5,0.333,11,rho_0.333_mask_11,87.691,87.69193569724303,87.69193569724303,87.69193569724303,87.691,87.69193569724303,87.69193569724303,87.69193569724303,repair_primary,replica_event_joint_direct_repair,False,1.5673124874010682
hvac,lstm,random_forest,drift,0.5,0.333,12,rho_0.333_mask_12,91.955,91.9554123836242,91.9554123836242,91.9554123836242,91.955,91.9554123836242,91.9554123836242,91.9554123836242,repair_primary,replica_event_joint_direct_repair,False,1.541810069233179
hvac,lstm,random_forest,drift,0.5,0.333,13,rho_0.333_mask_13,89.391,89.39213087511234,89.39213087511234,89.39213087511234,89.391,89.39213087511234,89.39213087511234,89.39213087511234,repair_primary,replica_event_joint_direct_repair,False,1.5478086285293102
hvac,lstm,random_forest,drift,0.5,0.333,14,rho_0.333_mask_14,155.402,155.4029611550941,155.4029611550941,155.4029611550941,155.402,155.4029611550941,155.4029611550941,155.4029611550941,repair_primary,replica_event_joint_direct_repair,False,1.5756102241575718
hvac,lstm,random_forest,drift,0.5,0.333,15,rho_0.333_mask_15,72.508,72.50888049499554,72.50888049499554,72.50888049499554,72.508,72.50888049499554,72.50888049499554,72.50888049499554,repair_primary,replica_event_joint_direct_repair,False,1.540809653699398
hvac,lstm,random_forest,drift,0.5,0.333,16,rho_0.333_mask_16,157.303,157.30232222883205,157.30232222883205,157.30232222883205,157.303,157.30232222883205,157.30232222883205,157.30232222883205,repair_primary,replica_event_joint_direct_repair,False,1.5567021518945694
hvac,lstm,random_forest,drift,0.5,0.333,17,rho_0.333_mask_17,90.218,90.2176615894823,90.2176615894823,90.2176615894823,90.218,90.2176615894823,90.2176615894823,90.2176615894823,repair_primary,replica_event_joint_direct_repair,False,1.538784327916801
hvac,lstm,random_forest,drift,0.5,0.333,18,rho_0.333_mask_18,154.067,154.06709994034827,154.06709994034827,154.06709994034827,154.067,154.06709994034827,154.06709994034827,154.06709994034827,repair_primary,replica_event_joint_direct_repair,False,1.5656744353473186
hvac,lstm,random_forest,drift,0.5,0.333,19,rho_0.333_mask_19,87.691,87.69193569724303,87.69193569724303,87.69193569724303,87.691,87.69193569724303,87.69193569724303,87.69193569724303,repair_primary,replica_event_joint_direct_repair,False,1.526467909105122
hvac,lstm,random_forest,drift,0.5,0.333,20,rho_0.333_mask_20,72.533,72.53338154625453,72.53338154625453,72.53338154625453,72.533,72.53338154625453,72.53338154625453,72.53338154625453,repair_primary,replica_event_joint_direct_repair,False,1.5526546807959676
hvac,lstm,random_forest,drift,0.5,0.4,1,rho_0.400_mask_01,71.836,71.83693971502362,71.83693971502362,71.83693971502362,71.836,71.83693971502362,71.83693971502362,71.83693971502362,repair_primary,replica_event_joint_direct_repair,False,1.5302375489845872
hvac,lstm,random_forest,drift,0.5,0.4,2,rho_0.400_mask_02,91.976,91.97648729383582,91.97648729383582,91.97648729383582,91.976,91.97648729383582,91.97648729383582,91.97648729383582,repair_primary,replica_event_joint_direct_repair,False,1.5744506884366274
hvac,lstm,random_forest,drift,0.5,0.4,3,rho_0.400_mask_03,74.944,74.94354775235843,74.94354775235843,74.94354775235843,74.944,74.94354775235843,74.94354775235843,74.94354775235843,repair_primary,replica_event_joint_direct_repair,False,1.5340603105723858
hvac,lstm,random_forest,drift,0.5,0.4,4,rho_0.400_mask_04,87.687,87.68814823621506,87.68814823621506,87.68814823621506,87.687,87.68814823621506,87.68814823621506,87.68814823621506,repair_primary,replica_event_joint_direct_repair,False,1.5276959408074615
hvac,lstm,random_forest,drift,0.5,0.4,5,rho_0.400_mask_05,157.301,157.30170647178966,157.30170647178966,157.30170647178966,157.301,157.30170647178966,157.30170647178966,157.30170647178966,repair_primary,replica_event_joint_direct_repair,False,1.5988256754353642
hvac,lstm,random_forest,drift,0.5,0.4,6,rho_0.400_mask_06,87.664,87.66426294199846,87.66426294199846,87.66426294199846,87.664,87.66426294199846,87.66426294199846,87.66426294199846,repair_primary,replica_event_joint_direct_repair,False,1.4979191599413753
hvac,lstm,random_forest,drift,0.5,0.4,7,rho_0.400_mask_07,74.264,74.26453449536348,74.26453449536348,74.26453449536348,74.264,74.26453449536348,74.26453449536348,74.26453449536348,repair_primary,replica_event_joint_direct_repair,False,1.5088211176916957
hvac,lstm,random_forest,drift,0.5,0.4,8,rho_0.400_mask_08,159.036,159.036285561946,159.036285561946,159.036285561946,159.036,159.036285561946,159.036285561946,159.036285561946,repair_primary,replica_event_joint_direct_repair,False,1.5351053411141038
hvac,lstm,random_forest,drift,0.5,0.4,9,rho_0.400_mask_09,74.285,74.28560940557509,74.28560940557509,74.28560940557509,74.285,74.28560940557509,74.28560940557509,74.28560940557509,repair_primary,replica_event_joint_direct_repair,False,1.5754473563283682
hvac,lstm,random_forest,drift,0.5,0.4,10,rho_0.400_mask_10,88.365,88.36449223425734,88.36449223425734,88.36449223425734,88.365,88.36449223425734,88.36449223425734,88.36449223425734,repair_primary,replica_event_joint_direct_repair,False,1.5303621934726834
hvac,lstm,random_forest,drift,0.5,0.4,11,rho_0.400_mask_11,75.091,75.09006520973344,75.09006520973344,75.09006520973344,75.091,75.09006520973344,75.09006520973344,75.09006520973344,repair_primary,replica_event_joint_direct_repair,False,1.5431189173832536
hvac,lstm,random_forest,drift,0.5,0.4,12,rho_0.400_mask_12,75.068,75.06837454247943,75.06837454247943,75.06837454247943,75.068,75.06837454247943,75.06837454247943,75.06837454247943,repair_primary,replica_event_joint_direct_repair,False,1.5647218516096473
hvac,lstm,random_forest,drift,0.5,0.4,13,rho_0.400_mask_13,87.005,87.00632459521512,87.00632459521512,87.00632459521512,87.005,87.00632459521512,87.00632459521512,87.00632459521512,repair_primary,replica_event_joint_direct_repair,False,1.5220325076952577
hvac,lstm,random_forest,drift,0.5,0.4,14,rho_0.400_mask_14,72.518,72.51876335602356,72.51876335602356,72.51876335602356,72.518,72.51876335602356,72.51876335602356,72.51876335602356,repair_primary,replica_event_joint_direct_repair,False,1.5310777500271795
hvac,lstm,random_forest,drift,0.5,0.4,15,rho_0.400_mask_15,74.39,74.38983591747456,74.38983591747456,74.38983591747456,74.39,74.38983591747456,74.38983591747456,74.38983591747456,repair_primary,replica_event_joint_direct_repair,False,1.542572082951665
hvac,lstm,random_forest,drift,0.5,0.4,16,rho_0.400_mask_16,74.241,74.24101052112746,74.24101052112746,74.24101052112746,74.241,74.24101052112746,74.24101052112746,74.24101052112746,repair_primary,replica_event_joint_direct_repair,False,1.55755861569196
hvac,lstm,random_forest,drift,0.5,0.4,17,rho_0.400_mask_17,88.365,88.36449223425734,88.36449223425734,88.36449223425734,88.365,88.36449223425734,88.36449223425734,88.36449223425734,repair_primary,replica_event_joint_direct_repair,False,1.5540530160069466
hvac,lstm,random_forest,drift,0.5,0.4,18,rho_0.400_mask_18,89.542,89.54193334848242,89.54193334848242,89.54193334848242,89.542,89.54193334848242,89.54193334848242,89.54193334848242,repair_primary,replica_event_joint_direct_repair,False,1.5494225090369582
hvac,lstm,random_forest,drift,0.5,0.4,19,rho_0.400_mask_19,76.822,76.82121815884238,76.82121815884238,76.82121815884238,76.822,76.82121815884238,76.82121815884238,76.82121815884238,repair_primary,replica_event_joint_direct_repair,False,1.516545424237847
hvac,lstm,random_forest,drift,0.5,0.4,20,rho_0.400_mask_20,156.449,156.4494800791981,156.4494800791981,156.4494800791981,156.449,156.4494800791981,156.4494800791981,156.4494800791981,repair_primary,replica_event_joint_direct_repair,False,1.5572949340566993
hvac,lstm,random_forest,drift,0.5,0.6,1,rho_0.600_mask_01,74.413,74.41372121169115,74.41372121169115,74.41372121169115,74.413,74.41372121169115,74.41372121169115,74.41372121169115,repair_primary,replica_event_joint_direct_repair,False,1.534196157939732
hvac,lstm,random_forest,drift,0.5,0.6,2,rho_0.600_mask_02,71.834,71.83412933101863,71.83412933101863,71.83412933101863,71.834,71.83412933101863,71.83412933101863,71.83412933101863,repair_primary,replica_event_joint_direct_repair,False,1.528152848593891
hvac,lstm,random_forest,drift,0.5,0.6,3,rho_0.600_mask_03,73.188,73.18789375199049,73.18789375199049,73.18789375199049,73.188,73.18789375199049,73.18789375199049,73.18789375199049,repair_primary,replica_event_joint_direct_repair,False,1.5750288171693685
hvac,lstm,random_forest,drift,0.5,0.6,4,rho_0.600_mask_04,72.518,72.51876335602356,72.51876335602356,72.51876335602356,72.518,72.51876335602356,72.51876335602356,72.51876335602356,repair_primary,replica_event_joint_direct_repair,False,1.5390819469466803
hvac,lstm,random_forest,drift,0.5,0.6,5,rho_0.600_mask_05,87.664,87.66426294199846,87.66426294199846,87.66426294199846,87.664,87.66426294199846,87.66426294199846,87.66426294199846,repair_primary,replica_event_joint_direct_repair,False,1.551727680489421
hvac,lstm,random_forest,drift,0.5,0.6,6,rho_0.600_mask_06,72.537,72.5366665622496,72.5366665622496,72.5366665622496,72.537,72.5366665622496,72.5366665622496,72.5366665622496,repair_primary,replica_event_joint_direct_repair,False,1.544766103848815
hvac,lstm,random_forest,drift,0.5,0.6,7,rho_0.600_mask_07,87.005,87.00632459521512,87.00632459521512,87.00632459521512,87.005,87.00632459521512,87.00632459521512,87.00632459521512,repair_primary,replica_event_joint_direct_repair,False,1.557921150699258
hvac,lstm,random_forest,drift,0.5,0.6,8,rho_0.600_mask_08,74.39,74.38983591747456,74.38983591747456,74.38983591747456,74.39,74.38983591747456,74.38983591747456,74.38983591747456,repair_primary,replica_event_joint_direct_repair,False,1.536481606774032
hvac,lstm,random_forest,drift,0.5,0.6,9,rho_0.600_mask_09,87.658,87.65816754199841,87.65816754199841,87.65816754199841,87.658,87.65816754199841,87.65816754199841,87.65816754199841,repair_primary,replica_event_joint_direct_repair,False,1.535777362063527
hvac,lstm,random_forest,drift,0.5,0.6,10,rho_0.600_mask_10,71.878,71.87872821546625,71.87872821546625,71.87872821546625,71.878,71.87872821546625,71.87872821546625,71.87872821546625,repair_primary,replica_event_joint_direct_repair,False,1.566096947528422
hvac,lstm,random_forest,drift,0.5,0.6,11,rho_0.600_mask_11,90.075,90.07493159313526,90.07493159313526,90.07493159313526,90.075,90.07493159313526,90.07493159313526,90.07493159313526,repair_primary,replica_event_joint_direct_repair,False,1.540385140106082
hvac,lstm,random_forest,drift,0.5,0.6,12,rho_0.600_mask_12,72.516,72.51595297201857,72.51595297201857,72.51595297201857,72.516,72.51595297201857,72.51595297201857,72.51595297201857,repair_primary,replica_event_joint_direct_repair,False,1.5683894669637084
hvac,lstm,random_forest,drift,0.5,0.6,13,rho_0.600_mask_13,88.342,88.34280156700333,88.34280156700333,88.34280156700333,88.342,88.34280156700333,88.34280156700333,88.34280156700333,repair_primary,replica_event_joint_direct_repair,False,1.5316730104386806
hvac,lstm,random_forest,drift,0.5,0.6,14,rho_0.600_mask_14,86.986,86.98622676202649,86.98622676202649,86.98622676202649,86.986,86.98622676202649,86.98622676202649,86.98622676202649,repair_primary,replica_event_joint_direct_repair,False,1.603481731377542
hvac,lstm,random_forest,drift,0.5,0.6,15,rho_0.600_mask_15,74.415,74.41433696873355,74.41433696873355,74.41433696873355,74.415,74.41433696873355,74.41433696873355,74.41433696873355,repair_primary,replica_event_joint_direct_repair,False,1.5236526960507035
hvac,lstm,random_forest,drift,0.5,0.6,16,rho_0.600_mask_16,71.83,71.83034186999066,71.83034186999066,71.83034186999066,71.83,71.83034186999066,71.83034186999066,71.83034186999066,repair_primary,replica_event_joint_direct_repair,False,1.5570953069254756
hvac,lstm,random_forest,drift,0.5,0.6,17,rho_0.600_mask_17,88.367,88.36766393824291,88.36766393824291,88.36766393824291,88.367,88.36766393824291,88.36766393824291,88.36766393824291,repair_primary,replica_event_joint_direct_repair,False,1.531573380343616
hvac,lstm,random_forest,drift,0.5,0.6,18,rho_0.600_mask_18,72.512,72.5121655109906,72.5121655109906,72.5121655109906,72.512,72.5121655109906,72.5121655109906,72.5121655109906,repair_primary,replica_event_joint_direct_repair,False,1.5659939888864756
hvac,lstm,random_forest,drift,0.5,0.6,19,rho_0.600_mask_19,89.542,89.54193334848242,89.54193334848242,89.54193334848242,89.542,89.54193334848242,89.54193334848242,89.54193334848242,repair_primary,replica_event_joint_direct_repair,False,1.527250874787569
hvac,lstm,random_forest,drift,0.5,0.6,20,rho_0.600_mask_20,87.687,87.68814823621506,87.68814823621506,87.68814823621506,87.687,87.68814823621506,87.68814823621506,87.68814823621506,repair_primary,replica_event_joint_direct_repair,False,1.5146151343360543
hvac,lstm,random_forest,drift,0.5,0.8,1,rho_0.800_mask_01,72.506,72.50607011099055,72.50607011099055,72.50607011099055,72.506,72.50607011099055,72.50607011099055,72.50607011099055,repair_primary,replica_event_joint_direct_repair,False,1.5950081842020154
hvac,lstm,random_forest,drift,0.5,0.8,2,rho_0.800_mask_02,87.658,87.65816754199841,87.65816754199841,87.65816754199841,87.658,87.65816754199841,87.65816754199841,87.65816754199841,repair_primary,replica_event_joint_direct_repair,False,1.5285353064537048
hvac,lstm,random_forest,drift,0.5,0.8,3,rho_0.800_mask_03,71.83,71.83034186999066,71.83034186999066,71.83034186999066,71.83,71.83034186999066,71.83034186999066,71.83034186999066,repair_primary,replica_event_joint_direct_repair,False,1.532497209496796
hvac,lstm,random_forest,drift,0.5,0.8,4,rho_0.800_mask_04,71.83,71.83034186999066,71.83034186999066,71.83034186999066,71.83,71.83034186999066,71.83034186999066,71.83034186999066,repair_primary,replica_event_joint_direct_repair,False,1.5275407191365955
hvac,lstm,random_forest,drift,0.5,0.8,5,rho_0.800_mask_05,72.512,72.5126679560235,72.5126679560235,72.5126679560235,72.512,72.5126679560235,72.5126679560235,72.5126679560235,repair_primary,replica_event_joint_direct_repair,False,1.5752433761954308
hvac,lstm,random_forest,drift,0.5,0.8,6,rho_0.800_mask_06,71.83,71.83034186999066,71.83034186999066,71.83034186999066,71.83,71.83034186999066,71.83034186999066,71.83034186999066,repair_primary,replica_event_joint_direct_repair,False,1.515883575193584
hvac,lstm,random_forest,drift,0.5,0.8,7,rho_0.800_mask_07,71.83,71.83034186999066,71.83034186999066,71.83034186999066,71.83,71.83034186999066,71.83034186999066,71.83034186999066,repair_primary,replica_event_joint_direct_repair,False,1.5485559199005363
hvac,lstm,random_forest,drift,0.5,0.8,8,rho_0.800_mask_08,71.832,71.83315225399565,71.83315225399565,71.83315225399565,71.832,71.83315225399565,71.83315225399565,71.83315225399565,repair_primary,replica_event_joint_direct_repair,False,1.5859261229634285
hvac,lstm,random_forest,drift,0.5,0.8,9,rho_0.800_mask_09,86.986,86.98622676202649,86.98622676202649,86.98622676202649,86.986,86.98622676202649,86.98622676202649,86.98622676202649,repair_primary,replica_event_joint_direct_repair,False,1.5023381970822811
hvac,lstm,random_forest,drift,0.5,0.8,10,rho_0.800_mask_10,72.518,72.51876335602356,72.51876335602356,72.51876335602356,72.518,72.51876335602356,72.51876335602356,72.51876335602356,repair_primary,replica_event_joint_direct_repair,False,1.5171597376465795
hvac,lstm,random_forest,drift,0.5,0.8,11,rho_0.800_mask_11,72.512,72.5121655109906,72.5121655109906,72.5121655109906,72.512,72.5121655109906,72.5121655109906,72.5121655109906,repair_primary,replica_event_joint_direct_repair,False,1.5652896668761969
hvac,lstm,random_forest,drift,0.5,0.8,12,rho_0.800_mask_12,86.982,86.98243930099852,86.98243930099852,86.98243930099852,86.982,86.98243930099852,86.98243930099852,86.98243930099852,repair_primary,replica_event_joint_direct_repair,False,1.542297380976379
hvac,lstm,random_forest,drift,0.5,0.8,13,rho_0.800_mask_13,87.005,87.00632459521512,87.00632459521512,87.00632459521512,87.005,87.00632459521512,87.00632459521512,87.00632459521512,repair_primary,replica_event_joint_direct_repair,False,1.5384016297757626
hvac,lstm,random_forest,drift,0.5,0.8,14,rho_0.800_mask_14,71.853,71.85422716420726,71.85422716420726,71.85422716420726,71.853,71.85422716420726,71.85422716420726,71.85422716420726,repair_primary,replica_event_joint_direct_repair,False,1.522197567857802
hvac,lstm,random_forest,drift,0.5,0.8,15,rho_0.800_mask_15,71.83,71.83034186999066,71.83034186999066,71.83034186999066,71.83,71.83034186999066,71.83034186999066,71.83034186999066,repair_primary,replica_event_joint_direct_repair,False,1.5695153716951609
hvac,lstm,random_forest,drift,0.5,0.8,16,rho_0.800_mask_16,71.83,71.83034186999066,71.83034186999066,71.83034186999066,71.83,71.83034186999066,71.83034186999066,71.83034186999066,repair_primary,replica_event_joint_direct_repair,False,1.5391023457050323
hvac,lstm,random_forest,drift,0.5,0.8,17,rho_0.800_mask_17,71.83,71.83034186999066,71.83034186999066,71.83034186999066,71.83,71.83034186999066,71.83034186999066,71.83034186999066,repair_primary,replica_event_joint_direct_repair,False,1.5495498310774565
hvac,lstm,random_forest,drift,0.5,0.8,18,rho_0.800_mask_18,71.83,71.83034186999066,71.83034186999066,71.83034186999066,71.83,71.83034186999066,71.83034186999066,71.83034186999066,repair_primary,replica_event_joint_direct_repair,False,1.5750772776082158
hvac,lstm,random_forest,drift,0.5,0.8,19,rho_0.800_mask_19,72.516,72.51595297201857,72.51595297201857,72.51595297201857,72.516,72.51595297201857,72.51595297201857,72.51595297201857,repair_primary,replica_event_joint_direct_repair,False,1.543215909972787
hvac,lstm,random_forest,drift,0.5,0.8,20,rho_0.800_mask_20,87.658,87.65816754199841,87.65816754199841,87.65816754199841,87.658,87.65816754199841,87.65816754199841,87.65816754199841,repair_primary,replica_event_joint_direct_repair,False,1.5227726753801107
hvac,lstm,random_forest,drift,0.5,1.0,0,rho_1.000_nominal,71.83,71.83034186999066,71.83034186999066,71.83034186999066,71.83,71.83034186999066,71.83034186999066,71.83034186999066,repair_primary,replica_event_joint_direct_repair,False,1.5581809617578983
hvac,lstm,random_forest,drift,0.75,0.333,1,rho_0.333_mask_01,72.51,72.50985757201852,72.50985757201852,0.563,72.51,72.50985757201852,72.50985757201852,73.07300000000001,failover_then_repair,failover_then_background_repair,False,0.6815386405214667
hvac,lstm,random_forest,drift,0.75,0.333,2,rho_0.333_mask_02,157.131,157.13130372019805,157.13130372019805,0.8,157.131,157.13130372019805,157.13130372019805,157.93100000000004,failover_then_repair,failover_then_background_repair,False,0.6468015993013978
hvac,lstm,random_forest,drift,0.75,0.333,3,rho_0.333_mask_03,90.077,90.07774197714024,90.07774197714024,0.563,90.077,90.07774197714024,90.07774197714024,90.64,failover_then_repair,failover_then_background_repair,False,0.6391008980572224
hvac,lstm,random_forest,drift,0.75,0.333,4,rho_0.333_mask_04,74.417,74.41714735273854,74.41714735273854,0.8,74.417,74.41714735273854,74.41714735273854,75.217,failover_then_repair,failover_then_background_repair,False,0.6432339306920767
hvac,lstm,random_forest,drift,0.75,0.333,5,rho_0.333_mask_05,154.743,154.74282818134816,154.74282818134816,0.492,154.743,154.74282818134816,154.74282818134816,155.235,failover_then_repair,failover_then_background_repair,False,0.6565172793343663
hvac,lstm,random_forest,drift,0.75,0.333,6,rho_0.333_mask_06,87.666,87.66707332600345,87.66707332600345,0.563,87.666,87.66707332600345,87.66707332600345,88.229,failover_then_repair,failover_then_background_repair,False,0.6526453578844666
hvac,lstm,random_forest,drift,0.75,0.333,7,rho_0.333_mask_07,88.365,88.36449223425734,88.36449223425734,0.492,88.365,88.36449223425734,88.36449223425734,88.85700000000001,failover_then_repair,failover_then_background_repair,False,0.6329231569543481
hvac,lstm,random_forest,drift,0.75,0.333,8,rho_0.333_mask_08,74.392,74.39264630147954,74.39264630147954,0.563,74.392,74.39264630147954,74.39264630147954,74.955,failover_then_repair,failover_then_background_repair,False,0.6415682975202799
hvac,lstm,random_forest,drift,0.75,0.333,9,rho_0.333_mask_09,155.425,155.4246518223481,155.4246518223481,0.8,155.425,155.4246518223481,155.4246518223481,156.22500000000005,failover_then_repair,failover_then_background_repair,False,0.6361178942024708
hvac,lstm,random_forest,drift,0.75,0.333,10,rho_0.333_mask_10,87.712,87.71264928747405,87.71264928747405,0.8,87.712,87.71264928747405,87.71264928747405,88.512,failover_then_repair,failover_then_background_repair,False,0.6711943075060844
hvac,lstm,random_forest,drift,0.75,0.333,11,rho_0.333_mask_11,87.691,87.69193569724303,87.69193569724303,0.8,87.691,87.69193569724303,87.69193569724303,88.491,failover_then_repair,failover_then_background_repair,False,0.638610353693366
hvac,lstm,random_forest,drift,0.75,0.333,12,rho_0.333_mask_12,91.955,91.9554123836242,91.9554123836242,0.492,91.955,91.9554123836242,91.9554123836242,92.44700000000002,failover_then_repair,failover_then_background_repair,False,0.6407155208289623
hvac,lstm,random_forest,drift,0.75,0.333,13,rho_0.333_mask_13,89.391,89.39213087511234,89.39213087511234,0.563,89.391,89.39213087511234,89.39213087511234,89.95400000000001,failover_then_repair,failover_then_background_repair,False,0.64060914888978
hvac,lstm,random_forest,drift,0.75,0.333,14,rho_0.333_mask_14,155.402,155.4029611550941,155.4029611550941,0.492,155.402,155.4029611550941,155.4029611550941,155.894,failover_then_repair,failover_then_background_repair,False,0.6419018805027008
hvac,lstm,random_forest,drift,0.75,0.333,15,rho_0.333_mask_15,72.508,72.50888049499554,72.50888049499554,0.8,72.508,72.50888049499554,72.50888049499554,73.30799999999999,failover_then_repair,failover_then_background_repair,False,0.6625024965032935
hvac,lstm,random_forest,drift,0.75,0.333,16,rho_0.333_mask_16,157.303,157.30232222883205,157.30232222883205,0.563,157.303,157.30232222883205,157.30232222883205,157.866,failover_then_repair,failover_then_background_repair,False,0.6391808297485113
hvac,lstm,random_forest,drift,0.75,0.333,17,rho_0.333_mask_17,90.218,90.2176615894823,90.2176615894823,0.492,90.218,90.2176615894823,90.2176615894823,90.71,failover_then_repair,failover_then_background_repair,False,0.6244163494557142
hvac,lstm,random_forest,drift,0.75,0.333,18,rho_0.333_mask_18,154.067,154.06709994034827,154.06709994034827,0.563,154.067,154.06709994034827,154.06709994034827,154.63,failover_then_repair,failover_then_background_repair,False,0.6836373470723629
hvac,lstm,random_forest,drift,0.75,0.333,19,rho_0.333_mask_19,87.691,87.69193569724303,87.69193569724303,0.563,87.691,87.69193569724303,87.69193569724303,88.254,failover_then_repair,failover_then_background_repair,False,0.6435678638517857
hvac,lstm,random_forest,drift,0.75,0.333,20,rho_0.333_mask_20,72.533,72.53338154625453,72.53338154625453,0.8,72.533,72.53338154625453,72.53338154625453,73.333,failover_then_repair,failover_then_background_repair,False,0.638565263710916
hvac,lstm,random_forest,drift,0.75,0.4,1,rho_0.400_mask_01,71.836,71.83693971502362,71.83693971502362,0.563,71.836,71.83693971502362,71.83693971502362,72.399,failover_then_repair,failover_then_background_repair,False,0.6603577602654696
hvac,lstm,random_forest,drift,0.75,0.4,2,rho_0.400_mask_02,91.976,91.97648729383582,91.97648729383582,0.8,91.976,91.97648729383582,91.97648729383582,92.776,failover_then_repair,failover_then_background_repair,False,0.6401381464675069
hvac,lstm,random_forest,drift,0.75,0.4,3,rho_0.400_mask_03,74.944,74.94354775235843,74.94354775235843,0.563,74.944,74.94354775235843,74.94354775235843,75.50700000000002,failover_then_repair,failover_then_background_repair,False,0.6680450234562159
hvac,lstm,random_forest,drift,0.75,0.4,4,rho_0.400_mask_04,87.687,87.68814823621506,87.68814823621506,0.8,87.687,87.68814823621506,87.68814823621506,88.487,failover_then_repair,failover_then_background_repair,False,0.6408987026661634
hvac,lstm,random_forest,drift,0.75,0.4,5,rho_0.400_mask_05,157.301,157.30170647178966,157.30170647178966,0.563,157.301,157.30170647178966,157.30170647178966,157.864,failover_then_repair,failover_then_background_repair,False,0.6432058205828071
hvac,lstm,random_forest,drift,0.75,0.4,6,rho_0.400_mask_06,87.664,87.66426294199846,87.66426294199846,0.563,87.664,87.66426294199846,87.66426294199846,88.227,failover_then_repair,failover_then_background_repair,False,0.6785854073241353
hvac,lstm,random_forest,drift,0.75,0.4,7,rho_0.400_mask_07,74.264,74.26453449536348,74.26453449536348,0.563,74.264,74.26453449536348,74.26453449536348,74.82700000000001,failover_then_repair,failover_then_background_repair,False,0.6443571699783206
hvac,lstm,random_forest,drift,0.75,0.4,8,rho_0.400_mask_08,159.036,159.036285561946,159.036285561946,0.8,159.036,159.036285561946,159.036285561946,159.836,failover_then_repair,failover_then_background_repair,False,0.6362238945439458
hvac,lstm,random_forest,drift,0.75,0.4,9,rho_0.400_mask_09,74.285,74.28560940557509,74.28560940557509,0.8,74.285,74.28560940557509,74.28560940557509,75.08500000000001,failover_then_repair,failover_then_background_repair,False,0.669542545452714
hvac,lstm,random_forest,drift,0.75,0.4,10,rho_0.400_mask_10,88.365,88.36449223425734,88.36449223425734,0.8,88.365,88.36449223425734,88.36449223425734,89.165,failover_then_repair,failover_then_background_repair,False,0.6676844209432602
hvac,lstm,random_forest,drift,0.75,0.4,11,rho_0.400_mask_11,75.091,75.09006520973344,75.09006520973344,0.563,75.091,75.09006520973344,75.09006520973344,75.65400000000001,failover_then_repair,failover_then_background_repair,False,0.6560717653483152
hvac,lstm,random_forest,drift,0.75,0.4,12,rho_0.400_mask_12,75.068,75.06837454247943,75.06837454247943,0.563,75.068,75.06837454247943,75.06837454247943,75.631,failover_then_repair,failover_then_background_repair,False,0.6231927489861846
hvac,lstm,random_forest,drift,0.75,0.4,13,rho_0.400_mask_13,87.005,87.00632459521512,87.00632459521512,0.8,87.005,87.00632459521512,87.00632459521512,87.80499999999999,failover_then_repair,failover_then_background_repair,False,0.6595446541905403
hvac,lstm,random_forest,drift,0.75,0.4,14,rho_0.400_mask_14,72.518,72.51876335602356,72.51876335602356,0.563,72.518,72.51876335602356,72.51876335602356,73.081,failover_then_repair,failover_then_background_repair,False,0.6852584527805448
hvac,lstm,random_forest,drift,0.75,0.4,15,rho_0.400_mask_15,74.39,74.38983591747456,74.38983591747456,0.492,74.39,74.38983591747456,74.38983591747456,74.882,failover_then_repair,failover_then_background_repair,False,0.645134867168963
hvac,lstm,random_forest,drift,0.75,0.4,16,rho_0.400_mask_16,74.241,74.24101052112746,74.24101052112746,0.492,74.241,74.24101052112746,74.24101052112746,74.73300000000002,failover_then_repair,failover_then_background_repair,False,0.65162384044379
hvac,lstm,random_forest,drift,0.75,0.4,17,rho_0.400_mask_17,88.365,88.36449223425734,88.36449223425734,0.563,88.365,88.36449223425734,88.36449223425734,88.92800000000001,failover_then_repair,failover_then_background_repair,False,0.6418197695165873
hvac,lstm,random_forest,drift,0.75,0.4,18,rho_0.400_mask_18,89.542,89.54193334848242,89.54193334848242,0.563,89.542,89.54193334848242,89.54193334848242,90.105,failover_then_repair,failover_then_background_repair,False,0.652923408895731
hvac,lstm,random_forest,drift,0.75,0.4,19,rho_0.400_mask_19,76.822,76.82121815884238,76.82121815884238,0.563,76.822,76.82121815884238,76.82121815884238,77.38500000000002,failover_then_repair,failover_then_background_repair,False,0.6422561937943101
hvac,lstm,random_forest,drift,0.75,0.4,20,rho_0.400_mask_20,156.449,156.4494800791981,156.4494800791981,0.492,156.449,156.4494800791981,156.4494800791981,156.941,failover_then_repair,failover_then_background_repair,False,0.6357751516625285
hvac,lstm,random_forest,drift,0.75,0.6,1,rho_0.600_mask_01,74.413,74.41372121169115,74.41372121169115,0.492,74.413,74.41372121169115,74.41372121169115,74.905,failover_then_repair,failover_then_background_repair,False,0.6534328563138843
hvac,lstm,random_forest,drift,0.75,0.6,2,rho_0.600_mask_02,71.834,71.83412933101863,71.83412933101863,0.8,71.834,71.83412933101863,71.83412933101863,72.634,failover_then_repair,failover_then_background_repair,False,0.702565792016685
hvac,lstm,random_forest,drift,0.75,0.6,3,rho_0.600_mask_03,73.188,73.18789375199049,73.18789375199049,0.8,73.188,73.18789375199049,73.18789375199049,73.988,failover_then_repair,failover_then_background_repair,False,0.6384177636355162
hvac,lstm,random_forest,drift,0.75,0.6,4,rho_0.600_mask_04,72.518,72.51876335602356,72.51876335602356,0.492,72.518,72.51876335602356,72.51876335602356,73.01,failover_then_repair,failover_then_background_repair,False,0.6419415418058634
hvac,lstm,random_forest,drift,0.75,0.6,5,rho_0.600_mask_05,87.664,87.66426294199846,87.66426294199846,0.492,87.664,87.66426294199846,87.66426294199846,88.156,failover_then_repair,failover_then_background_repair,False,0.6556884832680225
hvac,lstm,random_forest,drift,0.75,0.6,6,rho_0.600_mask_06,72.537,72.5366665622496,72.5366665622496,0.563,72.537,72.5366665622496,72.5366665622496,73.10000000000001,failover_then_repair,failover_then_background_repair,False,0.65659599006176
hvac,lstm,random_forest,drift,0.75,0.6,7,rho_0.600_mask_07,87.005,87.00632459521512,87.00632459521512,0.563,87.005,87.00632459521512,87.00632459521512,87.568,failover_then_repair,failover_then_background_repair,False,0.6435032356530428
hvac,lstm,random_forest,drift,0.75,0.6,8,rho_0.600_mask_08,74.39,74.38983591747456,74.38983591747456,0.563,74.39,74.38983591747456,74.38983591747456,74.953,failover_then_repair,failover_then_background_repair,False,0.646739050745964
hvac,lstm,random_forest,drift,0.75,0.6,9,rho_0.600_mask_09,87.658,87.65816754199841,87.65816754199841,0.563,87.658,87.65816754199841,87.65816754199841,88.221,failover_then_repair,failover_then_background_repair,False,0.6703360425308347
hvac,lstm,random_forest,drift,0.75,0.6,10,rho_0.600_mask_10,71.878,71.87872821546625,71.87872821546625,0.492,71.878,71.87872821546625,71.87872821546625,72.37,failover_then_repair,failover_then_background_repair,False,0.6835140800103545
hvac,lstm,random_forest,drift,0.75,0.6,11,rho_0.600_mask_11,90.075,90.07493159313526,90.07493159313526,0.563,90.075,90.07493159313526,90.07493159313526,90.63800000000002,failover_then_repair,failover_then_background_repair,False,0.6945946980267763
hvac,lstm,random_forest,drift,0.75,0.6,12,rho_0.600_mask_12,72.516,72.51595297201857,72.51595297201857,0.492,72.516,72.51595297201857,72.51595297201857,73.00800000000001,failover_then_repair,failover_then_background_repair,False,0.6535167060792446
hvac,lstm,random_forest,drift,0.75,0.6,13,rho_0.600_mask_13,88.342,88.34280156700333,88.34280156700333,0.492,88.342,88.34280156700333,88.34280156700333,88.834,failover_then_repair,failover_then_background_repair,False,0.641848930157721
hvac,lstm,random_forest,drift,0.75,0.6,14,rho_0.600_mask_14,86.986,86.98622676202649,86.98622676202649,0.8,86.986,86.98622676202649,86.98622676202649,87.786,failover_then_repair,failover_then_background_repair,False,0.6611715368926525
hvac,lstm,random_forest,drift,0.75,0.6,15,rho_0.600_mask_15,74.415,74.41433696873355,74.41433696873355,0.492,74.415,74.41433696873355,74.41433696873355,74.90700000000001,failover_then_repair,failover_then_background_repair,False,0.6543691121041775
hvac,lstm,random_forest,drift,0.75,0.6,16,rho_0.600_mask_16,71.83,71.83034186999066,71.83034186999066,0.492,71.83,71.83034186999066,71.83034186999066,72.322,failover_then_repair,failover_then_background_repair,False,0.6733644679188728
hvac,lstm,random_forest,drift,0.75,0.6,17,rho_0.600_mask_17,88.367,88.36766393824291,88.36766393824291,0.8,88.367,88.36766393824291,88.36766393824291,89.167,failover_then_repair,failover_then_background_repair,False,0.6746637485921383
hvac,lstm,random_forest,drift,0.75,0.6,18,rho_0.600_mask_18,72.512,72.5121655109906,72.5121655109906,0.563,72.512,72.5121655109906,72.5121655109906,73.075,failover_then_repair,failover_then_background_repair,False,0.6994101889431477
hvac,lstm,random_forest,drift,0.75,0.6,19,rho_0.600_mask_19,89.542,89.54193334848242,89.54193334848242,0.492,89.542,89.54193334848242,89.54193334848242,90.034,failover_then_repair,failover_then_background_repair,False,0.6492773611098528
hvac,lstm,random_forest,drift,0.75,0.6,20,rho_0.600_mask_20,87.687,87.68814823621506,87.68814823621506,0.492,87.687,87.68814823621506,87.68814823621506,88.179,failover_then_repair,failover_then_background_repair,False,0.6431328216567636
hvac,lstm,random_forest,drift,0.75,0.8,1,rho_0.800_mask_01,72.506,72.50607011099055,72.50607011099055,0.492,72.506,72.50607011099055,72.50607011099055,72.998,failover_then_repair,failover_then_background_repair,False,0.6720509063452482
hvac,lstm,random_forest,drift,0.75,0.8,2,rho_0.800_mask_02,87.658,87.65816754199841,87.65816754199841,0.492,87.658,87.65816754199841,87.65816754199841,88.15,failover_then_repair,failover_then_background_repair,False,0.6581309242174029
hvac,lstm,random_forest,drift,0.75,0.8,3,rho_0.800_mask_03,71.83,71.83034186999066,71.83034186999066,0.492,71.83,71.83034186999066,71.83034186999066,72.322,failover_then_repair,failover_then_background_repair,False,0.6688902908936143
hvac,lstm,random_forest,drift,0.75,0.8,4,rho_0.800_mask_04,71.83,71.83034186999066,71.83034186999066,0.492,71.83,71.83034186999066,71.83034186999066,72.322,failover_then_repair,failover_then_background_repair,False,0.6700488515198231
hvac,lstm,random_forest,drift,0.75,0.8,5,rho_0.800_mask_05,72.512,72.5126679560235,72.5126679560235,0.492,72.512,72.5126679560235,72.5126679560235,73.004,failover_then_repair,failover_then_background_repair,False,0.6538574900478125
hvac,lstm,random_forest,drift,0.75,0.8,6,rho_0.800_mask_06,71.83,71.83034186999066,71.83034186999066,0.492,71.83,71.83034186999066,71.83034186999066,72.322,failover_then_repair,failover_then_background_repair,False,0.6682679168879986
hvac,lstm,random_forest,drift,0.75,0.8,7,rho_0.800_mask_07,71.83,71.83034186999066,71.83034186999066,0.492,71.83,71.83034186999066,71.83034186999066,72.322,failover_then_repair,failover_then_background_repair,False,0.7037677951157093
hvac,lstm,random_forest,drift,0.75,0.8,8,rho_0.800_mask_08,71.832,71.83315225399565,71.83315225399565,0.492,71.832,71.83315225399565,71.83315225399565,72.324,failover_then_repair,failover_then_background_repair,False,0.6802729833871126
hvac,lstm,random_forest,drift,0.75,0.8,9,rho_0.800_mask_09,86.986,86.98622676202649,86.98622676202649,0.563,86.986,86.98622676202649,86.98622676202649,87.549,failover_then_repair,failover_then_background_repair,False,0.6526720095425844
hvac,lstm,random_forest,drift,0.75,0.8,10,rho_0.800_mask_10,72.518,72.51876335602356,72.51876335602356,0.492,72.518,72.51876335602356,72.51876335602356,73.01,failover_then_repair,failover_then_background_repair,False,0.6702775834128261
hvac,lstm,random_forest,drift,0.75,0.8,11,rho_0.800_mask_11,72.512,72.5121655109906,72.5121655109906,0.563,72.512,72.5121655109906,72.5121655109906,73.075,failover_then_repair,failover_then_background_repair,False,0.6593209533020854
hvac,lstm,random_forest,drift,0.75,0.8,12,rho_0.800_mask_12,86.982,86.98243930099852,86.98243930099852,0.492,86.982,86.98243930099852,86.98243930099852,87.474,failover_then_repair,failover_then_background_repair,False,0.6670876676216722
hvac,lstm,random_forest,drift,0.75,0.8,13,rho_0.800_mask_13,87.005,87.00632459521512,87.00632459521512,0.492,87.005,87.00632459521512,87.00632459521512,87.497,failover_then_repair,failover_then_background_repair,False,0.6697517381981015
hvac,lstm,random_forest,drift,0.75,0.8,14,rho_0.800_mask_14,71.853,71.85422716420726,71.85422716420726,0.563,71.853,71.85422716420726,71.85422716420726,72.416,failover_then_repair,failover_then_background_repair,False,0.6760530201718211
hvac,lstm,random_forest,drift,0.75,0.8,15,rho_0.800_mask_15,71.83,71.83034186999066,71.83034186999066,0.492,71.83,71.83034186999066,71.83034186999066,72.322,failover_then_repair,failover_then_background_repair,False,0.7137467944994569
hvac,lstm,random_forest,drift,0.75,0.8,16,rho_0.800_mask_16,71.83,71.83034186999066,71.83034186999066,0.492,71.83,71.83034186999066,71.83034186999066,72.322,failover_then_repair,failover_then_background_repair,False,0.6662254007533193
hvac,lstm,random_forest,drift,0.75,0.8,17,rho_0.800_mask_17,71.83,71.83034186999066,71.83034186999066,0.492,71.83,71.83034186999066,71.83034186999066,72.322,failover_then_repair,failover_then_background_repair,False,0.6653257226571441
hvac,lstm,random_forest,drift,0.75,0.8,18,rho_0.800_mask_18,71.83,71.83034186999066,71.83034186999066,0.492,71.83,71.83034186999066,71.83034186999066,72.322,failover_then_repair,failover_then_background_repair,False,0.6831512171775103
hvac,lstm,random_forest,drift,0.75,0.8,19,rho_0.800_mask_19,72.516,72.51595297201857,72.51595297201857,0.492,72.516,72.51595297201857,72.51595297201857,73.00800000000001,failover_then_repair,failover_then_background_repair,False,0.6653807116672397
hvac,lstm,random_forest,drift,0.75,0.8,20,rho_0.800_mask_20,87.658,87.65816754199841,87.65816754199841,0.492,87.658,87.65816754199841,87.65816754199841,88.15,failover_then_repair,failover_then_background_repair,False,0.6596228182315826
hvac,lstm,random_forest,drift,0.75,1.0,0,rho_1.000_nominal,71.83,71.83034186999066,71.83034186999066,0.492,71.83,71.83034186999066,71.83034186999066,72.322,failover_then_repair,failover_then_background_repair,False,0.6710664099082351
hvac,lstm,random_forest,drift,1.0,0.333,1,rho_0.333_mask_01,72.51,72.50985757201852,72.50985757201852,0.563,72.51,72.50985757201852,72.50985757201852,73.07300000000001,failover_then_repair,failover_then_background_repair,False,0.6377375507727265
hvac,lstm,random_forest,drift,1.0,0.333,2,rho_0.333_mask_02,157.131,157.13130372019805,157.13130372019805,0.8,157.131,157.13130372019805,157.13130372019805,157.93100000000004,failover_then_repair,failover_then_background_repair,False,0.705550529062748
hvac,lstm,random_forest,drift,1.0,0.333,3,rho_0.333_mask_03,90.077,90.07774197714024,90.07774197714024,0.563,90.077,90.07774197714024,90.07774197714024,90.64,failover_then_repair,failover_then_background_repair,False,0.6407383242622018
hvac,lstm,random_forest,drift,1.0,0.333,4,rho_0.333_mask_04,74.417,74.41714735273854,74.41714735273854,0.8,74.417,74.41714735273854,74.41714735273854,75.217,failover_then_repair,failover_then_background_repair,False,0.6501209894195199
hvac,lstm,random_forest,drift,1.0,0.333,5,rho_0.333_mask_05,154.743,154.74282818134816,154.74282818134816,0.492,154.743,154.74282818134816,154.74282818134816,155.235,failover_then_repair,failover_then_background_repair,False,0.6573591381311417
hvac,lstm,random_forest,drift,1.0,0.333,6,rho_0.333_mask_06,87.666,87.66707332600345,87.66707332600345,0.563,87.666,87.66707332600345,87.66707332600345,88.229,failover_then_repair,failover_then_background_repair,False,0.6429702918976545
hvac,lstm,random_forest,drift,1.0,0.333,7,rho_0.333_mask_07,88.365,88.36449223425734,88.36449223425734,0.492,88.365,88.36449223425734,88.36449223425734,88.85700000000001,failover_then_repair,failover_then_background_repair,False,0.6521549066528678
hvac,lstm,random_forest,drift,1.0,0.333,8,rho_0.333_mask_08,74.392,74.39264630147954,74.39264630147954,0.563,74.392,74.39264630147954,74.39264630147954,74.955,failover_then_repair,failover_then_background_repair,False,0.654738787561655
hvac,lstm,random_forest,drift,1.0,0.333,9,rho_0.333_mask_09,155.425,155.4246518223481,155.4246518223481,0.8,155.425,155.4246518223481,155.4246518223481,156.22500000000005,failover_then_repair,failover_then_background_repair,False,0.6439879182726145
hvac,lstm,random_forest,drift,1.0,0.333,10,rho_0.333_mask_10,87.712,87.71264928747405,87.71264928747405,0.8,87.712,87.71264928747405,87.71264928747405,88.512,failover_then_repair,failover_then_background_repair,False,0.6792240664362907
hvac,lstm,random_forest,drift,1.0,0.333,11,rho_0.333_mask_11,87.691,87.69193569724303,87.69193569724303,0.8,87.691,87.69193569724303,87.69193569724303,88.491,failover_then_repair,failover_then_background_repair,False,0.6375164780765772
hvac,lstm,random_forest,drift,1.0,0.333,12,rho_0.333_mask_12,91.955,91.9554123836242,91.9554123836242,0.492,91.955,91.9554123836242,91.9554123836242,92.44700000000002,failover_then_repair,failover_then_background_repair,False,0.647041835822165
hvac,lstm,random_forest,drift,1.0,0.333,13,rho_0.333_mask_13,89.391,89.39213087511234,89.39213087511234,0.563,89.391,89.39213087511234,89.39213087511234,89.95400000000001,failover_then_repair,failover_then_background_repair,False,0.6492969840764999
hvac,lstm,random_forest,drift,1.0,0.333,14,rho_0.333_mask_14,155.402,155.4029611550941,155.4029611550941,0.492,155.402,155.4029611550941,155.4029611550941,155.894,failover_then_repair,failover_then_background_repair,False,0.6390256714075804
hvac,lstm,random_forest,drift,1.0,0.333,15,rho_0.333_mask_15,72.508,72.50888049499554,72.50888049499554,0.8,72.508,72.50888049499554,72.50888049499554,73.30799999999999,failover_then_repair,failover_then_background_repair,False,0.6360403466969728
hvac,lstm,random_forest,drift,1.0,0.333,16,rho_0.333_mask_16,157.303,157.30232222883205,157.30232222883205,0.563,157.303,157.30232222883205,157.30232222883205,157.866,failover_then_repair,failover_then_background_repair,False,0.6328580304980278
hvac,lstm,random_forest,drift,1.0,0.333,17,rho_0.333_mask_17,90.218,90.2176615894823,90.2176615894823,0.492,90.218,90.2176615894823,90.2176615894823,90.71,failover_then_repair,failover_then_background_repair,False,0.6531142555177212
hvac,lstm,random_forest,drift,1.0,0.333,18,rho_0.333_mask_18,154.067,154.06709994034827,154.06709994034827,0.563,154.067,154.06709994034827,154.06709994034827,154.63,failover_then_repair,failover_then_background_repair,False,0.7020686212927103
hvac,lstm,random_forest,drift,1.0,0.333,19,rho_0.333_mask_19,87.691,87.69193569724303,87.69193569724303,0.563,87.691,87.69193569724303,87.69193569724303,88.254,failover_then_repair,failover_then_background_repair,False,0.6343523729592562
hvac,lstm,random_forest,drift,1.0,0.333,20,rho_0.333_mask_20,72.533,72.53338154625453,72.53338154625453,0.8,72.533,72.53338154625453,72.53338154625453,73.333,failover_then_repair,failover_then_background_repair,False,0.6423630686476827
hvac,lstm,random_forest,drift,1.0,0.4,1,rho_0.400_mask_01,71.836,71.83693971502362,71.83693971502362,0.563,71.836,71.83693971502362,71.83693971502362,72.399,failover_then_repair,failover_then_background_repair,False,0.6393638337031007
hvac,lstm,random_forest,drift,1.0,0.4,2,rho_0.400_mask_02,91.976,91.97648729383582,91.97648729383582,0.8,91.976,91.97648729383582,91.97648729383582,92.776,failover_then_repair,failover_then_background_repair,False,0.6358101554214954
hvac,lstm,random_forest,drift,1.0,0.4,3,rho_0.400_mask_03,74.944,74.94354775235843,74.94354775235843,0.563,74.944,74.94354775235843,74.94354775235843,75.50700000000002,failover_then_repair,failover_then_background_repair,False,0.6290631415322423
hvac,lstm,random_forest,drift,1.0,0.4,4,rho_0.400_mask_04,87.687,87.68814823621506,87.68814823621506,0.8,87.687,87.68814823621506,87.68814823621506,88.487,failover_then_repair,failover_then_background_repair,False,0.6315500605851412
hvac,lstm,random_forest,drift,1.0,0.4,5,rho_0.400_mask_05,157.301,157.30170647178966,157.30170647178966,0.563,157.301,157.30170647178966,157.30170647178966,157.864,failover_then_repair,failover_then_background_repair,False,0.6389660211279988
hvac,lstm,random_forest,drift,1.0,0.4,6,rho_0.400_mask_06,87.664,87.66426294199846,87.66426294199846,0.563,87.664,87.66426294199846,87.66426294199846,88.227,failover_then_repair,failover_then_background_repair,False,0.6856682682409883
hvac,lstm,random_forest,drift,1.0,0.4,7,rho_0.400_mask_07,74.264,74.26453449536348,74.26453449536348,0.563,74.264,74.26453449536348,74.26453449536348,74.82700000000001,failover_then_repair,failover_then_background_repair,False,0.6341236410662532
hvac,lstm,random_forest,drift,1.0,0.4,8,rho_0.400_mask_08,159.036,159.036285561946,159.036285561946,0.8,159.036,159.036285561946,159.036285561946,159.836,failover_then_repair,failover_then_background_repair,False,0.6314886091277003
hvac,lstm,random_forest,drift,1.0,0.4,9,rho_0.400_mask_09,74.285,74.28560940557509,74.28560940557509,0.8,74.285,74.28560940557509,74.28560940557509,75.08500000000001,failover_then_repair,failover_then_background_repair,False,0.6437731692567468
hvac,lstm,random_forest,drift,1.0,0.4,10,rho_0.400_mask_10,88.365,88.36449223425734,88.36449223425734,0.8,88.365,88.36449223425734,88.36449223425734,89.165,failover_then_repair,failover_then_background_repair,False,0.632041784003377
hvac,lstm,random_forest,drift,1.0,0.4,11,rho_0.400_mask_11,75.091,75.09006520973344,75.09006520973344,0.563,75.091,75.09006520973344,75.09006520973344,75.65400000000001,failover_then_repair,failover_then_background_repair,False,0.634183912537992
hvac,lstm,random_forest,drift,1.0,0.4,12,rho_0.400_mask_12,75.068,75.06837454247943,75.06837454247943,0.563,75.068,75.06837454247943,75.06837454247943,75.631,failover_then_repair,failover_then_background_repair,False,0.6311077969148755
hvac,lstm,random_forest,drift,1.0,0.4,13,rho_0.400_mask_13,87.005,87.00632459521512,87.00632459521512,0.8,87.005,87.00632459521512,87.00632459521512,87.80499999999999,failover_then_repair,failover_then_background_repair,False,0.6467269826680422
hvac,lstm,random_forest,drift,1.0,0.4,14,rho_0.400_mask_14,72.518,72.51876335602356,72.51876335602356,0.563,72.518,72.51876335602356,72.51876335602356,73.081,failover_then_repair,failover_then_background_repair,False,0.6960488641634583
hvac,lstm,random_forest,drift,1.0,0.4,15,rho_0.400_mask_15,74.39,74.38983591747456,74.38983591747456,0.492,74.39,74.38983591747456,74.38983591747456,74.882,failover_then_repair,failover_then_background_repair,False,0.6390889314934611
hvac,lstm,random_forest,drift,1.0,0.4,16,rho_0.400_mask_16,74.241,74.24101052112746,74.24101052112746,0.492,74.241,74.24101052112746,74.24101052112746,74.73300000000002,failover_then_repair,failover_then_background_repair,False,0.6478665918111801
hvac,lstm,random_forest,drift,1.0,0.4,17,rho_0.400_mask_17,88.365,88.36449223425734,88.36449223425734,0.563,88.365,88.36449223425734,88.36449223425734,88.92800000000001,failover_then_repair,failover_then_background_repair,False,0.64189837500453
hvac,lstm,random_forest,drift,1.0,0.4,18,rho_0.400_mask_18,89.542,89.54193334848242,89.54193334848242,0.563,89.542,89.54193334848242,89.54193334848242,90.105,failover_then_repair,failover_then_background_repair,False,0.6488902410492301
hvac,lstm,random_forest,drift,1.0,0.4,19,rho_0.400_mask_19,76.822,76.82121815884238,76.82121815884238,0.563,76.822,76.82121815884238,76.82121815884238,77.38500000000002,failover_then_repair,failover_then_background_repair,False,0.6390972221270204
hvac,lstm,random_forest,drift,1.0,0.4,20,rho_0.400_mask_20,156.449,156.4494800791981,156.4494800791981,0.492,156.449,156.4494800791981,156.4494800791981,156.941,failover_then_repair,failover_then_background_repair,False,0.6475978018715978
hvac,lstm,random_forest,drift,1.0,0.6,1,rho_0.600_mask_01,74.413,74.41372121169115,74.41372121169115,0.492,74.413,74.41372121169115,74.41372121169115,74.905,failover_then_repair,failover_then_background_repair,False,0.655141131952405
hvac,lstm,random_forest,drift,1.0,0.6,2,rho_0.600_mask_02,71.834,71.83412933101863,71.83412933101863,0.8,71.834,71.83412933101863,71.83412933101863,72.634,failover_then_repair,failover_then_background_repair,False,0.7000760370865464
hvac,lstm,random_forest,drift,1.0,0.6,3,rho_0.600_mask_03,73.188,73.18789375199049,73.18789375199049,0.8,73.188,73.18789375199049,73.18789375199049,73.988,failover_then_repair,failover_then_background_repair,False,0.6637217914685607
hvac,lstm,random_forest,drift,1.0,0.6,4,rho_0.600_mask_04,72.518,72.51876335602356,72.51876335602356,0.492,72.518,72.51876335602356,72.51876335602356,73.01,failover_then_repair,failover_then_background_repair,False,0.6522383084520698
hvac,lstm,random_forest,drift,1.0,0.6,5,rho_0.600_mask_05,87.664,87.66426294199846,87.66426294199846,0.492,87.664,87.66426294199846,87.66426294199846,88.156,failover_then_repair,failover_then_background_repair,False,0.6700963750481606
hvac,lstm,random_forest,drift,1.0,0.6,6,rho_0.600_mask_06,72.537,72.5366665622496,72.5366665622496,0.563,72.537,72.5366665622496,72.5366665622496,73.10000000000001,failover_then_repair,failover_then_background_repair,False,0.662835325114429
hvac,lstm,random_forest,drift,1.0,0.6,7,rho_0.600_mask_07,87.005,87.00632459521512,87.00632459521512,0.563,87.005,87.00632459521512,87.00632459521512,87.568,failover_then_repair,failover_then_background_repair,False,0.6235546451061964
hvac,lstm,random_forest,drift,1.0,0.6,8,rho_0.600_mask_08,74.39,74.38983591747456,74.38983591747456,0.563,74.39,74.38983591747456,74.38983591747456,74.953,failover_then_repair,failover_then_background_repair,False,0.6253851419314742
hvac,lstm,random_forest,drift,1.0,0.6,9,rho_0.600_mask_09,87.658,87.65816754199841,87.65816754199841,0.563,87.658,87.65816754199841,87.65816754199841,88.221,failover_then_repair,failover_then_background_repair,False,0.6480821147561073
hvac,lstm,random_forest,drift,1.0,0.6,10,rho_0.600_mask_10,71.878,71.87872821546625,71.87872821546625,0.492,71.878,71.87872821546625,71.87872821546625,72.37,failover_then_repair,failover_then_background_repair,False,0.6800324730575085
hvac,lstm,random_forest,drift,1.0,0.6,11,rho_0.600_mask_11,90.075,90.07493159313526,90.07493159313526,0.563,90.075,90.07493159313526,90.07493159313526,90.63800000000002,failover_then_repair,failover_then_background_repair,False,0.6529430449008942
hvac,lstm,random_forest,drift,1.0,0.6,12,rho_0.600_mask_12,72.516,72.51595297201857,72.51595297201857,0.492,72.516,72.51595297201857,72.51595297201857,73.00800000000001,failover_then_repair,failover_then_background_repair,False,0.6799527928233147
hvac,lstm,random_forest,drift,1.0,0.6,13,rho_0.600_mask_13,88.342,88.34280156700333,88.34280156700333,0.492,88.342,88.34280156700333,88.34280156700333,88.834,failover_then_repair,failover_then_background_repair,False,0.6689298441633582
hvac,lstm,random_forest,drift,1.0,0.6,14,rho_0.600_mask_14,86.986,86.98622676202649,86.98622676202649,0.8,86.986,86.98622676202649,86.98622676202649,87.786,failover_then_repair,failover_then_background_repair,False,0.6611918229609728
hvac,lstm,random_forest,drift,1.0,0.6,15,rho_0.600_mask_15,74.415,74.41433696873355,74.41433696873355,0.492,74.415,74.41433696873355,74.41433696873355,74.90700000000001,failover_then_repair,failover_then_background_repair,False,0.6553397150710225
hvac,lstm,random_forest,drift,1.0,0.6,16,rho_0.600_mask_16,71.83,71.83034186999066,71.83034186999066,0.492,71.83,71.83034186999066,71.83034186999066,72.322,failover_then_repair,failover_then_background_repair,False,0.6722004618495703
hvac,lstm,random_forest,drift,1.0,0.6,17,rho_0.600_mask_17,88.367,88.36766393824291,88.36766393824291,0.8,88.367,88.36766393824291,88.36766393824291,89.167,failover_then_repair,failover_then_background_repair,False,0.6504847342148423
hvac,lstm,random_forest,drift,1.0,0.6,18,rho_0.600_mask_18,72.512,72.5121655109906,72.5121655109906,0.563,72.512,72.5121655109906,72.5121655109906,73.075,failover_then_repair,failover_then_background_repair,False,0.7035204647108912
hvac,lstm,random_forest,drift,1.0,0.6,19,rho_0.600_mask_19,89.542,89.54193334848242,89.54193334848242,0.492,89.542,89.54193334848242,89.54193334848242,90.034,failover_then_repair,failover_then_background_repair,False,0.6518943170085549
hvac,lstm,random_forest,drift,1.0,0.6,20,rho_0.600_mask_20,87.687,87.68814823621506,87.68814823621506,0.492,87.687,87.68814823621506,87.68814823621506,88.179,failover_then_repair,failover_then_background_repair,False,0.6491493955254555
hvac,lstm,random_forest,drift,1.0,0.8,1,rho_0.800_mask_01,72.506,72.50607011099055,72.50607011099055,0.492,72.506,72.50607011099055,72.50607011099055,72.998,failover_then_repair,failover_then_background_repair,False,0.6596576794981956
hvac,lstm,random_forest,drift,1.0,0.8,2,rho_0.800_mask_02,87.658,87.65816754199841,87.65816754199841,0.492,87.658,87.65816754199841,87.65816754199841,88.15,failover_then_repair,failover_then_background_repair,False,0.6509918989613652
hvac,lstm,random_forest,drift,1.0,0.8,3,rho_0.800_mask_03,71.83,71.83034186999066,71.83034186999066,0.492,71.83,71.83034186999066,71.83034186999066,72.322,failover_then_repair,failover_then_background_repair,False,0.6718235574662685
hvac,lstm,random_forest,drift,1.0,0.8,4,rho_0.800_mask_04,71.83,71.83034186999066,71.83034186999066,0.492,71.83,71.83034186999066,71.83034186999066,72.322,failover_then_repair,failover_then_background_repair,False,0.6898236647248268
hvac,lstm,random_forest,drift,1.0,0.8,5,rho_0.800_mask_05,72.512,72.5126679560235,72.5126679560235,0.492,72.512,72.5126679560235,72.5126679560235,73.004,failover_then_repair,failover_then_background_repair,False,0.6713160639628768
hvac,lstm,random_forest,drift,1.0,0.8,6,rho_0.800_mask_06,71.83,71.83034186999066,71.83034186999066,0.492,71.83,71.83034186999066,71.83034186999066,72.322,failover_then_repair,failover_then_background_repair,False,0.7434140285477042
hvac,lstm,random_forest,drift,1.0,0.8,7,rho_0.800_mask_07,71.83,71.83034186999066,71.83034186999066,0.492,71.83,71.83034186999066,71.83034186999066,72.322,failover_then_repair,failover_then_background_repair,False,0.6963748475536704
hvac,lstm,random_forest,drift,1.0,0.8,8,rho_0.800_mask_08,71.832,71.83315225399565,71.83315225399565,0.492,71.832,71.83315225399565,71.83315225399565,72.324,failover_then_repair,failover_then_background_repair,False,0.6813358869403601
hvac,lstm,random_forest,drift,1.0,0.8,9,rho_0.800_mask_09,86.986,86.98622676202649,86.98622676202649,0.563,86.986,86.98622676202649,86.98622676202649,87.549,failover_then_repair,failover_then_background_repair,False,0.6862972564995289
hvac,lstm,random_forest,drift,1.0,0.8,10,rho_0.800_mask_10,72.518,72.51876335602356,72.51876335602356,0.492,72.518,72.51876335602356,72.51876335602356,73.01,failover_then_repair,failover_then_background_repair,False,0.6494254777207971
hvac,lstm,random_forest,drift,1.0,0.8,11,rho_0.800_mask_11,72.512,72.5121655109906,72.5121655109906,0.563,72.512,72.5121655109906,72.5121655109906,73.075,failover_then_repair,failover_then_background_repair,False,0.6766523867845535
hvac,lstm,random_forest,drift,1.0,0.8,12,rho_0.800_mask_12,86.982,86.98243930099852,86.98243930099852,0.492,86.982,86.98243930099852,86.98243930099852,87.474,failover_then_repair,failover_then_background_repair,False,0.6560940807685256
hvac,lstm,random_forest,drift,1.0,0.8,13,rho_0.800_mask_13,87.005,87.00632459521512,87.00632459521512,0.492,87.005,87.00632459521512,87.00632459521512,87.497,failover_then_repair,failover_then_background_repair,False,0.6731105400249362
hvac,lstm,random_forest,drift,1.0,0.8,14,rho_0.800_mask_14,71.853,71.85422716420726,71.85422716420726,0.563,71.853,71.85422716420726,71.85422716420726,72.416,failover_then_repair,failover_then_background_repair,False,0.6921733738854527
hvac,lstm,random_forest,drift,1.0,0.8,15,rho_0.800_mask_15,71.83,71.83034186999066,71.83034186999066,0.492,71.83,71.83034186999066,71.83034186999066,72.322,failover_then_repair,failover_then_background_repair,False,0.7102391812950373
hvac,lstm,random_forest,drift,1.0,0.8,16,rho_0.800_mask_16,71.83,71.83034186999066,71.83034186999066,0.492,71.83,71.83034186999066,71.83034186999066,72.322,failover_then_repair,failover_then_background_repair,False,0.6538823135197163
hvac,lstm,random_forest,drift,1.0,0.8,17,rho_0.800_mask_17,71.83,71.83034186999066,71.83034186999066,0.492,71.83,71.83034186999066,71.83034186999066,72.322,failover_then_repair,failover_then_background_repair,False,0.7007948039099574
hvac,lstm,random_forest,drift,1.0,0.8,18,rho_0.800_mask_18,71.83,71.83034186999066,71.83034186999066,0.492,71.83,71.83034186999066,71.83034186999066,72.322,failover_then_repair,failover_then_background_repair,False,0.6831261795014143
hvac,lstm,random_forest,drift,1.0,0.8,19,rho_0.800_mask_19,72.516,72.51595297201857,72.51595297201857,0.492,72.516,72.51595297201857,72.51595297201857,73.00800000000001,failover_then_repair,failover_then_background_repair,False,0.6732376199215651
hvac,lstm,random_forest,drift,1.0,0.8,20,rho_0.800_mask_20,87.658,87.65816754199841,87.65816754199841,0.492,87.658,87.65816754199841,87.65816754199841,88.15,failover_then_repair,failover_then_background_repair,False,0.6702275266870856
hvac,lstm,random_forest,drift,1.0,1.0,0,rho_1.000_nominal,71.83,71.83034186999066,71.83034186999066,0.492,71.83,71.83034186999066,71.83034186999066,72.322,failover_then_repair,failover_then_background_repair,False,0.6809697542339563
