a100_busy_sec,a100_tasks,a100_utilization,actual_rho,decision_epochs,exception,feasible_assignments,makespan_sec,max_resource_utilization,mean_removed_max_stress,mean_resource_utilization,mean_retained_max_stress,n_assignments,planner_calls,removed_assignments,resource_switches,rtx4090_busy_sec,rtx4090_tasks,rtx4090_utilization,rtx5090_busy_sec,rtx5090_tasks,rtx5090_utilization,run_wall_sec,scenario_id,scheduler,scheduling_overhead_sec,solver_status,source_case_id,source_regime,success,symbolic_planning_overhead_sec,target_rho,tasks_with_1_option,tasks_with_2_options,tasks_with_3_options,validation_error_count,validation_pass
224.991,15,0.9819960194835804,1.0,,,90,229.116,1.0,,0.987469229560572,0.8516155260927061,30,,0,3,224.628,9,0.9804116691981352,229.116,6,1.0,0.0274265697225928,high_01__rho_1.000,cpsat,0.0272278785705566,OPTIMAL,high_01,high,True,,1.0,0,0,30,0,True
361.3146531954408,7,0.938550412887828,1.0,,,90,384.9709597204383,0.938550412887828,,0.6109472786231239,0.8516155260927061,30,,0,2,220.4404512139736,7,0.572615792562782,123.83577616098772,16,0.3216756304187618,0.0011590598151087,high_01__rho_1.000,easy,0.0011398382484912,,high_01,high,True,,1.0,0,0,30,0,True
224.99146406911316,15,0.981995421256893,1.0,,,90,229.11661215399363,1.0,,0.9874668563416256,0.8516155260927061,30,,0,3,224.62710599493585,9,0.9804051477679832,229.11661215399363,6,1.0,0.0006097750738263,high_01__rho_1.000,heft,0.0005837744101881,,high_01,high,True,,1.0,0,0,30,0,True
224.99146406911316,15,0.981995421256893,1.0,31.0,,90,229.11661215399363,1.0,,0.9874668563416256,0.8516155260927061,30,28.0,0,3,224.62710599493585,9,0.9804051477679832,229.11661215399363,6,1.0,8.992003271356225,high_01__rho_1.000,replica,8.99192112032324,,high_01,high,True,8.812037043273449,1.0,0,0,30,0,True
224.991,15,0.9819960194835804,1.0,,,90,229.116,1.0,,0.987469229560572,0.8452382138328195,30,,0,3,224.628,9,0.9804116691981352,229.116,6,1.0,0.0280892457813024,high_02__rho_1.000,cpsat,0.027611332014203,OPTIMAL,high_02,high,True,,1.0,0,0,30,0,True
361.3146531954408,7,0.938550412887828,1.0,,,90,384.9709597204383,0.938550412887828,,0.6109472786231239,0.8452382138328195,30,,0,2,220.4404512139736,7,0.572615792562782,123.83577616098772,16,0.3216756304187618,0.0010423380881547,high_02__rho_1.000,easy,0.0010164873674511,,high_02,high,True,,1.0,0,0,30,0,True
224.99146406911316,15,0.981995421256893,1.0,,,90,229.11661215399363,1.0,,0.9874668563416256,0.8452382138328195,30,,0,3,224.62710599493585,9,0.9804051477679832,229.11661215399363,6,1.0,0.0003853235393762,high_02__rho_1.000,heft,0.0003671944141387,,high_02,high,True,,1.0,0,0,30,0,True
224.99146406911316,15,0.981995421256893,1.0,31.0,,90,229.11661215399363,1.0,,0.9874668563416256,0.8452382138328195,30,28.0,0,3,224.62710599493585,9,0.9804051477679832,229.11661215399363,6,1.0,9.009314817376437,high_02__rho_1.000,replica,9.009242106229069,,high_02,high,True,8.808646681718528,1.0,0,0,30,0,True
224.991,15,0.9819960194835804,1.0,,,90,229.116,1.0,,0.987469229560572,0.7780056757823423,30,,0,3,224.628,9,0.9804116691981352,229.116,6,1.0,0.0266024246811866,high_03__rho_1.000,cpsat,0.0264094024896621,OPTIMAL,high_03,high,True,,1.0,0,0,30,0,True
361.3146531954408,7,0.938550412887828,1.0,,,90,384.9709597204383,0.938550412887828,,0.6109472786231239,0.7780056757823423,30,,0,2,220.4404512139736,7,0.572615792562782,123.83577616098772,16,0.3216756304187618,0.0011681895703077,high_03__rho_1.000,easy,0.0011471305042505,,high_03,high,True,,1.0,0,0,30,0,True
224.99146406911316,15,0.981995421256893,1.0,,,90,229.11661215399363,1.0,,0.9874668563416256,0.7780056757823423,30,,0,3,224.62710599493585,9,0.9804051477679832,229.11661215399363,6,1.0,0.000471893697977,high_03__rho_1.000,heft,0.0004502134397625,,high_03,high,True,,1.0,0,0,30,0,True
224.99146406911316,15,0.981995421256893,1.0,31.0,,90,229.11661215399363,1.0,,0.9874668563416256,0.7780056757823423,30,28.0,0,3,224.62710599493585,9,0.9804051477679832,229.11661215399363,6,1.0,8.9353101067245,high_03__rho_1.000,replica,8.93524101562798,,high_03,high,True,8.81863990984857,1.0,0,0,30,0,True
224.991,15,0.9819960194835804,1.0,,,90,229.116,1.0,,0.987469229560572,0.8440235693881595,30,,0,3,224.628,9,0.9804116691981352,229.116,6,1.0,0.0267292447388172,high_04__rho_1.000,cpsat,0.0264609726145863,OPTIMAL,high_04,high,True,,1.0,0,0,30,0,True
361.3146531954408,7,0.938550412887828,1.0,,,90,384.9709597204383,0.938550412887828,,0.6109472786231239,0.8440235693881595,30,,0,2,220.4404512139736,7,0.572615792562782,123.83577616098772,16,0.3216756304187618,0.0011099595576524,high_04__rho_1.000,easy,0.0010909084230661,,high_04,high,True,,1.0,0,0,30,0,True
224.99146406911316,15,0.981995421256893,1.0,,,90,229.11661215399363,1.0,,0.9874668563416256,0.8440235693881595,30,,0,3,224.62710599493585,9,0.9804051477679832,229.11661215399363,6,1.0,0.0004143137484788,high_04__rho_1.000,heft,0.0003928737714886,,high_04,high,True,,1.0,0,0,30,0,True
224.99146406911316,15,0.981995421256893,1.0,31.0,,90,229.11661215399363,1.0,,0.9874668563416256,0.8440235693881595,30,28.0,0,3,224.62710599493585,9,0.9804051477679832,229.11661215399363,6,1.0,8.902874012477696,high_04__rho_1.000,replica,8.902807381935418,,high_04,high,True,8.717066770419478,1.0,0,0,30,0,True
224.991,15,0.9819960194835804,1.0,,,90,229.116,1.0,,0.987469229560572,0.8274843111986201,30,,0,3,224.628,9,0.9804116691981352,229.116,6,1.0,0.027473671361804,high_05__rho_1.000,cpsat,0.0272587398067116,OPTIMAL,high_05,high,True,,1.0,0,0,30,0,True
361.3146531954408,7,0.938550412887828,1.0,,,90,384.9709597204383,0.938550412887828,,0.6109472786231239,0.8274843111986201,30,,0,2,220.4404512139736,7,0.572615792562782,123.83577616098772,16,0.3216756304187618,0.0012759510427713,high_05__rho_1.000,easy,0.0012557096779346,,high_05,high,True,,1.0,0,0,30,0,True
224.99146406911316,15,0.981995421256893,1.0,,,90,229.11661215399363,1.0,,0.9874668563416256,0.8274843111986201,30,,0,3,224.62710599493585,9,0.9804051477679832,229.11661215399363,6,1.0,0.0004796534776687,high_05__rho_1.000,heft,0.000457914546132,,high_05,high,True,,1.0,0,0,30,0,True
224.99146406911316,15,0.981995421256893,1.0,31.0,,90,229.11661215399363,1.0,,0.9874668563416256,0.8274843111986201,30,28.0,0,3,224.62710599493585,9,0.9804051477679832,229.11661215399363,6,1.0,8.996536223217845,high_05__rho_1.000,replica,8.996452732011676,,high_05,high,True,8.870529853738844,1.0,0,0,30,0,True
224.991,15,0.9819960194835804,1.0,,,90,229.116,1.0,,0.987469229560572,0.7644369272697793,30,,0,3,224.628,9,0.9804116691981352,229.116,6,1.0,0.0258353082463145,high_06__rho_1.000,cpsat,0.0256353765726089,OPTIMAL,high_06,high,True,,1.0,0,0,30,0,True
361.3146531954408,7,0.938550412887828,1.0,,,90,384.9709597204383,0.938550412887828,,0.6109472786231239,0.7644369272697793,30,,0,2,220.4404512139736,7,0.572615792562782,123.83577616098772,16,0.3216756304187618,0.0009341286495327,high_06__rho_1.000,easy,0.0009154276922345,,high_06,high,True,,1.0,0,0,30,0,True
224.99146406911316,15,0.981995421256893,1.0,,,90,229.11661215399363,1.0,,0.9874668563416256,0.7644369272697793,30,,0,3,224.62710599493585,9,0.9804051477679832,229.11661215399363,6,1.0,0.0006083548069,high_06__rho_1.000,heft,0.0005806144326925,,high_06,high,True,,1.0,0,0,30,0,True
224.99146406911316,15,0.981995421256893,1.0,31.0,,90,229.11661215399363,1.0,,0.9874668563416256,0.7644369272697793,30,28.0,0,3,224.62710599493585,9,0.9804051477679832,229.11661215399363,6,1.0,8.959545126184821,high_06__rho_1.000,replica,8.959474973380566,,high_06,high,True,8.752868512645364,1.0,0,0,30,0,True
224.991,15,0.9819960194835804,1.0,,,90,229.116,1.0,,0.987469229560572,0.7724252357478668,30,,0,3,224.628,9,0.9804116691981352,229.116,6,1.0,0.0271829897537827,high_07__rho_1.000,cpsat,0.0269784480333328,OPTIMAL,high_07,high,True,,1.0,0,0,30,0,True
361.3146531954408,7,0.938550412887828,1.0,,,90,384.9709597204383,0.938550412887828,,0.6109472786231239,0.7724252357478668,30,,0,2,220.4404512139736,7,0.572615792562782,123.83577616098772,16,0.3216756304187618,0.0406579477712512,high_07__rho_1.000,easy,0.0406316574662923,,high_07,high,True,,1.0,0,0,30,0,True
224.99146406911316,15,0.981995421256893,1.0,,,90,229.11661215399363,1.0,,0.9874668563416256,0.7724252357478668,30,,0,3,224.62710599493585,9,0.9804051477679832,229.11661215399363,6,1.0,0.0006056651473045,high_07__rho_1.000,heft,0.000577924773097,,high_07,high,True,,1.0,0,0,30,0,True
224.99146406911316,15,0.981995421256893,1.0,31.0,,90,229.11661215399363,1.0,,0.9874668563416256,0.7724252357478668,30,28.0,0,3,224.62710599493585,9,0.9804051477679832,229.11661215399363,6,1.0,8.930368037894368,high_07__rho_1.000,replica,8.930291238240898,,high_07,high,True,8.80787152517587,1.0,0,0,30,0,True
224.991,15,0.9819960194835804,1.0,,,90,229.116,1.0,,0.987469229560572,0.80046437810912,30,,0,3,224.628,9,0.9804116691981352,229.116,6,1.0,0.0262227421626448,high_08__rho_1.000,cpsat,0.0260276217013597,OPTIMAL,high_08,high,True,,1.0,0,0,30,0,True
361.3146531954408,7,0.938550412887828,1.0,,,90,384.9709597204383,0.938550412887828,,0.6109472786231239,0.80046437810912,30,,0,2,220.4404512139736,7,0.572615792562782,123.83577616098772,16,0.3216756304187618,0.0011007795110344,high_08__rho_1.000,easy,0.0010808892548084,,high_08,high,True,,1.0,0,0,30,0,True
224.99146406911316,15,0.981995421256893,1.0,,,90,229.11661215399363,1.0,,0.9874668563416256,0.80046437810912,30,,0,3,224.62710599493585,9,0.9804051477679832,229.11661215399363,6,1.0,0.000485735014081,high_08__rho_1.000,heft,0.000464404001832,,high_08,high,True,,1.0,0,0,30,0,True
224.99146406911316,15,0.981995421256893,1.0,31.0,,90,229.11661215399363,1.0,,0.9874668563416256,0.80046437810912,30,28.0,0,3,224.62710599493585,9,0.9804051477679832,229.11661215399363,6,1.0,9.032111612148585,high_08__rho_1.000,replica,9.032010971568525,,high_08,high,True,8.915046389214694,1.0,0,0,30,0,True
224.991,15,0.9819960194835804,1.0,,,90,229.116,1.0,,0.987469229560572,0.7848440236103773,30,,0,3,224.628,9,0.9804116691981352,229.116,6,1.0,0.0270678484812378,high_09__rho_1.000,cpsat,0.0268697086721658,OPTIMAL,high_09,high,True,,1.0,0,0,30,0,True
361.3146531954408,7,0.938550412887828,1.0,,,90,384.9709597204383,0.938550412887828,,0.6109472786231239,0.7848440236103773,30,,0,2,220.4404512139736,7,0.572615792562782,123.83577616098772,16,0.3216756304187618,0.001237110234797,high_09__rho_1.000,easy,0.0012177098542451,,high_09,high,True,,1.0,0,0,30,0,True
224.99146406911316,15,0.981995421256893,1.0,,,90,229.11661215399363,1.0,,0.9874668563416256,0.7848440236103773,30,,0,3,224.62710599493585,9,0.9804051477679832,229.11661215399363,6,1.0,0.0004052435979247,high_09__rho_1.000,heft,0.000387112610042,,high_09,high,True,,1.0,0,0,30,0,True
224.99146406911316,15,0.981995421256893,1.0,31.0,,90,229.11661215399363,1.0,,0.9874668563416256,0.7848440236103773,30,28.0,0,3,224.62710599493585,9,0.9804051477679832,229.11661215399363,6,1.0,8.930070541799068,high_09__rho_1.000,replica,8.929875640198588,,high_09,high,True,8.809722849167883,1.0,0,0,30,0,True
224.991,15,0.9819960194835804,1.0,,,90,229.116,1.0,,0.987469229560572,0.8229488129090521,30,,0,3,224.628,9,0.9804116691981352,229.116,6,1.0,0.0262075420469045,high_10__rho_1.000,cpsat,0.0260096807032823,OPTIMAL,high_10,high,True,,1.0,0,0,30,0,True
361.3146531954408,7,0.938550412887828,1.0,,,90,384.9709597204383,0.938550412887828,,0.6109472786231239,0.8229488129090521,30,,0,2,220.4404512139736,7,0.572615792562782,123.83577616098772,16,0.3216756304187618,0.0011819498613476,high_10__rho_1.000,easy,0.0010844087228178,,high_10,high,True,,1.0,0,0,30,0,True
224.99146406911316,15,0.981995421256893,1.0,,,90,229.11661215399363,1.0,,0.9874668563416256,0.8229488129090521,30,,0,3,224.62710599493585,9,0.9804051477679832,229.11661215399363,6,1.0,0.000413604080677,high_10__rho_1.000,heft,0.0003933142870664,,high_10,high,True,,1.0,0,0,30,0,True
224.99146406911316,15,0.981995421256893,1.0,31.0,,90,229.11661215399363,1.0,,0.9874668563416256,0.8229488129090521,30,28.0,0,3,224.62710599493585,9,0.9804051477679832,229.11661215399363,6,1.0,8.909959170036018,high_10__rho_1.000,replica,8.909880118444562,,high_10,high,True,8.792240659706295,1.0,0,0,30,0,True
224.991,15,0.9819960194835804,1.0,,,90,229.116,1.0,,0.987469229560572,0.8544639875935933,30,,0,3,224.628,9,0.9804116691981352,229.116,6,1.0,0.0263968342915177,high_11__rho_1.000,cpsat,0.0262055825442075,OPTIMAL,high_11,high,True,,1.0,0,0,30,0,True
361.3146531954408,7,0.938550412887828,1.0,,,90,384.9709597204383,0.938550412887828,,0.6109472786231239,0.8544639875935933,30,,0,2,220.4404512139736,7,0.572615792562782,123.83577616098772,16,0.3216756304187618,0.0009767282754182,high_11__rho_1.000,easy,0.0009573884308338,,high_11,high,True,,1.0,0,0,30,0,True
224.99146406911316,15,0.981995421256893,1.0,,,90,229.11661215399363,1.0,,0.9874668563416256,0.8544639875935933,30,,0,3,224.62710599493585,9,0.9804051477679832,229.11661215399363,6,1.0,0.0003999331966042,high_11__rho_1.000,heft,0.0003816625103354,,high_11,high,True,,1.0,0,0,30,0,True
224.99146406911316,15,0.981995421256893,1.0,31.0,,90,229.11661215399363,1.0,,0.9874668563416256,0.8544639875935933,30,28.0,0,3,224.62710599493585,9,0.9804051477679832,229.11661215399363,6,1.0,8.773750813677907,high_11__rho_1.000,replica,8.773657801561058,,high_11,high,True,8.581601187586784,1.0,0,0,30,0,True
224.991,15,0.9819960194835804,1.0,,,90,229.116,1.0,,0.987469229560572,0.8496097777115368,30,,0,3,224.628,9,0.9804116691981352,229.116,6,1.0,0.0263644624501466,high_12__rho_1.000,cpsat,0.0259094992652535,OPTIMAL,high_12,high,True,,1.0,0,0,30,0,True
361.3146531954408,7,0.938550412887828,1.0,,,90,384.9709597204383,0.938550412887828,,0.6109472786231239,0.8496097777115368,30,,0,2,220.4404512139736,7,0.572615792562782,123.83577616098772,16,0.3216756304187618,0.0014266911894083,high_12__rho_1.000,easy,0.001399521715939,,high_12,high,True,,1.0,0,0,30,0,True
224.99146406911316,15,0.981995421256893,1.0,,,90,229.11661215399363,1.0,,0.9874668563416256,0.8496097777115368,30,,0,3,224.62710599493585,9,0.9804051477679832,229.11661215399363,6,1.0,0.0004018638283014,high_12__rho_1.000,heft,0.0003833128139376,,high_12,high,True,,1.0,0,0,30,0,True
224.99146406911316,15,0.981995421256893,1.0,31.0,,90,229.11661215399363,1.0,,0.9874668563416256,0.8496097777115368,30,28.0,0,3,224.62710599493585,9,0.9804051477679832,229.11661215399363,6,1.0,8.57129327673465,high_12__rho_1.000,replica,8.571212815120816,,high_12,high,True,8.445216589607298,1.0,0,0,30,0,True
224.991,15,0.9819960194835804,1.0,,,90,229.116,1.0,,0.987469229560572,0.8614356229377134,30,,0,3,224.628,9,0.9804116691981352,229.116,6,1.0,0.0264826864004135,high_13__rho_1.000,cpsat,0.0262763230130076,OPTIMAL,high_13,high,True,,1.0,0,0,30,0,True
361.3146531954408,7,0.938550412887828,1.0,,,90,384.9709597204383,0.938550412887828,,0.6109472786231239,0.8614356229377134,30,,0,2,220.4404512139736,7,0.572615792562782,123.83577616098772,16,0.3216756304187618,0.0009321980178356,high_13__rho_1.000,easy,0.0009129680693149,,high_13,high,True,,1.0,0,0,30,0,True
224.99146406911316,15,0.981995421256893,1.0,,,90,229.11661215399363,1.0,,0.9874668563416256,0.8614356229377134,30,,0,3,224.62710599493585,9,0.9804051477679832,229.11661215399363,6,1.0,0.0004165144637227,high_13__rho_1.000,heft,0.000395412556827,,high_13,high,True,,1.0,0,0,30,0,True
224.99146406911316,15,0.981995421256893,1.0,31.0,,90,229.11661215399363,1.0,,0.9874668563416256,0.8614356229377134,30,28.0,0,3,224.62710599493585,9,0.9804051477679832,229.11661215399363,6,1.0,8.937459662556648,high_13__rho_1.000,replica,8.937386952340603,,high_13,high,True,8.81571779306978,1.0,0,0,30,0,True
224.991,15,0.9819960194835804,1.0,,,90,229.116,1.0,,0.987469229560572,0.7852846096951425,30,,0,3,224.628,9,0.9804116691981352,229.116,6,1.0,0.0275667440146207,high_14__rho_1.000,cpsat,0.0273500615730881,OPTIMAL,high_14,high,True,,1.0,0,0,30,0,True
361.3146531954408,7,0.938550412887828,1.0,,,90,384.9709597204383,0.938550412887828,,0.6109472786231239,0.7852846096951425,30,,0,2,220.4404512139736,7,0.572615792562782,123.83577616098772,16,0.3216756304187618,0.000928146764636,high_14__rho_1.000,easy,0.000908606685698,,high_14,high,True,,1.0,0,0,30,0,True
224.99146406911316,15,0.981995421256893,1.0,,,90,229.11661215399363,1.0,,0.9874668563416256,0.7852846096951425,30,,0,3,224.62710599493585,9,0.9804051477679832,229.11661215399363,6,1.0,0.0004447940737009,high_14__rho_1.000,heft,0.0004208041355013,,high_14,high,True,,1.0,0,0,30,0,True
224.99146406911316,15,0.981995421256893,1.0,31.0,,90,229.11661215399363,1.0,,0.9874668563416256,0.7852846096951425,30,28.0,0,3,224.62710599493585,9,0.9804051477679832,229.11661215399363,6,1.0,8.933325701393187,high_14__rho_1.000,replica,8.933251939713955,,high_14,high,True,8.810479269362986,1.0,0,0,30,0,True
224.991,15,0.9819960194835804,1.0,,,90,229.116,1.0,,0.987469229560572,0.8813814514701929,30,,0,3,224.628,9,0.9804116691981352,229.116,6,1.0,0.027287702076137,high_15__rho_1.000,cpsat,0.027094330638647,OPTIMAL,high_15,high,True,,1.0,0,0,30,0,True
361.3146531954408,7,0.938550412887828,1.0,,,90,384.9709597204383,0.938550412887828,,0.6109472786231239,0.8813814514701929,30,,0,2,220.4404512139736,7,0.572615792562782,123.83577616098772,16,0.3216756304187618,0.0010314881801605,high_15__rho_1.000,easy,0.0010114079341292,,high_15,high,True,,1.0,0,0,30,0,True
224.99146406911316,15,0.981995421256893,1.0,,,90,229.11661215399363,1.0,,0.9874668563416256,0.8813814514701929,30,,0,3,224.62710599493585,9,0.9804051477679832,229.11661215399363,6,1.0,0.0004071937873959,high_15__rho_1.000,heft,0.0003872830420732,,high_15,high,True,,1.0,0,0,30,0,True
224.99146406911316,15,0.981995421256893,1.0,31.0,,90,229.11661215399363,1.0,,0.9874668563416256,0.8813814514701929,30,28.0,0,3,224.62710599493585,9,0.9804051477679832,229.11661215399363,6,1.0,9.007958692498503,high_15__rho_1.000,replica,9.007880450226368,,high_15,high,True,8.81718793231994,1.0,0,0,30,0,True
224.991,15,0.9819960194835804,1.0,,,90,229.116,1.0,,0.987469229560572,0.8510220861491505,30,,0,3,224.628,9,0.9804116691981352,229.116,6,1.0,0.0267051085829734,high_16__rho_1.000,cpsat,0.0265095364302396,OPTIMAL,high_16,high,True,,1.0,0,0,30,0,True
361.3146531954408,7,0.938550412887828,1.0,,,90,384.9709597204383,0.938550412887828,,0.6109472786231239,0.8510220861491505,30,,0,2,220.4404512139736,7,0.572615792562782,123.83577616098772,16,0.3216756304187618,0.0012407097965478,high_16__rho_1.000,easy,0.0012220498174428,,high_16,high,True,,1.0,0,0,30,0,True
224.99146406911316,15,0.981995421256893,1.0,,,90,229.11661215399363,1.0,,0.9874668563416256,0.8510220861491505,30,,0,3,224.62710599493585,9,0.9804051477679832,229.11661215399363,6,1.0,0.0004808735102415,high_16__rho_1.000,heft,0.0004623336717486,,high_16,high,True,,1.0,0,0,30,0,True
224.99146406911316,15,0.981995421256893,1.0,31.0,,90,229.11661215399363,1.0,,0.9874668563416256,0.8510220861491505,30,28.0,0,3,224.62710599493585,9,0.9804051477679832,229.11661215399363,6,1.0,9.039435570128262,high_16__rho_1.000,replica,9.039362619630992,,high_16,high,True,8.858020921237767,1.0,0,0,30,0,True
224.991,15,0.9819960194835804,1.0,,,90,229.116,1.0,,0.987469229560572,0.7465650695631955,30,,0,3,224.628,9,0.9804116691981352,229.116,6,1.0,0.0272657722234725,high_17__rho_1.000,cpsat,0.027068200521171,OPTIMAL,high_17,high,True,,1.0,0,0,30,0,True
361.3146531954408,7,0.938550412887828,1.0,,,90,384.9709597204383,0.938550412887828,,0.6109472786231239,0.7465650695631955,30,,0,2,220.4404512139736,7,0.572615792562782,123.83577616098772,16,0.3216756304187618,0.0010277889668941,high_17__rho_1.000,easy,0.0010082582011818,,high_17,high,True,,1.0,0,0,30,0,True
224.99146406911316,15,0.981995421256893,1.0,,,90,229.11661215399363,1.0,,0.9874668563416256,0.7465650695631955,30,,0,3,224.62710599493585,9,0.9804051477679832,229.11661215399363,6,1.0,0.0004866737872362,high_17__rho_1.000,heft,0.0004662042483687,,high_17,high,True,,1.0,0,0,30,0,True
224.99146406911316,15,0.981995421256893,1.0,31.0,,90,229.11661215399363,1.0,,0.9874668563416256,0.7465650695631955,30,28.0,0,3,224.62710599493585,9,0.9804051477679832,229.11661215399363,6,1.0,8.99292241036892,high_17__rho_1.000,replica,8.992848090827465,,high_17,high,True,8.872258218936622,1.0,0,0,30,0,True
224.991,15,0.9819960194835804,1.0,,,90,229.116,1.0,,0.987469229560572,0.7804571320431819,30,,0,3,224.628,9,0.9804116691981352,229.116,6,1.0,0.0265700770542025,high_18__rho_1.000,cpsat,0.0263677248731255,OPTIMAL,high_18,high,True,,1.0,0,0,30,0,True
361.3146531954408,7,0.938550412887828,1.0,,,90,384.9709597204383,0.938550412887828,,0.6109472786231239,0.7804571320431819,30,,0,2,220.4404512139736,7,0.572615792562782,123.83577616098772,16,0.3216756304187618,0.0012813108041882,high_18__rho_1.000,easy,0.0012612808495759,,high_18,high,True,,1.0,0,0,30,0,True
224.99146406911316,15,0.981995421256893,1.0,,,90,229.11661215399363,1.0,,0.9874668563416256,0.7804571320431819,30,,0,3,224.62710599493585,9,0.9804051477679832,229.11661215399363,6,1.0,0.0004042442888021,high_18__rho_1.000,heft,0.000384172424674,,high_18,high,True,,1.0,0,0,30,0,True
224.99146406911316,15,0.981995421256893,1.0,31.0,,90,229.11661215399363,1.0,,0.9874668563416256,0.7804571320431819,30,28.0,0,3,224.62710599493585,9,0.9804051477679832,229.11661215399363,6,1.0,9.012807763181629,high_18__rho_1.000,replica,9.012739583849909,,high_18,high,True,8.891049075871706,1.0,0,0,30,0,True
224.991,15,0.9819960194835804,1.0,,,90,229.116,1.0,,0.987469229560572,0.8482841556062817,30,,0,3,224.628,9,0.9804116691981352,229.116,6,1.0,0.0260859038680791,high_19__rho_1.000,cpsat,0.0258918507024645,OPTIMAL,high_19,high,True,,1.0,0,0,30,0,True
361.3146531954408,7,0.938550412887828,1.0,,,90,384.9709597204383,0.938550412887828,,0.6109472786231239,0.8482841556062817,30,,0,2,220.4404512139736,7,0.572615792562782,123.83577616098772,16,0.3216756304187618,0.001190629787743,high_19__rho_1.000,easy,0.0011711698025465,,high_19,high,True,,1.0,0,0,30,0,True
224.99146406911316,15,0.981995421256893,1.0,,,90,229.11661215399363,1.0,,0.9874668563416256,0.8482841556062817,30,,0,3,224.62710599493585,9,0.9804051477679832,229.11661215399363,6,1.0,0.0004065129905939,high_19__rho_1.000,heft,0.0003865733742713,,high_19,high,True,,1.0,0,0,30,0,True
224.99146406911316,15,0.981995421256893,1.0,31.0,,90,229.11661215399363,1.0,,0.9874668563416256,0.8482841556062817,30,28.0,0,3,224.62710599493585,9,0.9804051477679832,229.11661215399363,6,1.0,8.8979237023741,high_19__rho_1.000,replica,8.897851432673633,,high_19,high,True,8.777109135873616,1.0,0,0,30,0,True
224.991,15,0.9819960194835804,1.0,,,90,229.116,1.0,,0.987469229560572,0.8139606679784979,30,,0,3,224.628,9,0.9804116691981352,229.116,6,1.0,0.0264730863273143,high_20__rho_1.000,cpsat,0.0262668346986174,OPTIMAL,high_20,high,True,,1.0,0,0,30,0,True
361.3146531954408,7,0.938550412887828,1.0,,,90,384.9709597204383,0.938550412887828,,0.6109472786231239,0.8139606679784979,30,,0,2,220.4404512139736,7,0.572615792562782,123.83577616098772,16,0.3216756304187618,0.001279049552977,high_20__rho_1.000,easy,0.0012469198554754,,high_20,high,True,,1.0,0,0,30,0,True
224.99146406911316,15,0.981995421256893,1.0,,,90,229.11661215399363,1.0,,0.9874668563416256,0.8139606679784979,30,,0,3,224.62710599493585,9,0.9804051477679832,229.11661215399363,6,1.0,0.0004363041371107,high_20__rho_1.000,heft,0.0004121726378798,,high_20,high,True,,1.0,0,0,30,0,True
224.99146406911316,15,0.981995421256893,1.0,31.0,,90,229.11661215399363,1.0,,0.9874668563416256,0.8139606679784979,30,28.0,0,3,224.62710599493585,9,0.9804051477679832,229.11661215399363,6,1.0,9.03776559792459,high_20__rho_1.000,replica,9.037704356946051,,high_20,high,True,8.916451781056821,1.0,0,0,30,0,True
224.991,15,0.9819960194835804,1.0,,,90,229.116,1.0,,0.987469229560572,0.7983790391066832,30,,0,3,224.628,9,0.9804116691981352,229.116,6,1.0,0.0395160848274827,moderate_01__rho_1.000,cpsat,0.0391991818323731,OPTIMAL,moderate_01,moderate,True,,1.0,0,0,30,0,True
361.3146531954408,7,0.938550412887828,1.0,,,90,384.9709597204383,0.938550412887828,,0.6109472786231239,0.7983790391066832,30,,0,2,220.4404512139736,7,0.572615792562782,123.83577616098772,16,0.3216756304187618,0.0017242133617401,moderate_01__rho_1.000,easy,0.0016932729631662,,moderate_01,moderate,True,,1.0,0,0,30,0,True
224.99146406911316,15,0.981995421256893,1.0,,,90,229.11661215399363,1.0,,0.9874668563416256,0.7983790391066832,30,,0,3,224.62710599493585,9,0.9804051477679832,229.11661215399363,6,1.0,0.0006447955965995,moderate_01__rho_1.000,heft,0.0006146049126982,,moderate_01,moderate,True,,1.0,0,0,30,0,True
224.99146406911316,15,0.981995421256893,1.0,31.0,,90,229.11661215399363,1.0,,0.9874668563416256,0.7983790391066832,30,28.0,0,3,224.62710599493585,9,0.9804051477679832,229.11661215399363,6,1.0,9.13563826866448,moderate_01__rho_1.000,replica,9.135188914835451,,moderate_01,moderate,True,8.931172468699515,1.0,0,0,30,0,True
224.991,15,0.9819960194835804,1.0,,,90,229.116,1.0,,0.987469229560572,0.8241593613065265,30,,0,3,224.628,9,0.9804116691981352,229.116,6,1.0,0.0314591126516461,moderate_02__rho_1.000,cpsat,0.0312478821724653,OPTIMAL,moderate_02,moderate,True,,1.0,0,0,30,0,True
361.3146531954408,7,0.938550412887828,1.0,,,90,384.9709597204383,0.938550412887828,,0.6109472786231239,0.8241593613065265,30,,0,2,220.4404512139736,7,0.572615792562782,123.83577616098772,16,0.3216756304187618,0.0011837091296911,moderate_02__rho_1.000,easy,0.0011636782437562,,moderate_02,moderate,True,,1.0,0,0,30,0,True
224.99146406911316,15,0.981995421256893,1.0,,,90,229.11661215399363,1.0,,0.9874668563416256,0.8241593613065265,30,,0,3,224.62710599493585,9,0.9804051477679832,229.11661215399363,6,1.0,0.000516403466463,moderate_02__rho_1.000,heft,0.0004984037950634,,moderate_02,moderate,True,,1.0,0,0,30,0,True
224.99146406911316,15,0.981995421256893,1.0,31.0,,90,229.11661215399363,1.0,,0.9874668563416256,0.8241593613065265,30,28.0,0,3,224.62710599493585,9,0.9804051477679832,229.11661215399363,6,1.0,9.402825322933497,moderate_02__rho_1.000,replica,9.402756032533944,,moderate_02,moderate,True,9.200546312145889,1.0,0,0,30,0,True
224.991,15,0.9819960194835804,1.0,,,90,229.116,1.0,,0.987469229560572,0.7788998357963876,30,,0,3,224.628,9,0.9804116691981352,229.116,6,1.0,0.0274218115955591,moderate_03__rho_1.000,cpsat,0.0269510587677359,OPTIMAL,moderate_03,moderate,True,,1.0,0,0,30,0,True
361.3146531954408,7,0.938550412887828,1.0,,,90,384.9709597204383,0.938550412887828,,0.6109472786231239,0.7788998357963876,30,,0,2,220.4404512139736,7,0.572615792562782,123.83577616098772,16,0.3216756304187618,0.001460020430386,moderate_03__rho_1.000,easy,0.0014292011037468,,moderate_03,moderate,True,,1.0,0,0,30,0,True
224.99146406911316,15,0.981995421256893,1.0,,,90,229.11661215399363,1.0,,0.9874668563416256,0.7788998357963876,30,,0,3,224.62710599493585,9,0.9804051477679832,229.11661215399363,6,1.0,0.0004826439544558,moderate_03__rho_1.000,heft,0.0004637343809008,,moderate_03,moderate,True,,1.0,0,0,30,0,True
224.99146406911316,15,0.981995421256893,1.0,31.0,,90,229.11661215399363,1.0,,0.9874668563416256,0.7788998357963876,30,28.0,0,3,224.62710599493585,9,0.9804051477679832,229.11661215399363,6,1.0,9.593756137415768,moderate_03__rho_1.000,replica,9.59366966597736,,moderate_03,moderate,True,9.391770501621068,1.0,0,0,30,0,True
224.991,15,0.9819960194835804,1.0,,,90,229.116,1.0,,0.987469229560572,0.7694645549551811,30,,0,3,224.628,9,0.9804116691981352,229.116,6,1.0,0.0349877011030912,moderate_04__rho_1.000,cpsat,0.0347293186932802,OPTIMAL,moderate_04,moderate,True,,1.0,0,0,30,0,True
361.3146531954408,7,0.938550412887828,1.0,,,90,384.9709597204383,0.938550412887828,,0.6109472786231239,0.7694645549551811,30,,0,2,220.4404512139736,7,0.572615792562782,123.83577616098772,16,0.3216756304187618,0.0011339588090777,moderate_04__rho_1.000,easy,0.0011111292988061,,moderate_04,moderate,True,,1.0,0,0,30,0,True
224.99146406911316,15,0.981995421256893,1.0,,,90,229.11661215399363,1.0,,0.9874668563416256,0.7694645549551811,30,,0,3,224.62710599493585,9,0.9804051477679832,229.11661215399363,6,1.0,0.0007140142843127,moderate_04__rho_1.000,heft,0.0006820047274231,,moderate_04,moderate,True,,1.0,0,0,30,0,True
224.99146406911316,15,0.981995421256893,1.0,31.0,,90,229.11661215399363,1.0,,0.9874668563416256,0.7694645549551811,30,28.0,0,3,224.62710599493585,9,0.9804051477679832,229.11661215399363,6,1.0,9.180869420990348,moderate_04__rho_1.000,replica,9.180754140019417,,moderate_04,moderate,True,8.942043970339,1.0,0,0,30,0,True
224.991,15,0.9819960194835804,1.0,,,90,229.116,1.0,,0.987469229560572,0.8099879745792102,30,,0,3,224.628,9,0.9804116691981352,229.116,6,1.0,0.0270435409620404,moderate_05__rho_1.000,cpsat,0.0268242983147501,OPTIMAL,moderate_05,moderate,True,,1.0,0,0,30,0,True
361.3146531954408,7,0.938550412887828,1.0,,,90,384.9709597204383,0.938550412887828,,0.6109472786231239,0.8099879745792102,30,,0,2,220.4404512139736,7,0.572615792562782,123.83577616098772,16,0.3216756304187618,0.0011194888502359,moderate_05__rho_1.000,easy,0.0010999292135238,,moderate_05,moderate,True,,1.0,0,0,30,0,True
224.99146406911316,15,0.981995421256893,1.0,,,90,229.11661215399363,1.0,,0.9874668563416256,0.8099879745792102,30,,0,3,224.62710599493585,9,0.9804051477679832,229.11661215399363,6,1.0,0.0004100427031517,moderate_05__rho_1.000,heft,0.0003899624571204,,moderate_05,moderate,True,,1.0,0,0,30,0,True
224.99146406911316,15,0.981995421256893,1.0,31.0,,90,229.11661215399363,1.0,,0.9874668563416256,0.8099879745792102,30,28.0,0,3,224.62710599493585,9,0.9804051477679832,229.11661215399363,6,1.0,9.848637111485004,moderate_05__rho_1.000,replica,9.848575671203434,,moderate_05,moderate,True,9.642615712247787,1.0,0,0,30,0,True
224.991,15,0.9819960194835804,1.0,,,90,229.116,1.0,,0.987469229560572,0.8372285208251568,30,,0,3,224.628,9,0.9804116691981352,229.116,6,1.0,0.0334948012605309,moderate_06__rho_1.000,cpsat,0.0331961689516902,OPTIMAL,moderate_06,moderate,True,,1.0,0,0,30,0,True
361.3146531954408,7,0.938550412887828,1.0,,,90,384.9709597204383,0.938550412887828,,0.6109472786231239,0.8372285208251568,30,,0,2,220.4404512139736,7,0.572615792562782,123.83577616098772,16,0.3216756304187618,0.0011522388085722,moderate_06__rho_1.000,easy,0.0011291084811091,,moderate_06,moderate,True,,1.0,0,0,30,0,True
224.99146406911316,15,0.981995421256893,1.0,,,90,229.11661215399363,1.0,,0.9874668563416256,0.8372285208251568,30,,0,3,224.62710599493585,9,0.9804051477679832,229.11661215399363,6,1.0,0.0007880656048655,moderate_06__rho_1.000,heft,0.0007387259975075,,moderate_06,moderate,True,,1.0,0,0,30,0,True
224.99146406911316,15,0.981995421256893,1.0,31.0,,90,229.11661215399363,1.0,,0.9874668563416256,0.8372285208251568,30,28.0,0,3,224.62710599493585,9,0.9804051477679832,229.11661215399363,6,1.0,8.928697815164924,moderate_06__rho_1.000,replica,8.928634804673493,,moderate_06,moderate,True,8.751616183668375,1.0,0,0,30,0,True
224.991,15,0.9819960194835804,1.0,,,90,229.116,1.0,,0.987469229560572,0.8443985113080333,30,,0,3,224.628,9,0.9804116691981352,229.116,6,1.0,0.0313564855605363,moderate_07__rho_1.000,cpsat,0.0310625834390521,OPTIMAL,moderate_07,moderate,True,,1.0,0,0,30,0,True
361.3146531954408,7,0.938550412887828,1.0,,,90,384.9709597204383,0.938550412887828,,0.6109472786231239,0.8443985113080333,30,,0,2,220.4404512139736,7,0.572615792562782,123.83577616098772,16,0.3216756304187618,0.0011622291058301,moderate_07__rho_1.000,easy,0.0011394601315259,,moderate_07,moderate,True,,1.0,0,0,30,0,True
224.99146406911316,15,0.981995421256893,1.0,,,90,229.11661215399363,1.0,,0.9874668563416256,0.8443985113080333,30,,0,3,224.62710599493585,9,0.9804051477679832,229.11661215399363,6,1.0,0.0007111951708793,moderate_07__rho_1.000,heft,0.0006784759461879,,moderate_07,moderate,True,,1.0,0,0,30,0,True
224.99146406911316,15,0.981995421256893,1.0,31.0,,90,229.11661215399363,1.0,,0.9874668563416256,0.8443985113080333,30,28.0,0,3,224.62710599493585,9,0.9804051477679832,229.11661215399363,6,1.0,9.304459061473608,moderate_07__rho_1.000,replica,9.304396720603108,,moderate_07,moderate,True,9.116570125333965,1.0,0,0,30,0,True
224.991,15,0.9819960194835804,1.0,,,90,229.116,1.0,,0.987469229560572,0.7606160933475667,30,,0,3,224.628,9,0.9804116691981352,229.116,6,1.0,0.0263606877997517,moderate_08__rho_1.000,cpsat,0.0259374538436532,OPTIMAL,moderate_08,moderate,True,,1.0,0,0,30,0,True
361.3146531954408,7,0.938550412887828,1.0,,,90,384.9709597204383,0.938550412887828,,0.6109472786231239,0.7606160933475667,30,,0,2,220.4404512139736,7,0.572615792562782,123.83577616098772,16,0.3216756304187618,0.0016172723844647,moderate_08__rho_1.000,easy,0.0015913117676973,,moderate_08,moderate,True,,1.0,0,0,30,0,True
224.99146406911316,15,0.981995421256893,1.0,,,90,229.11661215399363,1.0,,0.9874668563416256,0.7606160933475667,30,,0,3,224.62710599493585,9,0.9804051477679832,229.11661215399363,6,1.0,0.0004181740805506,moderate_08__rho_1.000,heft,0.0003968626260757,,moderate_08,moderate,True,,1.0,0,0,30,0,True
224.99146406911316,15,0.981995421256893,1.0,31.0,,90,229.11661215399363,1.0,,0.9874668563416256,0.7606160933475667,30,28.0,0,3,224.62710599493585,9,0.9804051477679832,229.11661215399363,6,1.0,9.293044235557318,moderate_08__rho_1.000,replica,9.292977074161172,,moderate_08,moderate,True,9.172669968567789,1.0,0,0,30,0,True
224.991,15,0.9819960194835804,1.0,,,90,229.116,1.0,,0.987469229560572,0.807344254217998,30,,0,3,224.628,9,0.9804116691981352,229.116,6,1.0,0.0270147118717432,moderate_09__rho_1.000,cpsat,0.0268089510500431,OPTIMAL,moderate_09,moderate,True,,1.0,0,0,30,0,True
361.3146531954408,7,0.938550412887828,1.0,,,90,384.9709597204383,0.938550412887828,,0.6109472786231239,0.807344254217998,30,,0,2,220.4404512139736,7,0.572615792562782,123.83577616098772,16,0.3216756304187618,0.0009656976908445,moderate_09__rho_1.000,easy,0.0009456174448132,,moderate_09,moderate,True,,1.0,0,0,30,0,True
224.99146406911316,15,0.981995421256893,1.0,,,90,229.11661215399363,1.0,,0.9874668563416256,0.807344254217998,30,,0,3,224.62710599493585,9,0.9804051477679832,229.11661215399363,6,1.0,0.0004141125828027,moderate_09__rho_1.000,heft,0.000394333153963,,moderate_09,moderate,True,,1.0,0,0,30,0,True
224.99146406911316,15,0.981995421256893,1.0,31.0,,90,229.11661215399363,1.0,,0.9874668563416256,0.807344254217998,30,28.0,0,3,224.62710599493585,9,0.9804051477679832,229.11661215399363,6,1.0,9.315449863672256,moderate_09__rho_1.000,replica,9.315378833562136,,moderate_09,moderate,True,9.197501856833696,1.0,0,0,30,0,True
224.991,15,0.9819960194835804,1.0,,,90,229.116,1.0,,0.987469229560572,0.7740605298003879,30,,0,3,224.628,9,0.9804116691981352,229.116,6,1.0,0.0270345732569694,moderate_10__rho_1.000,cpsat,0.0268320208415389,OPTIMAL,moderate_10,moderate,True,,1.0,0,0,30,0,True
361.3146531954408,7,0.938550412887828,1.0,,,90,384.9709597204383,0.938550412887828,,0.6109472786231239,0.7740605298003879,30,,0,2,220.4404512139736,7,0.572615792562782,123.83577616098772,16,0.3216756304187618,0.001167950220406,moderate_10__rho_1.000,easy,0.0011476594954729,,moderate_10,moderate,True,,1.0,0,0,30,0,True
224.99146406911316,15,0.981995421256893,1.0,,,90,229.11661215399363,1.0,,0.9874668563416256,0.7740605298003879,30,,0,3,224.62710599493585,9,0.9804051477679832,229.11661215399363,6,1.0,0.0004882840439677,moderate_10__rho_1.000,heft,0.000466113910079,,moderate_10,moderate,True,,1.0,0,0,30,0,True
224.99146406911316,15,0.981995421256893,1.0,31.0,,90,229.11661215399363,1.0,,0.9874668563416256,0.7740605298003879,30,28.0,0,3,224.62710599493585,9,0.9804051477679832,229.11661215399363,6,1.0,9.120256567373872,moderate_10__rho_1.000,replica,9.120156785473228,,moderate_10,moderate,True,9.001147317700088,1.0,0,0,30,0,True
224.991,15,0.9819960194835804,1.0,,,90,229.116,1.0,,0.987469229560572,0.8412777445944558,30,,0,3,224.628,9,0.9804116691981352,229.116,6,1.0,0.027114413678646,moderate_11__rho_1.000,cpsat,0.0269003827124834,OPTIMAL,moderate_11,moderate,True,,1.0,0,0,30,0,True
361.3146531954408,7,0.938550412887828,1.0,,,90,384.9709597204383,0.938550412887828,,0.6109472786231239,0.8412777445944558,30,,0,2,220.4404512139736,7,0.572615792562782,123.83577616098772,16,0.3216756304187618,0.0011225584894418,moderate_11__rho_1.000,easy,0.001099788583815,,moderate_11,moderate,True,,1.0,0,0,30,0,True
224.99146406911316,15,0.981995421256893,1.0,,,90,229.11661215399363,1.0,,0.9874668563416256,0.8412777445944558,30,,0,3,224.62710599493585,9,0.9804051477679832,229.11661215399363,6,1.0,0.0004290826618671,moderate_11__rho_1.000,heft,0.0004090433940291,,moderate_11,moderate,True,,1.0,0,0,30,0,True
224.99146406911316,15,0.981995421256893,1.0,31.0,,90,229.11661215399363,1.0,,0.9874668563416256,0.8412777445944558,30,28.0,0,3,224.62710599493585,9,0.9804051477679832,229.11661215399363,6,1.0,9.309582183137536,moderate_11__rho_1.000,replica,9.309512251988052,,moderate_11,moderate,True,9.119994821958244,1.0,0,0,30,0,True
224.991,15,0.9819960194835804,1.0,,,90,229.116,1.0,,0.987469229560572,0.8179102735746002,30,,0,3,224.628,9,0.9804116691981352,229.116,6,1.0,0.028588255867362,moderate_12__rho_1.000,cpsat,0.0283499937504529,OPTIMAL,moderate_12,moderate,True,,1.0,0,0,30,0,True
361.3146531954408,7,0.938550412887828,1.0,,,90,384.9709597204383,0.938550412887828,,0.6109472786231239,0.8179102735746002,30,,0,2,220.4404512139736,7,0.572615792562782,123.83577616098772,16,0.3216756304187618,0.0014060027897357,moderate_12__rho_1.000,easy,0.0013828622177243,,moderate_12,moderate,True,,1.0,0,0,30,0,True
224.99146406911316,15,0.981995421256893,1.0,,,90,229.11661215399363,1.0,,0.9874668563416256,0.8179102735746002,30,,0,3,224.62710599493585,9,0.9804051477679832,229.11661215399363,6,1.0,0.0008170269429683,moderate_12__rho_1.000,heft,0.0007816161960363,,moderate_12,moderate,True,,1.0,0,0,30,0,True
224.99146406911316,15,0.981995421256893,1.0,31.0,,90,229.11661215399363,1.0,,0.9874668563416256,0.8179102735746002,30,28.0,0,3,224.62710599493585,9,0.9804051477679832,229.11661215399363,6,1.0,9.329096754081547,moderate_12__rho_1.000,replica,9.329022031277418,,moderate_12,moderate,True,9.206506554037333,1.0,0,0,30,0,True
224.991,15,0.9819960194835804,1.0,,,90,229.116,1.0,,0.987469229560572,0.8341006692371775,30,,0,3,224.628,9,0.9804116691981352,229.116,6,1.0,0.0260271960869431,moderate_13__rho_1.000,cpsat,0.0258306544274091,OPTIMAL,moderate_13,moderate,True,,1.0,0,0,30,0,True
361.3146531954408,7,0.938550412887828,1.0,,,90,384.9709597204383,0.938550412887828,,0.6109472786231239,0.8341006692371775,30,,0,2,220.4404512139736,7,0.572615792562782,123.83577616098772,16,0.3216756304187618,0.0018271738663315,moderate_13__rho_1.000,easy,0.0018073748797178,,moderate_13,moderate,True,,1.0,0,0,30,0,True
224.99146406911316,15,0.981995421256893,1.0,,,90,229.11661215399363,1.0,,0.9874668563416256,0.8341006692371775,30,,0,3,224.62710599493585,9,0.9804051477679832,229.11661215399363,6,1.0,0.0004161028191447,moderate_13__rho_1.000,heft,0.0003968030214309,,moderate_13,moderate,True,,1.0,0,0,30,0,True
224.99146406911316,15,0.981995421256893,1.0,31.0,,90,229.11661215399363,1.0,,0.9874668563416256,0.8341006692371775,30,28.0,0,3,224.62710599493585,9,0.9804051477679832,229.11661215399363,6,1.0,9.272455886937678,moderate_13__rho_1.000,replica,9.27235612552613,,moderate_13,moderate,True,9.095567968674004,1.0,0,0,30,0,True
224.991,15,0.9819960194835804,1.0,,,90,229.116,1.0,,0.987469229560572,0.8087050656714755,30,,0,3,224.628,9,0.9804116691981352,229.116,6,1.0,0.027788920328021,moderate_14__rho_1.000,cpsat,0.0273532671853899,OPTIMAL,moderate_14,moderate,True,,1.0,0,0,30,0,True
361.3146531954408,7,0.938550412887828,1.0,,,90,384.9709597204383,0.938550412887828,,0.6109472786231239,0.8087050656714755,30,,0,2,220.4404512139736,7,0.572615792562782,123.83577616098772,16,0.3216756304187618,0.0009586866945028,moderate_14__rho_1.000,easy,0.0009331265464425,,moderate_14,moderate,True,,1.0,0,0,30,0,True
224.99146406911316,15,0.981995421256893,1.0,,,90,229.11661215399363,1.0,,0.9874668563416256,0.8087050656714755,30,,0,3,224.62710599493585,9,0.9804051477679832,229.11661215399363,6,1.0,0.000403762795031,moderate_14__rho_1.000,heft,0.0003854827955365,,moderate_14,moderate,True,,1.0,0,0,30,0,True
224.99146406911316,15,0.981995421256893,1.0,31.0,,90,229.11661215399363,1.0,,0.9874668563416256,0.8087050656714755,30,28.0,0,3,224.62710599493585,9,0.9804051477679832,229.11661215399363,6,1.0,9.254665032029152,moderate_14__rho_1.000,replica,9.25460245180875,,moderate_14,moderate,True,9.129826091229916,1.0,0,0,30,0,True
224.991,15,0.9819960194835804,1.0,,,90,229.116,1.0,,0.987469229560572,0.8033041759289584,30,,0,3,224.628,9,0.9804116691981352,229.116,6,1.0,0.0285303154960274,moderate_15__rho_1.000,cpsat,0.0280753225088119,OPTIMAL,moderate_15,moderate,True,,1.0,0,0,30,0,True
361.3146531954408,7,0.938550412887828,1.0,,,90,384.9709597204383,0.938550412887828,,0.6109472786231239,0.8033041759289584,30,,0,2,220.4404512139736,7,0.572615792562782,123.83577616098772,16,0.3216756304187618,0.0009797075763344,moderate_15__rho_1.000,easy,0.0009546782821416,,moderate_15,moderate,True,,1.0,0,0,30,0,True
224.99146406911316,15,0.981995421256893,1.0,,,90,229.11661215399363,1.0,,0.9874668563416256,0.8033041759289584,30,,0,3,224.62710599493585,9,0.9804051477679832,229.11661215399363,6,1.0,0.0004866728559136,moderate_15__rho_1.000,heft,0.0004637036472558,,moderate_15,moderate,True,,1.0,0,0,30,0,True
224.99146406911316,15,0.981995421256893,1.0,31.0,,90,229.11661215399363,1.0,,0.9874668563416256,0.8033041759289584,30,28.0,0,3,224.62710599493585,9,0.9804051477679832,229.11661215399363,6,1.0,9.359305483289065,moderate_15__rho_1.000,replica,9.35921334195882,,moderate_15,moderate,True,9.191377001814544,1.0,0,0,30,0,True
224.991,15,0.9819960194835804,1.0,,,90,229.116,1.0,,0.987469229560572,0.677459017963804,30,,0,3,224.628,9,0.9804116691981352,229.116,6,1.0,0.0263653295114636,moderate_16__rho_1.000,cpsat,0.0258644148707389,OPTIMAL,moderate_16,moderate,True,,1.0,0,0,30,0,True
361.3146531954408,7,0.938550412887828,1.0,,,90,384.9709597204383,0.938550412887828,,0.6109472786231239,0.677459017963804,30,,0,2,220.4404512139736,7,0.572615792562782,123.83577616098772,16,0.3216756304187618,0.0014075608924031,moderate_16__rho_1.000,easy,0.0013813711702823,,moderate_16,moderate,True,,1.0,0,0,30,0,True
224.99146406911316,15,0.981995421256893,1.0,,,90,229.11661215399363,1.0,,0.9874668563416256,0.677459017963804,30,,0,3,224.62710599493585,9,0.9804051477679832,229.11661215399363,6,1.0,0.000489673577249,moderate_16__rho_1.000,heft,0.0004681441932916,,moderate_16,moderate,True,,1.0,0,0,30,0,True
224.99146406911316,15,0.981995421256893,1.0,31.0,,90,229.11661215399363,1.0,,0.9874668563416256,0.677459017963804,30,28.0,0,3,224.62710599493585,9,0.9804051477679832,229.11661215399363,6,1.0,9.276271735318003,moderate_16__rho_1.000,replica,9.276210084557531,,moderate_16,moderate,True,9.08567374292761,1.0,0,0,30,0,True
224.991,15,0.9819960194835804,1.0,,,90,229.116,1.0,,0.987469229560572,0.7714684792977485,30,,0,3,224.628,9,0.9804116691981352,229.116,6,1.0,0.0276655098423361,moderate_17__rho_1.000,cpsat,0.027217486873269,OPTIMAL,moderate_17,moderate,True,,1.0,0,0,30,0,True
361.3146531954408,7,0.938550412887828,1.0,,,90,384.9709597204383,0.938550412887828,,0.6109472786231239,0.7714684792977485,30,,0,2,220.4404512139736,7,0.572615792562782,123.83577616098772,16,0.3216756304187618,0.0009822379797697,moderate_17__rho_1.000,easy,0.0009567579254508,,moderate_17,moderate,True,,1.0,0,0,30,0,True
224.99146406911316,15,0.981995421256893,1.0,,,90,229.11661215399363,1.0,,0.9874668563416256,0.7714684792977485,30,,0,3,224.62710599493585,9,0.9804051477679832,229.11661215399363,6,1.0,0.0003887126222252,moderate_17__rho_1.000,heft,0.0003700321540236,,moderate_17,moderate,True,,1.0,0,0,30,0,True
224.99146406911316,15,0.981995421256893,1.0,31.0,,90,229.11661215399363,1.0,,0.9874668563416256,0.7714684792977485,30,28.0,0,3,224.62710599493585,9,0.9804051477679832,229.11661215399363,6,1.0,9.50372167956084,moderate_17__rho_1.000,replica,9.503637608140709,,moderate_17,moderate,True,9.388879586942494,1.0,0,0,30,0,True
224.991,15,0.9819960194835804,1.0,,,90,229.116,1.0,,0.987469229560572,0.8711391277032108,30,,0,3,224.628,9,0.9804116691981352,229.116,6,1.0,0.0262020686641335,moderate_18__rho_1.000,cpsat,0.0257602948695421,OPTIMAL,moderate_18,moderate,True,,1.0,0,0,30,0,True
361.3146531954408,7,0.938550412887828,1.0,,,90,384.9709597204383,0.938550412887828,,0.6109472786231239,0.8711391277032108,30,,0,2,220.4404512139736,7,0.572615792562782,123.83577616098772,16,0.3216756304187618,0.0013832906261086,moderate_18__rho_1.000,easy,0.0013586413115262,,moderate_18,moderate,True,,1.0,0,0,30,0,True
224.99146406911316,15,0.981995421256893,1.0,,,90,229.11661215399363,1.0,,0.9874668563416256,0.8711391277032108,30,,0,3,224.62710599493585,9,0.9804051477679832,229.11661215399363,6,1.0,0.0003910530358552,moderate_18__rho_1.000,heft,0.0003726119175553,,moderate_18,moderate,True,,1.0,0,0,30,0,True
224.99146406911316,15,0.981995421256893,1.0,31.0,,90,229.11661215399363,1.0,,0.9874668563416256,0.8711391277032108,30,28.0,0,3,224.62710599493585,9,0.9804051477679832,229.11661215399363,6,1.0,9.401640200056136,moderate_18__rho_1.000,replica,9.401565929874778,,moderate_18,moderate,True,9.281496065668762,1.0,0,0,30,0,True
224.991,15,0.9819960194835804,1.0,,,90,229.116,1.0,,0.987469229560572,0.8499178981937602,30,,0,3,224.628,9,0.9804116691981352,229.116,6,1.0,0.0261956704780459,moderate_19__rho_1.000,cpsat,0.0257250852882862,OPTIMAL,moderate_19,moderate,True,,1.0,0,0,30,0,True
361.3146531954408,7,0.938550412887828,1.0,,,90,384.9709597204383,0.938550412887828,,0.6109472786231239,0.8499178981937602,30,,0,2,220.4404512139736,7,0.572615792562782,123.83577616098772,16,0.3216756304187618,0.001318790949881,moderate_19__rho_1.000,easy,0.0012873401865363,,moderate_19,moderate,True,,1.0,0,0,30,0,True
224.99146406911316,15,0.981995421256893,1.0,,,90,229.11661215399363,1.0,,0.9874668563416256,0.8499178981937602,30,,0,3,224.62710599493585,9,0.9804051477679832,229.11661215399363,6,1.0,0.0004036929458379,moderate_19__rho_1.000,heft,0.0003846129402518,,moderate_19,moderate,True,,1.0,0,0,30,0,True
224.99146406911316,15,0.981995421256893,1.0,31.0,,90,229.11661215399363,1.0,,0.9874668563416256,0.8499178981937602,30,28.0,0,3,224.62710599493585,9,0.9804051477679832,229.11661215399363,6,1.0,8.949107026681304,moderate_19__rho_1.000,replica,8.949014505371451,,moderate_19,moderate,True,8.774891343899071,1.0,0,0,30,0,True
224.991,15,0.9819960194835804,1.0,,,90,229.116,1.0,,0.987469229560572,0.8343129676473182,30,,0,3,224.628,9,0.9804116691981352,229.116,6,1.0,0.0258041368797421,moderate_20__rho_1.000,cpsat,0.02559713460505,OPTIMAL,moderate_20,moderate,True,,1.0,0,0,30,0,True
361.3146531954408,7,0.938550412887828,1.0,,,90,384.9709597204383,0.938550412887828,,0.6109472786231239,0.8343129676473182,30,,0,2,220.4404512139736,7,0.572615792562782,123.83577616098772,16,0.3216756304187618,0.0011993683874607,moderate_20__rho_1.000,easy,0.0011798599734902,,moderate_20,moderate,True,,1.0,0,0,30,0,True
224.99146406911316,15,0.981995421256893,1.0,,,90,229.11661215399363,1.0,,0.9874668563416256,0.8343129676473182,30,,0,3,224.62710599493585,9,0.9804051477679832,229.11661215399363,6,1.0,0.0005835033953189,moderate_20__rho_1.000,heft,0.0005567641928792,,moderate_20,moderate,True,,1.0,0,0,30,0,True
224.99146406911316,15,0.981995421256893,1.0,31.0,,90,229.11661215399363,1.0,,0.9874668563416256,0.8343129676473182,30,28.0,0,3,224.62710599493585,9,0.9804051477679832,229.11661215399363,6,1.0,9.03560978267342,moderate_20__rho_1.000,replica,9.035541062243285,,moderate_20,moderate,True,8.807646204717457,1.0,0,0,30,0,True
224.991,15,0.9819960194835804,1.0,,,90,229.116,1.0,,0.987469229560572,0.8012585351061496,30,,0,3,224.628,9,0.9804116691981352,229.116,6,1.0,0.045609631575644,nominal_01__rho_1.000,cpsat,0.0454098396003246,OPTIMAL,nominal_01,nominal,True,,1.0,0,0,30,0,True
361.3146531954408,7,0.938550412887828,1.0,,,90,384.9709597204383,0.938550412887828,,0.6109472786231239,0.8012585351061496,30,,0,2,220.4404512139736,7,0.572615792562782,123.83577616098772,16,0.3216756304187618,0.000935317017138,nominal_01__rho_1.000,easy,0.0009160675108432,,nominal_01,nominal,True,,1.0,0,0,30,0,True
224.99146406911316,15,0.981995421256893,1.0,,,90,229.11661215399363,1.0,,0.9874668563416256,0.8012585351061496,30,,0,3,224.62710599493585,9,0.9804051477679832,229.11661215399363,6,1.0,0.0008082557469606,nominal_01__rho_1.000,heft,0.0007702261209487,,nominal_01,nominal,True,,1.0,0,0,30,0,True
224.99146406911316,15,0.981995421256893,1.0,31.0,,90,229.11661215399363,1.0,,0.9874668563416256,0.8012585351061496,30,28.0,0,3,224.62710599493585,9,0.9804051477679832,229.11661215399363,6,1.0,10.023951646871865,nominal_01__rho_1.000,replica,10.02385532669723,,nominal_01,nominal,True,9.889544310048224,1.0,0,0,30,0,True
224.991,15,0.9819960194835804,1.0,,,90,229.116,1.0,,0.987469229560572,0.7733152022255558,30,,0,3,224.628,9,0.9804116691981352,229.116,6,1.0,0.0267279976978898,severe_01__rho_1.000,cpsat,0.0265143867582082,OPTIMAL,severe_01,severe,True,,1.0,0,0,30,0,True
361.3146531954408,7,0.938550412887828,1.0,,,90,384.9709597204383,0.938550412887828,,0.6109472786231239,0.7733152022255558,30,,0,2,220.4404512139736,7,0.572615792562782,123.83577616098772,16,0.3216756304187618,0.0009102877229452,severe_01__rho_1.000,easy,0.0008898973464965,,severe_01,severe,True,,1.0,0,0,30,0,True
224.99146406911316,15,0.981995421256893,1.0,,,90,229.11661215399363,1.0,,0.9874668563416256,0.7733152022255558,30,,0,3,224.62710599493585,9,0.9804051477679832,229.11661215399363,6,1.0,0.0004100846126675,severe_01__rho_1.000,heft,0.0003911033272743,,severe_01,severe,True,,1.0,0,0,30,0,True
224.99146406911316,15,0.981995421256893,1.0,31.0,,90,229.11661215399363,1.0,,0.9874668563416256,0.7733152022255558,30,28.0,0,3,224.62710599493585,9,0.9804051477679832,229.11661215399363,6,1.0,8.965930933132768,severe_01__rho_1.000,replica,8.965852791443467,,severe_01,severe,True,8.843642320483923,1.0,0,0,30,0,True
224.991,15,0.9819960194835804,1.0,,,90,229.116,1.0,,0.987469229560572,0.8823636544718535,30,,0,3,224.628,9,0.9804116691981352,229.116,6,1.0,0.0268772803246974,severe_02__rho_1.000,cpsat,0.0265857074409723,OPTIMAL,severe_02,severe,True,,1.0,0,0,30,0,True
361.3146531954408,7,0.938550412887828,1.0,,,90,384.9709597204383,0.938550412887828,,0.6109472786231239,0.8823636544718535,30,,0,2,220.4404512139736,7,0.572615792562782,123.83577616098772,16,0.3216756304187618,0.0009098574519157,severe_02__rho_1.000,easy,0.0008893273770809,,severe_02,severe,True,,1.0,0,0,30,0,True
224.99146406911316,15,0.981995421256893,1.0,,,90,229.11661215399363,1.0,,0.9874668563416256,0.8823636544718535,30,,0,3,224.62710599493585,9,0.9804051477679832,229.11661215399363,6,1.0,0.0004226639866828,severe_02__rho_1.000,heft,0.0004014130681753,,severe_02,severe,True,,1.0,0,0,30,0,True
224.99146406911316,15,0.981995421256893,1.0,31.0,,90,229.11661215399363,1.0,,0.9874668563416256,0.8823636544718535,30,28.0,0,3,224.62710599493585,9,0.9804051477679832,229.11661215399363,6,1.0,8.888596872799098,severe_02__rho_1.000,replica,8.888531232252717,,severe_02,severe,True,8.681725699454546,1.0,0,0,30,0,True
224.991,15,0.9819960194835804,1.0,,,90,229.116,1.0,,0.987469229560572,0.9260412888729904,30,,0,3,224.628,9,0.9804116691981352,229.116,6,1.0,0.0267501696944236,severe_03__rho_1.000,cpsat,0.0265347762033343,OPTIMAL,severe_03,severe,True,,1.0,0,0,30,0,True
361.3146531954408,7,0.938550412887828,1.0,,,90,384.9709597204383,0.938550412887828,,0.6109472786231239,0.9260412888729904,30,,0,2,220.4404512139736,7,0.572615792562782,123.83577616098772,16,0.3216756304187618,0.001210750080645,severe_03__rho_1.000,easy,0.0011914996430277,,severe_03,severe,True,,1.0,0,0,30,0,True
224.99146406911316,15,0.981995421256893,1.0,,,90,229.11661215399363,1.0,,0.9874668563416256,0.9260412888729904,30,,0,3,224.62710599493585,9,0.9804051477679832,229.11661215399363,6,1.0,0.0004198933020234,severe_03__rho_1.000,heft,0.0003978032618761,,severe_03,severe,True,,1.0,0,0,30,0,True
224.99146406911316,15,0.981995421256893,1.0,31.0,,90,229.11661215399363,1.0,,0.9874668563416256,0.9260412888729904,30,28.0,0,3,224.62710599493585,9,0.9804051477679832,229.11661215399363,6,1.0,8.945358214899898,severe_03__rho_1.000,replica,8.945281495340168,,severe_03,severe,True,8.768956927582622,1.0,0,0,30,0,True
224.991,15,0.9819960194835804,1.0,,,90,229.116,1.0,,0.987469229560572,0.8058041772510974,30,,0,3,224.628,9,0.9804116691981352,229.116,6,1.0,0.0272321328520774,severe_04__rho_1.000,cpsat,0.0270389625802636,OPTIMAL,severe_04,severe,True,,1.0,0,0,30,0,True
361.3146531954408,7,0.938550412887828,1.0,,,90,384.9709597204383,0.938550412887828,,0.6109472786231239,0.8058041772510974,30,,0,2,220.4404512139736,7,0.572615792562782,123.83577616098772,16,0.3216756304187618,0.0013183401897549,severe_04__rho_1.000,easy,0.0012985505163669,,severe_04,severe,True,,1.0,0,0,30,0,True
224.99146406911316,15,0.981995421256893,1.0,,,90,229.11661215399363,1.0,,0.9874668563416256,0.8058041772510974,30,,0,3,224.62710599493585,9,0.9804051477679832,229.11661215399363,6,1.0,0.0005077449604868,severe_04__rho_1.000,heft,0.0003844229504466,,severe_04,severe,True,,1.0,0,0,30,0,True
224.99146406911316,15,0.981995421256893,1.0,31.0,,90,229.11661215399363,1.0,,0.9874668563416256,0.8058041772510974,30,28.0,0,3,224.62710599493585,9,0.9804051477679832,229.11661215399363,6,1.0,8.98123595956713,severe_04__rho_1.000,replica,8.981174368411303,,severe_04,severe,True,8.856243195943534,1.0,0,0,30,0,True
224.991,15,0.9819960194835804,1.0,,,90,229.116,1.0,,0.987469229560572,0.8044761168032059,30,,0,3,224.628,9,0.9804116691981352,229.116,6,1.0,0.0261281542479991,severe_05__rho_1.000,cpsat,0.0259230230003595,OPTIMAL,severe_05,severe,True,,1.0,0,0,30,0,True
361.3146531954408,7,0.938550412887828,1.0,,,90,384.9709597204383,0.938550412887828,,0.6109472786231239,0.8044761168032059,30,,0,2,220.4404512139736,7,0.572615792562782,123.83577616098772,16,0.3216756304187618,0.0012753503397107,severe_05__rho_1.000,easy,0.001254959963262,,severe_05,severe,True,,1.0,0,0,30,0,True
224.99146406911316,15,0.981995421256893,1.0,,,90,229.11661215399363,1.0,,0.9874668563416256,0.8044761168032059,30,,0,3,224.62710599493585,9,0.9804051477679832,229.11661215399363,6,1.0,0.0004079928621649,severe_05__rho_1.000,heft,0.0003892229869961,,severe_05,severe,True,,1.0,0,0,30,0,True
224.99146406911316,15,0.981995421256893,1.0,31.0,,90,229.11661215399363,1.0,,0.9874668563416256,0.8044761168032059,30,28.0,0,3,224.62710599493585,9,0.9804051477679832,229.11661215399363,6,1.0,9.00330409500748,severe_05__rho_1.000,replica,9.003222645260394,,severe_05,severe,True,8.879850685596466,1.0,0,0,30,0,True
224.991,15,0.9819960194835804,1.0,,,90,229.116,1.0,,0.987469229560572,0.8986189949248703,30,,0,3,224.628,9,0.9804116691981352,229.116,6,1.0,0.0273604746907949,severe_06__rho_1.000,cpsat,0.0271459929645061,OPTIMAL,severe_06,severe,True,,1.0,0,0,30,0,True
361.3146531954408,7,0.938550412887828,1.0,,,90,384.9709597204383,0.938550412887828,,0.6109472786231239,0.8986189949248703,30,,0,2,220.4404512139736,7,0.572615792562782,123.83577616098772,16,0.3216756304187618,0.0012634498998522,severe_06__rho_1.000,easy,0.0012441603466868,,severe_06,severe,True,,1.0,0,0,30,0,True
224.99146406911316,15,0.981995421256893,1.0,,,90,229.11661215399363,1.0,,0.9874668563416256,0.8986189949248703,30,,0,3,224.62710599493585,9,0.9804051477679832,229.11661215399363,6,1.0,0.0004958836361765,severe_06__rho_1.000,heft,0.0004778038710355,,severe_06,severe,True,,1.0,0,0,30,0,True
224.99146406911316,15,0.981995421256893,1.0,31.0,,90,229.11661215399363,1.0,,0.9874668563416256,0.8986189949248703,30,28.0,0,3,224.62710599493585,9,0.9804051477679832,229.11661215399363,6,1.0,8.836849812418222,severe_06__rho_1.000,replica,8.836779273115098,,severe_06,severe,True,8.718032766133547,1.0,0,0,30,0,True
224.991,15,0.9819960194835804,1.0,,,90,229.116,1.0,,0.987469229560572,0.8232184850335007,30,,0,3,224.628,9,0.9804116691981352,229.116,6,1.0,0.0274890158325433,severe_07__rho_1.000,cpsat,0.0272863442078232,OPTIMAL,severe_07,severe,True,,1.0,0,0,30,0,True
361.3146531954408,7,0.938550412887828,1.0,,,90,384.9709597204383,0.938550412887828,,0.6109472786231239,0.8232184850335007,30,,0,2,220.4404512139736,7,0.572615792562782,123.83577616098772,16,0.3216756304187618,0.0012192586436867,severe_07__rho_1.000,easy,0.0011986084282398,,severe_07,severe,True,,1.0,0,0,30,0,True
224.99146406911316,15,0.981995421256893,1.0,,,90,229.11661215399363,1.0,,0.9874668563416256,0.8232184850335007,30,,0,3,224.62710599493585,9,0.9804051477679832,229.11661215399363,6,1.0,0.0004243422299623,severe_07__rho_1.000,heft,0.000405273400247,,severe_07,severe,True,,1.0,0,0,30,0,True
224.99146406911316,15,0.981995421256893,1.0,31.0,,90,229.11661215399363,1.0,,0.9874668563416256,0.8232184850335007,30,28.0,0,3,224.62710599493585,9,0.9804051477679832,229.11661215399363,6,1.0,9.068254423327744,severe_07__rho_1.000,replica,9.068179513327776,,severe_07,severe,True,8.875529690645635,1.0,0,0,30,0,True
224.991,15,0.9819960194835804,1.0,,,90,229.116,1.0,,0.987469229560572,0.7081631550180507,30,,0,3,224.628,9,0.9804116691981352,229.116,6,1.0,0.0276200771331787,severe_08__rho_1.000,cpsat,0.02712666336447,OPTIMAL,severe_08,severe,True,,1.0,0,0,30,0,True
361.3146531954408,7,0.938550412887828,1.0,,,90,384.9709597204383,0.938550412887828,,0.6109472786231239,0.7081631550180507,30,,0,2,220.4404512139736,7,0.572615792562782,123.83577616098772,16,0.3216756304187618,0.0015461333096027,severe_08__rho_1.000,easy,0.001519052311778,,severe_08,severe,True,,1.0,0,0,30,0,True
224.99146406911316,15,0.981995421256893,1.0,,,90,229.11661215399363,1.0,,0.9874668563416256,0.7081631550180507,30,,0,3,224.62710599493585,9,0.9804051477679832,229.11661215399363,6,1.0,0.0008643670007586,severe_08__rho_1.000,heft,0.0008201068267226,,severe_08,severe,True,,1.0,0,0,30,0,True
224.99146406911316,15,0.981995421256893,1.0,31.0,,90,229.11661215399363,1.0,,0.9874668563416256,0.7081631550180507,30,28.0,0,3,224.62710599493585,9,0.9804051477679832,229.11661215399363,6,1.0,8.911165026016533,severe_08__rho_1.000,replica,8.911092845723033,,severe_08,severe,True,8.787623853422701,1.0,0,0,30,0,True
224.991,15,0.9819960194835804,1.0,,,90,229.116,1.0,,0.987469229560572,0.8746807046345283,30,,0,3,224.628,9,0.9804116691981352,229.116,6,1.0,0.0265502082183957,severe_09__rho_1.000,cpsat,0.0263504954054951,OPTIMAL,severe_09,severe,True,,1.0,0,0,30,0,True
361.3146531954408,7,0.938550412887828,1.0,,,90,384.9709597204383,0.938550412887828,,0.6109472786231239,0.8746807046345283,30,,0,2,220.4404512139736,7,0.572615792562782,123.83577616098772,16,0.3216756304187618,0.0012960499152541,severe_09__rho_1.000,easy,0.0012744199484586,,severe_09,severe,True,,1.0,0,0,30,0,True
224.99146406911316,15,0.981995421256893,1.0,,,90,229.11661215399363,1.0,,0.9874668563416256,0.8746807046345283,30,,0,3,224.62710599493585,9,0.9804051477679832,229.11661215399363,6,1.0,0.0005242452025413,severe_09__rho_1.000,heft,0.0005015041679143,,severe_09,severe,True,,1.0,0,0,30,0,True
224.99146406911316,15,0.981995421256893,1.0,31.0,,90,229.11661215399363,1.0,,0.9874668563416256,0.8746807046345283,30,28.0,0,3,224.62710599493585,9,0.9804051477679832,229.11661215399363,6,1.0,8.882267591543496,severe_09__rho_1.000,replica,8.88218448124826,,severe_09,severe,True,8.756826614961028,1.0,0,0,30,0,True
224.991,15,0.9819960194835804,1.0,,,90,229.116,1.0,,0.987469229560572,0.8231997172819884,30,,0,3,224.628,9,0.9804116691981352,229.116,6,1.0,0.0265350388363003,severe_10__rho_1.000,cpsat,0.0263380361720919,OPTIMAL,severe_10,severe,True,,1.0,0,0,30,0,True
361.3146531954408,7,0.938550412887828,1.0,,,90,384.9709597204383,0.938550412887828,,0.6109472786231239,0.8231997172819884,30,,0,2,220.4404512139736,7,0.572615792562782,123.83577616098772,16,0.3216756304187618,0.0010663392022252,severe_10__rho_1.000,easy,0.0010463986545801,,severe_10,severe,True,,1.0,0,0,30,0,True
224.99146406911316,15,0.981995421256893,1.0,,,90,229.11661215399363,1.0,,0.9874668563416256,0.8231997172819884,30,,0,3,224.62710599493585,9,0.9804051477679832,229.11661215399363,6,1.0,0.0005121054127812,severe_10__rho_1.000,heft,0.0004924749955534,,severe_10,severe,True,,1.0,0,0,30,0,True
224.99146406911316,15,0.981995421256893,1.0,31.0,,90,229.11661215399363,1.0,,0.9874668563416256,0.8231997172819884,30,28.0,0,3,224.62710599493585,9,0.9804051477679832,229.11661215399363,6,1.0,8.880812239833176,severe_10__rho_1.000,replica,8.880738789215684,,severe_10,severe,True,8.634815958328545,1.0,0,0,30,0,True
224.991,15,0.9819960194835804,1.0,,,90,229.116,1.0,,0.987469229560572,0.8539502555432882,30,,0,3,224.628,9,0.9804116691981352,229.116,6,1.0,0.0266614602878689,severe_11__rho_1.000,cpsat,0.0264507578685879,OPTIMAL,severe_11,severe,True,,1.0,0,0,30,0,True
361.3146531954408,7,0.938550412887828,1.0,,,90,384.9709597204383,0.938550412887828,,0.6109472786231239,0.8539502555432882,30,,0,2,220.4404512139736,7,0.572615792562782,123.83577616098772,16,0.3216756304187618,0.0013308906927704,severe_11__rho_1.000,easy,0.0013091405853629,,severe_11,severe,True,,1.0,0,0,30,0,True
224.99146406911316,15,0.981995421256893,1.0,,,90,229.11661215399363,1.0,,0.9874668563416256,0.8539502555432882,30,,0,3,224.62710599493585,9,0.9804051477679832,229.11661215399363,6,1.0,0.0005119638517498,severe_11__rho_1.000,heft,0.0004919841885566,,severe_11,severe,True,,1.0,0,0,30,0,True
224.99146406911316,15,0.981995421256893,1.0,31.0,,90,229.11661215399363,1.0,,0.9874668563416256,0.8539502555432882,30,28.0,0,3,224.62710599493585,9,0.9804051477679832,229.11661215399363,6,1.0,8.986003481782973,severe_11__rho_1.000,replica,8.985925369895995,,severe_11,severe,True,8.786822531372309,1.0,0,0,30,0,True
224.991,15,0.9819960194835804,1.0,,,90,229.116,1.0,,0.987469229560572,0.8452103754436929,30,,0,3,224.628,9,0.9804116691981352,229.116,6,1.0,0.0266952291131019,severe_12__rho_1.000,cpsat,0.0262408759444952,OPTIMAL,severe_12,severe,True,,1.0,0,0,30,0,True
361.3146531954408,7,0.938550412887828,1.0,,,90,384.9709597204383,0.938550412887828,,0.6109472786231239,0.8452103754436929,30,,0,2,220.4404512139736,7,0.572615792562782,123.83577616098772,16,0.3216756304187618,0.0014366023242473,severe_12__rho_1.000,easy,0.0014096014201641,,severe_12,severe,True,,1.0,0,0,30,0,True
224.99146406911316,15,0.981995421256893,1.0,,,90,229.11661215399363,1.0,,0.9874668563416256,0.8452103754436929,30,,0,3,224.62710599493585,9,0.9804051477679832,229.11661215399363,6,1.0,0.0005435552448034,severe_12__rho_1.000,heft,0.0005252743139863,,severe_12,severe,True,,1.0,0,0,30,0,True
224.99146406911316,15,0.981995421256893,1.0,31.0,,90,229.11661215399363,1.0,,0.9874668563416256,0.8452103754436929,30,28.0,0,3,224.62710599493585,9,0.9804051477679832,229.11661215399363,6,1.0,8.747232002206147,severe_12__rho_1.000,replica,8.747146940790117,,severe_12,severe,True,8.626583516597748,1.0,0,0,30,0,True
224.991,15,0.9819960194835804,1.0,,,90,229.116,1.0,,0.987469229560572,0.8661652653446373,30,,0,3,224.628,9,0.9804116691981352,229.116,6,1.0,0.0272122435271739,severe_13__rho_1.000,cpsat,0.0270124832168221,OPTIMAL,severe_13,severe,True,,1.0,0,0,30,0,True
361.3146531954408,7,0.938550412887828,1.0,,,90,384.9709597204383,0.938550412887828,,0.6109472786231239,0.8661652653446373,30,,0,2,220.4404512139736,7,0.572615792562782,123.83577616098772,16,0.3216756304187618,0.001346911303699,severe_13__rho_1.000,easy,0.0013257497921586,,severe_13,severe,True,,1.0,0,0,30,0,True
224.99146406911316,15,0.981995421256893,1.0,,,90,229.11661215399363,1.0,,0.9874668563416256,0.8661652653446373,30,,0,3,224.62710599493585,9,0.9804051477679832,229.11661215399363,6,1.0,0.0004099830985069,severe_13__rho_1.000,heft,0.0003887731581926,,severe_13,severe,True,,1.0,0,0,30,0,True
224.99146406911316,15,0.981995421256893,1.0,31.0,,90,229.11661215399363,1.0,,0.9874668563416256,0.8661652653446373,30,28.0,0,3,224.62710599493585,9,0.9804051477679832,229.11661215399363,6,1.0,9.071846227161586,severe_13__rho_1.000,replica,9.07177265547216,,severe_13,severe,True,8.880330224521458,1.0,0,0,30,0,True
224.991,15,0.9819960194835804,1.0,,,90,229.116,1.0,,0.987469229560572,0.8710255212385344,30,,0,3,224.628,9,0.9804116691981352,229.116,6,1.0,0.0270695835351943,severe_14__rho_1.000,cpsat,0.0268748011440038,OPTIMAL,severe_14,severe,True,,1.0,0,0,30,0,True
361.3146531954408,7,0.938550412887828,1.0,,,90,384.9709597204383,0.938550412887828,,0.6109472786231239,0.8710255212385344,30,,0,2,220.4404512139736,7,0.572615792562782,123.83577616098772,16,0.3216756304187618,0.0010062186047434,severe_14__rho_1.000,easy,0.0009869085624814,,severe_14,severe,True,,1.0,0,0,30,0,True
224.99146406911316,15,0.981995421256893,1.0,,,90,229.11661215399363,1.0,,0.9874668563416256,0.8710255212385344,30,,0,3,224.62710599493585,9,0.9804051477679832,229.11661215399363,6,1.0,0.0005052043125033,severe_14__rho_1.000,heft,0.0004845838993787,,severe_14,severe,True,,1.0,0,0,30,0,True
224.99146406911316,15,0.981995421256893,1.0,31.0,,90,229.11661215399363,1.0,,0.9874668563416256,0.8710255212385344,30,28.0,0,3,224.62710599493585,9,0.9804051477679832,229.11661215399363,6,1.0,8.89139945898205,severe_14__rho_1.000,replica,8.891309708356857,,severe_14,severe,True,8.715132404118776,1.0,0,0,30,0,True
224.991,15,0.9819960194835804,1.0,,,90,229.116,1.0,,0.987469229560572,0.9504126783117236,30,,0,3,224.628,9,0.9804116691981352,229.116,6,1.0,0.0281321322545409,severe_15__rho_1.000,cpsat,0.0279358001425862,OPTIMAL,severe_15,severe,True,,1.0,0,0,30,0,True
361.3146531954408,7,0.938550412887828,1.0,,,90,384.9709597204383,0.938550412887828,,0.6109472786231239,0.9504126783117236,30,,0,2,220.4404512139736,7,0.572615792562782,123.83577616098772,16,0.3216756304187618,0.0411131493747234,severe_15__rho_1.000,easy,0.0410854779183864,,severe_15,severe,True,,1.0,0,0,30,0,True
224.99146406911316,15,0.981995421256893,1.0,,,90,229.11661215399363,1.0,,0.9874668563416256,0.9504126783117236,30,,0,3,224.62710599493585,9,0.9804051477679832,229.11661215399363,6,1.0,0.0004217233508825,severe_15__rho_1.000,heft,0.0003980137407779,,severe_15,severe,True,,1.0,0,0,30,0,True
224.99146406911316,15,0.981995421256893,1.0,31.0,,90,229.11661215399363,1.0,,0.9874668563416256,0.9504126783117236,30,28.0,0,3,224.62710599493585,9,0.9804051477679832,229.11661215399363,6,1.0,8.99268766399473,severe_15__rho_1.000,replica,8.992617633193731,,severe_15,severe,True,8.865794667042792,1.0,0,0,30,0,True
224.991,15,0.9819960194835804,1.0,,,90,229.116,1.0,,0.987469229560572,0.8477659449008101,30,,0,3,224.628,9,0.9804116691981352,229.116,6,1.0,0.0266261389479041,severe_16__rho_1.000,cpsat,0.0264103272929787,OPTIMAL,severe_16,severe,True,,1.0,0,0,30,0,True
361.3146531954408,7,0.938550412887828,1.0,,,90,384.9709597204383,0.938550412887828,,0.6109472786231239,0.8477659449008101,30,,0,2,220.4404512139736,7,0.572615792562782,123.83577616098772,16,0.3216756304187618,0.0010357676073908,severe_16__rho_1.000,easy,0.001015268266201,,severe_16,severe,True,,1.0,0,0,30,0,True
224.99146406911316,15,0.981995421256893,1.0,,,90,229.11661215399363,1.0,,0.9874668563416256,0.8477659449008101,30,,0,3,224.62710599493585,9,0.9804051477679832,229.11661215399363,6,1.0,0.0005186144262552,severe_16__rho_1.000,heft,0.0004971344023942,,severe_16,severe,True,,1.0,0,0,30,0,True
224.99146406911316,15,0.981995421256893,1.0,31.0,,90,229.11661215399363,1.0,,0.9874668563416256,0.8477659449008101,30,28.0,0,3,224.62710599493585,9,0.9804051477679832,229.11661215399363,6,1.0,8.868688355199993,severe_16__rho_1.000,replica,8.868609793484211,,severe_16,severe,True,8.744068641215563,1.0,0,0,30,0,True
224.991,15,0.9819960194835804,1.0,,,90,229.116,1.0,,0.987469229560572,0.8668868592095232,30,,0,3,224.628,9,0.9804116691981352,229.116,6,1.0,0.0264642685651779,severe_17__rho_1.000,cpsat,0.026261786930263,OPTIMAL,severe_17,severe,True,,1.0,0,0,30,0,True
361.3146531954408,7,0.938550412887828,1.0,,,90,384.9709597204383,0.938550412887828,,0.6109472786231239,0.8668868592095232,30,,0,2,220.4404512139736,7,0.572615792562782,123.83577616098772,16,0.3216756304187618,0.0012916708365082,severe_17__rho_1.000,easy,0.0012707011774182,,severe_17,severe,True,,1.0,0,0,30,0,True
224.99146406911316,15,0.981995421256893,1.0,,,90,229.11661215399363,1.0,,0.9874668563416256,0.8668868592095232,30,,0,3,224.62710599493585,9,0.9804051477679832,229.11661215399363,6,1.0,0.0005081240087747,severe_17__rho_1.000,heft,0.0004894128069281,,severe_17,severe,True,,1.0,0,0,30,0,True
224.99146406911316,15,0.981995421256893,1.0,31.0,,90,229.11661215399363,1.0,,0.9874668563416256,0.8668868592095232,30,28.0,0,3,224.62710599493585,9,0.9804051477679832,229.11661215399363,6,1.0,8.926181114278734,severe_17__rho_1.000,replica,8.926107064820826,,severe_17,severe,True,8.751609474420547,1.0,0,0,30,0,True
224.991,15,0.9819960194835804,1.0,,,90,229.116,1.0,,0.987469229560572,0.8203490369121831,30,,0,3,224.628,9,0.9804116691981352,229.116,6,1.0,0.0263787079602479,severe_18__rho_1.000,cpsat,0.0261740358546376,OPTIMAL,severe_18,severe,True,,1.0,0,0,30,0,True
361.3146531954408,7,0.938550412887828,1.0,,,90,384.9709597204383,0.938550412887828,,0.6109472786231239,0.8203490369121831,30,,0,2,220.4404512139736,7,0.572615792562782,123.83577616098772,16,0.3216756304187618,0.0012295395135879,severe_18__rho_1.000,easy,0.0012085204944014,,severe_18,severe,True,,1.0,0,0,30,0,True
224.99146406911316,15,0.981995421256893,1.0,,,90,229.11661215399363,1.0,,0.9874668563416256,0.8203490369121831,30,,0,3,224.62710599493585,9,0.9804051477679832,229.11661215399363,6,1.0,0.0004136329516768,severe_18__rho_1.000,heft,0.0003871228545904,,severe_18,severe,True,,1.0,0,0,30,0,True
224.99146406911316,15,0.981995421256893,1.0,31.0,,90,229.11661215399363,1.0,,0.9874668563416256,0.8203490369121831,30,28.0,0,3,224.62710599493585,9,0.9804051477679832,229.11661215399363,6,1.0,8.910224324092269,severe_18__rho_1.000,replica,8.91016193293035,,severe_18,severe,True,8.794458501040936,1.0,0,0,30,0,True
224.991,15,0.9819960194835804,1.0,,,90,229.116,1.0,,0.987469229560572,0.9257284034026864,30,,0,3,224.628,9,0.9804116691981352,229.116,6,1.0,0.0264020878821611,severe_19__rho_1.000,cpsat,0.0262054670602083,OPTIMAL,severe_19,severe,True,,1.0,0,0,30,0,True
361.3146531954408,7,0.938550412887828,1.0,,,90,384.9709597204383,0.938550412887828,,0.6109472786231239,0.9257284034026864,30,,0,2,220.4404512139736,7,0.572615792562782,123.83577616098772,16,0.3216756304187618,0.0013714116066694,severe_19__rho_1.000,easy,0.0013450114056468,,severe_19,severe,True,,1.0,0,0,30,0,True
224.99146406911316,15,0.981995421256893,1.0,,,90,229.11661215399363,1.0,,0.9874668563416256,0.9257284034026864,30,,0,3,224.62710599493585,9,0.9804051477679832,229.11661215399363,6,1.0,0.0005145538598299,severe_19__rho_1.000,heft,0.0004960242658853,,severe_19,severe,True,,1.0,0,0,30,0,True
224.99146406911316,15,0.981995421256893,1.0,31.0,,90,229.11661215399363,1.0,,0.9874668563416256,0.9257284034026864,30,28.0,0,3,224.62710599493585,9,0.9804051477679832,229.11661215399363,6,1.0,8.855864844284952,severe_19__rho_1.000,replica,8.855797722935677,,severe_19,severe,True,8.733452345244586,1.0,0,0,30,0,True
224.991,15,0.9819960194835804,1.0,,,90,229.116,1.0,,0.987469229560572,0.9108638337965544,30,,0,3,224.628,9,0.9804116691981352,229.116,6,1.0,0.0283660655841231,severe_20__rho_1.000,cpsat,0.0281750420108437,OPTIMAL,severe_20,severe,True,,1.0,0,0,30,0,True
361.3146531954408,7,0.938550412887828,1.0,,,90,384.9709597204383,0.938550412887828,,0.6109472786231239,0.9108638337965544,30,,0,2,220.4404512139736,7,0.572615792562782,123.83577616098772,16,0.3216756304187618,0.0010413592681288,severe_20__rho_1.000,easy,0.0010219486430287,,severe_20,severe,True,,1.0,0,0,30,0,True
224.99146406911316,15,0.981995421256893,1.0,,,90,229.11661215399363,1.0,,0.9874668563416256,0.9108638337965544,30,,0,3,224.62710599493585,9,0.9804051477679832,229.11661215399363,6,1.0,0.0003947038203477,severe_20__rho_1.000,heft,0.0003767032176256,,severe_20,severe,True,,1.0,0,0,30,0,True
224.99146406911316,15,0.981995421256893,1.0,31.0,,90,229.11661215399363,1.0,,0.9874668563416256,0.9108638337965544,30,28.0,0,3,224.62710599493585,9,0.9804051477679832,229.11661215399363,6,1.0,8.934587470255792,severe_20__rho_1.000,replica,8.934509189799428,,severe_20,severe,True,8.74757569655776,1.0,0,0,30,0,True
342.297,4,0.9758640449534304,0.9,,,81,350.763,0.99011298227008,1.0,0.6834168180034194,0.835128362325229,30,,9,10,29.55999999999994,10,0.0842734267867475,347.295,16,0.99011298227008,0.095383864827454,high_01__rho_0.900,cpsat,0.0951275136321783,OPTIMAL,high_01,high,True,,0.9,0,9,21,0,True
505.1470880452544,5,0.9552644578913444,0.9,,,81,528.8033945702518,0.9552644578913444,1.0,0.4991866348108751,0.835128362325229,30,,9,3,7.737776197027415,8,0.0146326144583768,279.0298967939925,17,0.5276628320829042,0.0011289091780781,high_01__rho_0.900,easy,0.0011058188974857,,high_01,high,True,,0.9,0,9,21,0,True
338.9518655659631,1,0.9663264276246653,0.9,,,81,350.76331959495656,0.9685962565251052,1.0,0.6830194453256065,0.835128362325229,30,,9,7,40.034600118990056,13,0.1141356518270495,339.748038285994,16,0.9685962565251052,0.0004459740594029,high_01__rho_0.900,heft,0.0004241131246089,,high_01,high,True,,0.9,0,9,21,0,True
338.9518655659631,1,0.9663264276246653,0.9,31.0,,81,350.76331959495656,0.9663264276246653,1.0,0.6823777725715049,0.835128362325229,30,24.0,9,7,41.8271632270189,16,0.1192461152304031,337.28024938199815,13,0.9615607748594468,7.586455927230418,high_01__rho_0.900,replica,7.58636312559247,,high_01,high,True,7.537303790450096,0.9,0,9,21,0,True
348.702,5,0.9836778677980637,0.9,,,81,354.488,0.9836778677980637,1.0,0.6488588236179127,0.8280424598142438,30,,9,11,322.95699999999994,16,0.9110519961183452,18.378999999999948,9,0.0518466069373291,0.0378622040152549,high_02__rho_0.900,cpsat,0.0374205596745014,OPTIMAL,high_02,high,True,,0.9,0,9,21,0,True
505.1470880452544,5,0.9552644578913444,0.9,,,81,528.8033945702518,0.9552644578913444,1.0,0.4886132914333052,0.8280424598142438,30,,9,7,231.3312261099927,5,0.4374616889477252,38.66278727097961,20,0.073113727460846,0.0009556682780385,high_02__rho_0.900,easy,0.000929906964302,,high_02,high,True,,0.9,0,9,21,0,True
348.527977979742,2,0.9831853491877012,0.9,,,81,354.48857966373544,0.9831853491877012,1.0,0.6493628161917572,0.8280424598142438,30,,9,9,306.3854795860534,9,0.8643028214807028,35.66164962898256,19,0.1006002779068676,0.0004099933430552,high_02__rho_0.900,heft,0.000389733351767,,high_02,high,True,,0.9,0,9,21,0,True
348.527977979742,2,0.9831853491877012,0.9,31.0,,81,354.48857966373544,0.9831853491877012,1.0,0.6503578409379277,0.8280424598142438,30,26.0,9,4,302.6080486310529,10,0.8536468196467828,40.49725531098375,18,0.114241353979299,8.274129523895681,high_02__rho_0.900,replica,8.274039262905717,,high_02,high,True,8.22731912881136,0.9,0,9,21,0,True
216.151,14,0.943412943661726,0.9,,,81,229.116,1.0,0.9276135741652984,0.980267637354004,0.7613825759620138,30,,9,5,228.518,10,0.9973899684002864,229.116,6,1.0,0.0787917431443929,high_03__rho_0.900,cpsat,0.0785564109683036,OPTIMAL,high_03,high,True,,0.9,0,9,21,0,True
362.9875941975042,7,0.9684859017521956,0.9,,,81,374.7990482264977,0.9684859017521956,0.9276135741652984,0.6304135787418538,0.7613825759620138,30,,9,4,82.17830780302756,5,0.2192596491156662,263.6693259039894,18,0.7034951853576996,0.0011011185124516,high_03__rho_0.900,easy,0.0010774787515401,,high_03,high,True,,0.9,0,9,21,0,True
224.99647814407945,15,0.9820173056367254,0.9,,,81,229.11661215399363,1.0,0.9276135741652984,0.9874624811823512,0.7613825759620138,30,,9,6,224.619084654958,9,0.9803701379103286,229.11661215399363,6,1.0,0.0005820952355861,high_03__rho_0.900,heft,0.0005522146821022,,high_03,high,True,,0.9,0,9,21,0,True
218.1307618254796,17,0.952051271074442,0.9,31.0,,81,229.11661215399363,1.0,0.9276135741652984,0.9820230210236144,0.7613825759620138,30,28.0,9,6,227.74598892300853,7,0.9940177919964012,229.11661215399363,6,1.0,8.804528041742742,high_03__rho_0.900,replica,8.804455110803246,,high_03,high,True,8.716405902057886,0.9,0,9,21,0,True
222.732,17,0.9721363850625884,0.9,,,81,229.116,1.0,0.9794293655304588,0.985502249224556,0.828978480927904,30,,9,4,225.535,7,0.984370362611079,229.116,6,1.0,0.0611304212361574,high_04__rho_0.900,cpsat,0.0608737906441092,OPTIMAL,high_04,high,True,,0.9,0,9,21,0,True
362.9875941975042,7,0.9684859017521956,0.9,,,81,374.7990482264977,0.9684859017521956,0.9794293655304588,0.6310086802139032,0.828978480927904,30,,9,4,80.40967921499396,2,0.2145407775059262,266.1070848879899,21,0.7099993613835879,0.000909836962819,high_04__rho_0.900,easy,0.0008913669735193,,high_04,high,True,,0.9,0,9,21,0,True
222.71041601803157,17,0.972039582482756,0.9,,,81,229.11661215399363,1.0,0.9794293655304588,0.9854927665127484,0.828978480927904,30,,9,5,225.5512637249776,7,0.9844387170554894,229.11661215399363,6,1.0,0.0003827828913927,high_04__rho_0.900,heft,0.0003624018281698,,high_04,high,True,,0.9,0,9,21,0,True
221.27594766952097,19,0.9657787167383446,0.9,31.0,,81,229.11661215399363,1.0,0.9794293655304588,0.9843518161147488,0.828978480927904,30,28.0,9,4,226.2015000040119,5,0.987276731605902,229.11661215399363,6,1.0,8.812468705698848,high_04__rho_0.900,replica,8.812380534596741,,high_04,high,True,8.727438667789102,0.9,0,9,21,0,True
214.951,16,0.93790933803413,0.9,,,81,229.181,1.0,0.971264367816092,0.9792667513159176,0.8115087493522343,30,,9,11,229.181,7,1.0,229.156,7,0.9998909159136228,0.121974173001945,high_05__rho_0.900,cpsat,0.1217194907367229,OPTIMAL,high_05,high,True,,0.9,0,9,21,0,True
357.36812953744084,5,0.9680062101081276,0.9,,,81,369.1795835664343,0.9680062101081276,0.971264367816092,0.6375944044870104,0.8115087493522343,30,,9,3,224.95660449998104,9,0.6093419422786142,123.83577616098772,16,0.3354350610742897,0.0012579802423715,high_05__rho_0.900,easy,0.0012257983908057,,high_05,high,True,,0.9,0,9,21,0,True
214.6256666984409,12,0.9357194067787056,0.9,,,81,229.3696861939716,0.999863375180401,0.971264367816092,0.9782582519981065,0.8115087493522343,30,,9,5,229.33834860197385,10,0.999863375180401,229.18434953199176,8,0.9991919740352128,0.0005773352459073,high_05__rho_0.900,heft,0.0005489634349942,,high_05,high,True,,0.9,0,9,21,0,True
214.6825108155608,13,0.9359672342840012,0.9,31.0,,81,229.3696861939716,0.999863375180401,0.971264367816092,0.9782959074886112,0.8115087493522343,30,26.0,9,6,229.33834860197385,10,0.999863375180401,229.1534164989935,7,0.9990571130014312,8.253995393402874,high_05__rho_0.900,replica,8.253919712267816,,high_05,high,True,8.17168681602925,0.9,0,9,21,0,True
218.02,12,0.9515703835611656,0.9,,,81,229.116,1.0,0.9339080459770116,0.9829067662959664,0.7456068029689757,30,,9,4,228.463,12,0.997149915326734,229.116,6,1.0,0.1110862959176302,high_06__rho_0.900,cpsat,0.1107566924765706,OPTIMAL,high_06,high,True,,0.9,0,9,21,0,True
355.3030026769265,4,0.9678262356242344,0.9,,,81,367.11445670592,0.9678262356242344,0.9339080459770116,0.6407085772645547,0.7456068029689757,30,,9,3,226.5013649099856,10,0.6169775141582787,123.83577616098772,16,0.3373219820111507,0.0016028629615902,high_06__rho_0.900,easy,0.0015739630907773,,high_06,high,True,,0.9,0,9,21,0,True
214.8701108628884,12,0.9356453104570568,0.9,,,81,229.6491079059924,1.0,0.9339080459770116,0.9782734247091835,0.7456068029689757,30,,9,6,229.45963904893145,12,0.9991749636704944,229.6491079059924,6,1.0,0.0004832735285162,high_06__rho_0.900,heft,0.0004504639655351,,high_06,high,True,,0.9,0,9,21,0,True
218.0369637617841,12,0.9516418810140111,0.9,31.0,,81,229.11661215399363,1.0,0.9339080459770116,0.9829185831239736,0.7456068029689757,30,26.0,9,6,228.45535144992755,12,0.99711386835791,229.11661215399363,6,1.0,8.260352345183492,high_06__rho_0.900,replica,8.260259374044836,,high_06,high,True,8.089711964130402,0.9,0,9,21,0,True
110.911,15,0.4107449708174088,0.9,,,81,270.024,0.9996703996681774,0.935823754789272,0.7417822119515303,0.7542698447432663,30,,9,12,269.93499999999995,4,0.9996703996681774,220.05100000000007,11,0.8149312653690045,0.0526883043348789,high_07__rho_0.900,cpsat,0.0524590145796537,OPTIMAL,high_07,high,True,,0.9,0,9,21,0,True
352.1565142311156,3,0.9675480947253235,0.9,,,81,363.96796826010905,0.9675480947253235,0.935823754789272,0.6448625081423875,0.7542698447432663,30,,9,3,228.13560029500516,11,0.6268013127242242,123.83577616098772,16,0.3402381169776147,0.0011154795065522,high_07__rho_0.900,easy,0.0010924292728304,,high_07,high,True,,0.9,0,9,21,0,True
72.0172325624153,10,0.2649578090960298,0.9,,,81,271.8064163049967,0.9996734912067092,0.935823754789272,0.7273145516205846,0.7542698447432663,30,,9,11,271.7176691200002,4,0.9996734912067092,249.33138372498436,16,0.9173123545590148,0.0005427338182926,high_07__rho_0.900,heft,0.0005093039944767,,high_07,high,True,,0.9,0,9,21,0,True
77.82722480408847,12,0.288222933375832,0.9,31.0,,81,270.024400530976,0.9996713364243308,0.935823754789272,0.7262544512757446,0.7542698447432663,30,26.0,9,13,269.9356533459795,4,0.9996713364243308,240.5563903659895,14,0.890869084027071,8.27378714364022,high_07__rho_0.900,replica,8.273751992732286,,high_07,high,True,8.166853629983962,0.9,0,9,21,0,True
78.50999999999999,10,0.2907519331614967,0.9,,,81,270.024,0.9996703996681774,0.9352764094143404,0.7263724705952063,0.7854852635196511,30,,9,7,269.93499999999995,4,0.9996703996681774,239.96900000000005,16,0.8886950789559448,0.045662859454751,high_08__rho_0.900,cpsat,0.0454296069219708,OPTIMAL,high_08,high,True,,0.9,0,9,21,0,True
355.3030026769265,4,0.9678262356242344,0.9,,,81,367.11445670592,0.9678262356242344,0.9352764094143404,0.6407085772645547,0.7854852635196511,30,,9,3,226.5013649099856,10,0.6169775141582787,123.83577616098772,16,0.3373219820111507,0.0008941367268562,high_08__rho_0.900,easy,0.0008747270330786,,high_08,high,True,,0.9,0,9,21,0,True
59.499129535630345,14,0.2203472331338621,0.9,,,81,270.024400530976,0.9996713364243308,0.9352764094143404,0.7171786610940626,0.7854852635196511,30,,9,11,269.9356533459795,4,0.9996713364243308,251.5324312249868,12,0.9315174137239948,0.0003808131441473,high_08__rho_0.900,heft,0.00036156270653,,high_08,high,True,,0.9,0,9,21,0,True
74.15446106437594,12,0.2746213339185592,0.9,31.0,,81,270.024400530976,0.9996713364243308,0.9352764094143404,0.7247403780360647,0.7854852635196511,30,26.0,9,11,269.9356533459795,4,0.9996713364243308,243.0026439489884,14,0.8999284637653042,8.255666460841894,high_08__rho_0.900,replica,8.255597369745374,,high_08,high,True,8.18977241590619,0.9,0,9,21,0,True
225.06,16,0.982297176975855,0.9,,,81,229.116,1.0,0.9061302681992336,0.9875128755739452,0.7713677742116153,30,,9,4,224.589,8,0.9802414497459802,229.116,6,1.0,0.0236298907548189,high_09__rho_0.900,cpsat,0.0234255502000451,OPTIMAL,high_09,high,True,,0.9,0,9,21,0,True
361.3146531954408,7,0.938550412887828,0.9,,,81,384.9709597204383,0.938550412887828,0.9061302681992336,0.6109472786231239,0.7713677742116153,30,,9,2,220.4404512139736,7,0.572615792562782,123.83577616098772,16,0.3216756304187618,0.0010204194113612,high_09__rho_0.900,easy,0.0009997272863984,,high_09,high,True,,0.9,0,9,21,0,True
225.0602963073179,16,0.9822958457331352,0.9,,,81,229.11661215399363,1.0,0.9061302681992336,0.987510533436757,0.7713677742116153,30,,9,4,224.58829520092692,8,0.980235754577136,229.11661215399363,6,1.0,0.0006108051165938,high_09__rho_0.900,heft,0.0005789240822196,,high_09,high,True,,0.9,0,9,21,0,True
225.0602963073179,16,0.9822958457331352,0.9,31.0,,81,229.11661215399363,1.0,0.9061302681992336,0.987510533436757,0.7713677742116153,30,27.0,9,4,224.58829520092692,8,0.980235754577136,229.11661215399363,6,1.0,8.506712475791574,high_09__rho_0.900,replica,8.506641485728323,,high_09,high,True,8.335964372381568,0.9,0,9,21,0,True
197.158,12,0.8452683612791478,0.9,,,81,233.249,1.0,0.9370412358215684,0.9483613363115524,0.8102718770298837,30,,9,15,233.249,5,1.0,233.206,13,0.9998156476555096,0.1384459910914302,high_10__rho_0.900,cpsat,0.1381989791989326,OPTIMAL,high_10,high,True,,0.9,0,9,21,0,True
346.8898516986519,2,0.9361582734026908,0.9,,,81,370.5461582236494,0.9361582734026908,0.9370412358215684,0.628626974996059,0.8102718770298837,30,,9,3,228.08030376199167,12,0.6155246754017888,123.83577616098772,16,0.3341979761836973,0.001107819378376,high_10__rho_0.900,easy,0.001084828749299,,high_10,high,True,,0.9,0,9,21,0,True
183.8813781393692,6,0.7715041857148804,0.9,,,81,238.341387570028,0.9997520531428288,0.9370412358215684,0.9196834361442864,0.8102718770298837,30,,9,11,238.28229157204623,7,0.9997520531428288,235.43220917598592,17,0.9877940695751496,0.0004928642883896,high_10__rho_0.900,heft,0.000474483706057,,high_10,high,True,,0.9,0,9,21,0,True
192.4667969858274,13,0.8179319543351636,0.9,31.0,,81,235.30905714799883,1.0,0.9370412358215684,0.93713361063522,0.8102718770298837,30,24.0,9,13,235.30905714799883,6,1.0,233.77222488699408,11,0.993468877570496,7.690433571115136,high_10__rho_0.900,replica,7.690367700532079,,high_10,high,True,7.5185876339674,0.9,0,9,21,0,True
225.965,19,0.986247141186124,0.9,,,81,229.116,1.0,0.9275973694782408,0.9880191693290734,0.8463380562730769,30,,9,1,224.032,5,0.9778103668010965,229.116,6,1.0,0.0232749478891491,high_11__rho_0.900,cpsat,0.0229782471433281,OPTIMAL,high_11,high,True,,0.9,0,9,21,0,True
361.3662079339847,8,0.93855864102327,0.9,,,81,385.0225144589822,0.93855864102327,0.9275973694782408,0.6108812497917251,0.8463380562730769,30,,9,3,220.4071203969943,6,0.5724525504870833,123.83577616098772,16,0.3216325578648217,0.0010352479293942,high_11__rho_0.900,easy,0.0010145278647542,,high_11,high,True,,0.9,0,9,21,0,True
225.9653682820499,19,0.986246113530058,0.9,,,81,229.11661215399363,1.0,0.9275973694782408,0.9880170001634676,0.8463380562730769,30,,9,1,224.0313430479728,5,0.9778048869603442,229.11661215399363,6,1.0,0.0004255631938576,high_11__rho_0.900,heft,0.0004006326198577,,high_11,high,True,,0.9,0,9,21,0,True
225.9653682820499,19,0.986246113530058,0.9,31.0,,81,229.11661215399363,1.0,0.9275973694782408,0.9880170001634676,0.8463380562730769,30,28.0,9,1,224.0313430479728,5,0.9778048869603442,229.11661215399363,6,1.0,8.75123483967036,high_11__rho_0.900,replica,8.751156409271061,,high_11,high,True,8.57096379250288,0.9,0,9,21,0,True
198.445,13,0.8524892281652868,0.9,,,81,232.783,0.9998797163023072,0.9616858237547892,0.950746689692403,0.837156883706731,30,,9,13,232.755,4,0.9998797163023072,232.753,13,0.9998711246096148,0.0882759364321827,high_12__rho_0.900,cpsat,0.0878016632050275,OPTIMAL,high_12,high,True,,0.9,0,9,21,0,True
355.3030026769265,4,0.9678262356242344,0.9,,,81,367.11445670592,0.9678262356242344,0.9616858237547892,0.6407085772645547,0.837156883706731,30,,9,3,226.5013649099856,10,0.6169775141582787,123.83577616098772,16,0.3373219820111507,0.0009662369266152,high_12__rho_0.900,easy,0.0009371070191264,,high_12,high,True,,0.9,0,9,21,0,True
184.26298307441172,14,0.782640055897704,0.9,,,81,235.43771071499577,1.0,0.9616858237547892,0.9274610280372364,0.837156883706731,30,,9,9,235.37720986598288,10,0.9997430282140056,235.43771071499577,6,1.0,0.0004545040428638,high_12__rho_0.900,heft,0.0004215622320771,,high_12,high,True,,0.9,0,9,21,0,True
197.6943211788312,13,0.8481375925151815,0.9,31.0,,81,233.09227526699036,1.0,0.9616858237547892,0.9492091672958066,0.837156883706731,30,26.0,9,11,232.973377081973,9,0.9994899093722384,233.09227526699036,8,1.0,8.306650790385902,high_12__rho_0.900,replica,8.306569850072265,,high_12,high,True,8.174621559679508,0.9,0,9,21,0,True
52.92799999999997,6,0.1960122063224008,0.9,,,81,270.024,0.9996703996681774,0.9396551724137931,0.7192632259848506,0.8527445618848157,30,,9,11,269.93499999999995,4,0.9996703996681774,259.79200000000003,20,0.9621070719639736,0.0736320791766047,high_13__rho_0.900,cpsat,0.0734302457422018,OPTIMAL,high_13,high,True,,0.9,0,9,21,0,True
348.56279270071536,2,0.967224478063627,0.9,,,81,360.3742467297088,0.967224478063627,0.9396551724137931,0.649566290942012,0.8527445618848157,30,,9,3,229.8623195360124,12,0.6378433576259843,123.83577616098772,16,0.3436310371364249,0.0012448197230696,high_13__rho_0.900,easy,0.0012206602841615,,high_13,high,True,,0.9,0,9,21,0,True
71.30071186367422,7,0.262321665665416,0.9,,,81,271.8064163049967,0.9996734912067092,0.9396551724137931,0.7267105843738002,0.8527445618848157,30,,9,10,271.7176691200002,4,0.9996734912067092,249.5554179049832,19,0.9181365962492752,0.0003833230584859,high_13__rho_0.900,heft,0.000362423248589,,high_13,high,True,,0.9,0,9,21,0,True
75.1952535007149,9,0.2784757723852027,0.9,31.0,,81,270.024400530976,0.9996713364243308,0.9396551724137931,0.7250666577127847,0.8527445618848157,30,26.0,9,13,269.9356533459795,4,0.9996713364243308,242.2261619349847,17,0.8970528643288206,8.282911131158471,high_13__rho_0.900,replica,8.282838610000908,,high_13,high,True,8.11579215619713,0.9,0,9,21,0,True
230.2,17,0.979949767996254,0.9,,,81,234.91,1.0,0.9195402298850576,0.9522100662665136,0.7703673185629298,30,,9,8,205.941,7,0.8766804308032864,234.91,6,1.0,0.0585916563868522,high_14__rho_0.900,cpsat,0.0583955543115735,OPTIMAL,high_14,high,True,,0.9,0,9,21,0,True
367.76634604204446,12,0.93956326653592,0.9,,,81,391.422652567042,0.93956326653592,0.9195402298850576,0.6037334395055215,0.7703673185629298,30,,9,3,217.3427108009928,2,0.5552634968252556,123.83577616098772,16,0.316373555155389,0.000893217511475,high_14__rho_0.900,easy,0.0008751368150115,,high_14,high,True,,0.9,0,9,21,0,True
231.44787948019805,11,0.9850350673806773,0.9,,,81,234.9641014259978,1.0,0.9195402298850576,0.9612158206425496,0.7703673185629298,30,,9,13,211.14165381499333,15,0.8986123945469714,234.9641014259978,4,1.0,0.0003835028037428,high_14__rho_0.900,heft,0.0003630621358752,,high_14,high,True,,0.9,0,9,21,0,True
234.8117576381192,9,0.9991394170129578,0.9,31.0,,81,235.01400669399663,1.0,0.9195402298850576,0.9635176052458544,0.7703673185629298,30,25.0,9,10,209.4946344549826,16,0.8914133987246049,235.01400669399663,5,1.0,7.99138623662293,high_14__rho_0.900,replica,7.991296644322574,,high_14,high,True,7.921261047013104,0.9,0,9,21,0,True
342.315,4,0.9759153616544504,0.9,,,81,350.763,0.9908713290740472,1.0,0.6809697716121712,0.8682016127446587,30,,9,7,26.700999999999983,9,0.0761226241080159,347.561,17,0.9908713290740472,0.0592209417372942,high_15__rho_0.900,cpsat,0.0588999083265662,OPTIMAL,high_15,high,True,,0.9,0,9,21,0,True
362.18730603624135,6,0.9684184674116748,0.9,,,81,373.9987600652348,0.9684184674116748,1.0,0.6417520526838206,0.8682016127446587,30,,9,2,22.76595853097388,7,0.0608717486844152,335.09015135198933,17,0.8959659419553722,0.0009481580927968,high_15__rho_0.900,easy,0.0009294282644987,,high_15,high,True,,0.9,0,9,21,0,True
338.9518655659631,1,0.9663264276246653,0.9,,,81,350.76331959495656,0.990704918268732,1.0,0.6792732519621635,0.8682016127446587,30,,9,5,28.33761087397579,13,0.0807884099930933,347.5029458709905,16,0.990704918268732,0.000470413826406,high_15__rho_0.900,heft,0.0004525138065218,,high_15,high,True,,0.9,0,9,21,0,True
338.9518655659631,1,0.9663264276246653,0.9,31.0,,81,350.76331959495656,0.9905318022169504,1.0,0.6792795219498012,0.8682016127446587,30,25.0,9,7,28.40493148000678,15,0.0809803360077882,347.4422231099925,14,0.9905318022169504,7.913947975262999,high_15__rho_0.900,replica,7.913869884796441,,high_15,high,True,7.866887867450714,0.9,0,9,21,0,True
213.38,13,0.92642200002605,0.9,,,81,230.327,0.9998654087449582,0.956896551724138,0.9738632466015708,0.8392582566408185,30,,9,16,230.296,7,0.9998654087449582,229.245,10,0.9953023310337042,0.1110737640410661,high_16__rho_0.900,cpsat,0.1108309030532836,OPTIMAL,high_16,high,True,,0.9,0,9,21,0,True
352.1565142311156,3,0.9675480947253235,0.9,,,81,363.96796826010905,0.9675480947253235,0.956896551724138,0.6448625081423875,0.8392582566408185,30,,9,3,228.13560029500516,11,0.6268013127242242,123.83577616098772,16,0.3402381169776147,0.0012395400553941,high_16__rho_0.900,easy,0.0012163883075118,,high_16,high,True,,0.9,0,9,21,0,True
216.2013097209856,5,0.9203553799327328,0.9,,,81,234.9106817159991,1.0,0.956896551724138,0.941720525383018,0.8392582566408185,30,,9,7,212.54864037403604,19,0.9048061962163212,234.9106817159991,6,1.0,0.0003947233781218,high_16__rho_0.900,heft,0.0003758138045668,,high_16,high,True,,0.9,0,9,21,0,True
208.4832718456164,12,0.9019209368735904,0.9,31.0,,81,231.15470915699188,1.0,0.956896551724138,0.9672667618926652,0.8392582566408185,30,24.0,9,10,231.1268200649647,12,0.9998793488044052,231.15470915699188,6,1.0,7.625338349491358,high_16__rho_0.900,replica,7.62524988874793,,high_16,high,True,7.489230667240918,0.9,0,9,21,0,True
86.6,13,0.3207122329866974,0.9,,,81,270.024,0.9996703996681774,0.92816091954023,0.7301005342734966,0.7263877528990805,30,,9,12,269.93499999999995,4,0.9996703996681774,234.89900000000003,13,0.869918970165615,0.0518411928787827,high_17__rho_0.900,cpsat,0.0513936998322606,OPTIMAL,high_17,high,True,,0.9,0,9,21,0,True
352.1565142311156,3,0.9675480947253235,0.9,,,81,363.96796826010905,0.9675480947253235,0.92816091954023,0.6448625081423875,0.7263877528990805,30,,9,3,228.13560029500516,11,0.6268013127242242,123.83577616098772,16,0.3402381169776147,0.00095493812114,high_17__rho_0.900,easy,0.0009289588779211,,high_17,high,True,,0.9,0,9,21,0,True
71.80197847541422,8,0.2641658701494541,0.9,,,81,271.8064163049967,0.9996734912067092,0.92816091954023,0.7271876473340598,0.7263877528990805,30,,9,10,271.7176691200002,4,0.9996734912067092,249.4431576139832,18,0.917723580646016,0.0003823330625891,high_17__rho_0.900,heft,0.0003567626699805,,high_17,high,True,,0.9,0,9,21,0,True
72.84003600105643,7,0.2697535328578594,0.9,31.0,,81,270.024400530976,0.9996713364243308,0.92816091954023,0.7235872977632165,0.7263877528990805,30,27.0,9,9,269.9356533459795,4,0.9996713364243308,243.3829895839881,19,0.9013370240074592,8.530016087926924,high_17__rho_0.900,replica,8.529942808672786,,high_17,high,True,8.362251031212509,0.9,0,9,21,0,True
219.29200000000003,7,0.932974821949746,0.9,,,81,235.046,0.9821311573053786,0.903256704980843,0.946003477333515,0.7668127350501084,30,,9,17,216.925,12,0.92290445274542,230.846,11,0.9821311573053786,0.0619431361556053,high_18__rho_0.900,cpsat,0.0617271242663264,OPTIMAL,high_18,high,True,,0.9,0,9,21,0,True
361.3146531954408,7,0.9382191647105748,0.9,,,81,385.1068777804176,0.9382191647105748,0.903256704980843,0.6183332156523437,0.7668127350501084,30,,9,12,257.5651752699632,14,0.6688147891682765,95.493293857995,9,0.2479656930781795,0.001049168407917,high_18__rho_0.900,easy,0.0010227086022496,,high_18,high,True,,0.9,0,9,21,0,True
237.02587757166475,12,0.9994764321609918,0.9,,,81,237.15004170652173,0.9994764321609918,0.903256704980843,0.9592525899239234,0.7668127350501084,30,,9,12,227.32596372498665,9,0.9585744201820864,218.1085338259909,9,0.9197069174286922,0.0003776727244257,high_18__rho_0.900,heft,0.000359253026545,,high_18,high,True,,0.9,0,9,21,0,True
219.5387233160436,8,0.934022119551122,0.9,31.0,,81,235.0465997759784,0.9729009091257554,0.903256704980843,0.9520116909197665,0.7668127350501084,30,28.0,9,9,228.67705060896697,18,0.9729009091257554,223.08555876800165,4,0.9491120440824212,8.870336454361677,high_18__rho_0.900,replica,8.870255592279136,,high_18,high,True,8.771537335589528,0.9,0,9,21,0,True
231.13,12,0.9980956164632012,0.9,,,81,231.571,0.9997365818690596,0.984613984102424,0.9778930292077448,0.833136396884488,30,,9,7,216.715,11,0.9358468892909734,231.51,7,0.9997365818690596,0.0778544163331389,high_19__rho_0.900,cpsat,0.0776214739307761,OPTIMAL,high_19,high,True,,0.9,0,9,21,0,True
367.76634604204446,12,0.93956326653592,0.9,,,81,391.422652567042,0.93956326653592,0.984613984102424,0.6037334395055215,0.833136396884488,30,,9,3,217.3427108009928,2,0.5552634968252556,123.83577616098772,16,0.316373555155389,0.0009859772399067,high_19__rho_0.900,easy,0.0009667472913861,,high_19,high,True,,0.9,0,9,21,0,True
229.02424792200327,12,0.9810672483480944,0.9,,,81,233.44398491299216,1.0,0.984613984102424,0.9694493302093958,0.833136396884488,30,,9,8,216.4681116109423,10,0.9272807422800934,233.44398491299216,8,1.0,0.0003816736862063,high_19__rho_0.900,heft,0.0003642821684479,,high_19,high,True,,0.9,0,9,21,0,True
226.510545684956,14,0.9640386214438952,0.9,31.0,,81,234.96003235399257,1.0,0.984613984102424,0.9618985850685688,0.833136396884488,30,25.0,9,7,216.55258996796329,12,0.9216571337618116,234.96003235399257,4,1.0,7.96133475471288,high_19__rho_0.900,replica,7.961257914081216,,high_19,high,True,7.875687602907419,0.9,0,9,21,0,True
53.09,4,0.1966121529938079,0.9,,,81,270.024,0.9996703996681774,0.9410879038986496,0.7201026575415518,0.7998354195429255,30,,9,9,269.93499999999995,4,0.9996703996681774,260.31000000000006,22,0.9640254199626702,0.0673732608556747,high_20__rho_0.900,cpsat,0.0671425191685557,OPTIMAL,high_20,high,True,,0.9,0,9,21,0,True
338.9518655659631,1,0.9663264276246653,0.9,,,81,350.76331959495656,0.9663264276246653,0.9410879038986496,0.666477361048721,0.7998354195429255,30,,9,1,89.39645536305034,12,0.2548626106808453,272.979113859994,17,0.7782430448406527,0.0009885476902127,high_20__rho_0.900,easy,0.0009685885161161,,high_20,high,True,,0.9,0,9,21,0,True
62.38963946513832,9,0.2295370371063289,0.9,,,81,271.8064163049967,0.9996734912067092,0.9410879038986496,0.7282658463769383,0.7998354195429255,30,,9,11,271.7176691200002,4,0.9996734912067092,259.7346808779839,17,0.9555870108177764,0.0003859233111143,high_20__rho_0.900,heft,0.0003680828958749,,high_20,high,True,,0.9,0,9,21,0,True
73.47300007008016,11,0.2720976323828619,0.9,31.0,,81,270.024400530976,0.9996713364243308,0.9410879038986496,0.7290434405912144,0.7998354195429255,30,26.0,9,12,269.9356533459795,4,0.9996713364243308,247.1699006039889,15,0.9153613529664506,8.124539850279689,high_20__rho_0.900,replica,8.124467969872057,,high_20,high,True,8.022762416861951,0.9,0,9,21,0,True
229.945,11,0.9983414884056148,0.9,,,81,230.327,0.9983414884056148,0.9166666666666666,0.9808359419434108,0.7852359693777959,30,,9,14,218.48,8,0.9485644323071112,229.314,11,0.9956019051175068,0.1054221438243985,moderate_01__rho_0.900,cpsat,0.1050514103844761,OPTIMAL,moderate_01,moderate,True,,0.9,0,9,21,0,True
367.76634604204446,12,0.93956326653592,0.9,,,81,391.422652567042,0.93956326653592,0.9166666666666666,0.6037334395055215,0.7852359693777959,30,,9,3,217.3427108009928,2,0.5552634968252556,123.83577616098772,16,0.316373555155389,0.0017518326640129,moderate_01__rho_0.900,easy,0.001716093160212,,moderate_01,moderate,True,,0.9,0,9,21,0,True
229.45338439848277,14,0.9957881341836304,0.9,,,81,230.42389894170992,0.9970513744631488,0.9166666666666666,0.9802842469896408,0.7852359693777959,30,,9,10,218.4449052400014,7,0.9480132323221436,229.74446514898955,9,0.9970513744631488,0.0006992854177951,moderate_01__rho_0.900,heft,0.00065837521106,,moderate_01,moderate,True,,0.9,0,9,21,0,True
231.98606639541688,15,0.9998649343046722,0.9,31.0,,81,232.01740398741455,0.9998649343046722,0.9166666666666666,0.9759235998035506,0.7852359693777959,30,26.0,9,12,215.7472313120088,7,0.9298752059294296,231.56048264199129,8,0.99803065917655,8.363163433037698,moderate_01__rho_0.900,replica,8.363100913353264,,moderate_01,moderate,True,8.23706705775112,0.9,0,9,21,0,True
224.991,15,0.9819960194835804,0.9,,,81,229.116,1.0,0.9273505734612342,0.987469229560572,0.8126936710671141,30,,9,3,224.628,9,0.9804116691981352,229.116,6,1.0,0.028196258470416,moderate_02__rho_0.900,cpsat,0.0274093216285109,OPTIMAL,moderate_02,moderate,True,,0.9,0,9,21,0,True
361.3146531954408,7,0.9377608242979976,0.9,,,81,385.29510279544775,0.9377608242979976,0.9273505734612342,0.6095484732391279,0.8126936710671141,30,,9,5,236.07182347000344,14,0.6127039294224651,107.18164830098976,9,0.2781806659969209,0.0011030677706003,moderate_02__rho_0.900,easy,0.0010614078491926,,moderate_02,moderate,True,,0.9,0,9,21,0,True
224.99146406911316,15,0.981995421256893,0.9,,,81,229.11661215399363,1.0,0.9273505734612342,0.9874668563416256,0.8126936710671141,30,,9,3,224.62710599493585,9,0.9804051477679832,229.11661215399363,6,1.0,0.0004692934453487,moderate_02__rho_0.900,heft,0.0004421435296535,,moderate_02,moderate,True,,0.9,0,9,21,0,True
224.99146406911316,15,0.981995421256893,0.9,31.0,,81,229.11661215399363,1.0,0.9273505734612342,0.9874668563416256,0.8126936710671141,30,28.0,9,3,224.62710599493585,9,0.9804051477679832,229.11661215399363,6,1.0,9.44512838870287,moderate_02__rho_0.900,replica,9.445059476420283,,moderate_02,moderate,True,9.194059142842889,0.9,0,9,21,0,True
227.285,12,0.9662163311114134,0.9,,,81,235.232,0.9662163311114134,0.9597701149425286,0.9501300843422664,0.7588031381134829,30,,9,11,215.986,7,0.9181829002856756,227.23200000000003,11,0.9659910216297104,0.0897598462179303,moderate_03__rho_0.900,cpsat,0.0893114330247044,OPTIMAL,moderate_03,moderate,True,,0.9,4,1,25,0,True
355.3030026769265,4,0.9678262356242344,0.9,,,81,367.11445670592,0.9678262356242344,0.9597701149425286,0.6413012081657898,0.7588031381134829,30,,9,3,222.22246698799427,7,0.6053220267650951,128.76736419698136,19,0.35075536210804,0.0011655893176794,moderate_03__rho_0.900,easy,0.0011303480714559,,moderate_03,moderate,True,,0.9,4,1,25,0,True
210.5987271443009,11,0.859195760152267,0.9,,,81,245.11145993897665,0.99877995526988,0.9597701149425286,0.9136982591858588,0.7588031381134829,30,,9,7,216.46260261995485,10,0.8831190621354291,244.81241299398607,9,0.99877995526988,0.0003906330093741,moderate_03__rho_0.900,heft,0.000369262881577,,moderate_03,moderate,True,,0.9,4,1,25,0,True
220.17483955807984,12,0.9213818279396732,0.9,31.0,,81,238.96156064898605,1.0,0.9597701149425286,0.9424095950720952,0.7588031381134829,30,24.0,9,9,216.46260261995485,10,0.905846957276613,238.96156064898605,8,1.0,8.38933655526489,moderate_03__rho_0.900,replica,8.389273084700108,,moderate_03,moderate,True,8.306158215738833,0.9,4,1,25,0,True
221.579,17,0.9414271450725468,0.9,,,81,235.365,0.9802731927006988,0.9703065134099615,0.955167505788881,0.7471487817935389,30,,9,11,222.138,3,0.9438021795933976,230.722,10,0.9802731927006988,0.0513604991137981,moderate_04__rho_0.900,cpsat,0.050876984372735,OPTIMAL,moderate_04,moderate,True,,0.9,4,1,25,0,True
170.2918575676158,3,0.3588600286088833,0.9,,,81,474.5355960309935,0.9746369341780264,0.9703065134099615,0.46991529532234,0.7471487817935389,30,,9,8,36.18282820799504,11,0.0762489231801102,462.49991847399,16,0.9746369341780264,0.0014293612912297,moderate_04__rho_0.900,easy,0.0013986714184284,,moderate_04,moderate,True,,0.9,4,1,25,0,True
217.86125193163755,10,0.8928129111221934,0.9,,,81,244.01669063880763,0.981770767461992,0.9703065134099615,0.9174054571041612,0.7471487817935389,30,,9,12,214.1570252759848,10,0.8776326927282979,239.5684536419976,10,0.981770767461992,0.0003913529217243,moderate_04__rho_0.900,heft,0.000371572561562,,moderate_04,moderate,True,,0.9,4,1,25,0,True
219.50104794930667,13,0.9325625792229644,0.9,31.0,,81,235.3740680139672,0.9846755150879384,0.9703065134099615,0.953945268091732,0.7471487817935389,30,25.0,9,11,222.33380563097307,7,0.9445977099642928,231.76708165999665,10,0.9846755150879384,8.092460251413286,moderate_04__rho_0.900,replica,8.09238707087934,,moderate_04,moderate,True,7.984496792778373,0.9,4,1,25,0,True
220.295,8,0.9372540343681794,0.9,,,81,235.043,0.9494815842207596,0.9826682673595416,0.9442995536986848,0.7908012753813959,30,,9,12,222.389,16,0.9461630425071156,223.169,6,0.9494815842207596,0.0454368339851498,moderate_05__rho_0.900,cpsat,0.0449671512469649,OPTIMAL,moderate_05,moderate,True,,0.9,0,9,21,0,True
361.3146531954408,7,0.9382244674454115,0.9,,,81,385.1047012014351,0.9382244674454115,0.9826682673595416,0.6151170448835866,0.7908012753813959,30,,9,6,243.1954494989768,11,0.6315047537468768,106.14329462699244,12,0.2756219134584714,0.0011536190286278,moderate_05__rho_0.900,easy,0.0011256486177444,,moderate_05,moderate,True,,0.9,0,9,21,0,True
216.2013097209856,5,0.9198316930063152,0.9,,,81,235.04442319699592,0.9549431974265996,0.9826682673595416,0.9413743499538056,0.7908012753813959,30,,9,9,224.45407302503008,20,0.9549431974265996,223.13899054600188,5,0.9493481594285016,0.0007369555532932,moderate_05__rho_0.900,heft,0.0007141958922147,,moderate_05,moderate,True,,0.9,0,9,21,0,True
218.4652784820646,14,0.9289398955552214,0.9,31.0,,81,235.17697918603156,0.9998452238559812,0.9826682673595416,0.9592432385792709,0.7908012753813959,30,27.0,9,7,235.14057940003116,10,0.9998452238559812,223.16992357900017,6,0.9489445963266095,9.295706801116468,moderate_05__rho_0.900,replica,9.295616779476404,,moderate_05,moderate,True,9.141960471868517,0.9,0,9,21,0,True
230.081,12,0.9935656882770296,0.9,,,81,231.571,0.998505857814666,0.9596332785987958,0.9781118245951926,0.8236279921836414,30,,9,7,218.201,10,0.9422639276938822,231.225,8,0.998505857814666,0.0298431441187858,moderate_06__rho_0.900,cpsat,0.0295980814844369,OPTIMAL,moderate_06,moderate,True,,0.9,0,9,21,0,True
367.76634604204446,12,0.93956326653592,0.9,,,81,391.422652567042,0.93956326653592,0.9596332785987958,0.6037334395055215,0.8236279921836414,30,,9,3,217.3427108009928,2,0.5552634968252556,123.83577616098772,16,0.316373555155389,0.0011345893144607,moderate_06__rho_0.900,easy,0.0011151293292641,,moderate_06,moderate,True,,0.9,0,9,21,0,True
228.9489900516346,11,0.9827896129326228,0.9,,,81,232.9582924349961,1.0,0.9596332785987958,0.9709405641469174,0.8236279921836414,30,,9,7,216.65868515198235,9,0.9300320795081294,232.9582924349961,10,1.0,0.0004455344751477,moderate_06__rho_0.900,heft,0.0004247343167662,,moderate_06,moderate,True,,0.9,0,9,21,0,True
226.25962630286813,15,0.9629706977652422,0.9,31.0,,81,234.96003235399257,1.0,0.9596332785987958,0.9611620757839714,0.8236279921836414,30,26.0,9,9,216.28435861403705,11,0.920515529586672,234.96003235399257,4,1.0,8.705544439144433,moderate_06__rho_0.900,replica,8.705494498834014,,moderate_06,moderate,True,8.621794792823493,0.9,0,9,21,0,True
353.021,5,0.9942181066481915,0.9,,,81,355.074,0.9942181066481915,0.9252873563218392,0.6544616990636692,0.8354108618620549,30,,9,14,274.146,10,0.7720813126277902,69.97999999999996,15,0.197085677915026,0.0602888222783803,moderate_07__rho_0.900,cpsat,0.060030129738152,OPTIMAL,moderate_07,moderate,True,,0.9,0,9,21,0,True
361.3146531954408,7,0.938544534942147,0.9,,,81,384.9733707284468,0.938544534942147,0.9252873563218392,0.6147620834111097,0.8354108618620549,30,,9,8,233.2744980000134,14,0.605949698698929,115.41194314499808,9,0.299792016592253,0.0011203186586499,moderate_07__rho_0.900,easy,0.001096948981285,,moderate_07,moderate,True,,0.9,0,9,21,0,True
349.1122850757092,2,0.9832101746907608,0.9,,,81,355.0739140647238,0.9832101746907608,0.9252873563218392,0.6676297489148276,0.8354108618620549,30,,9,10,206.1566889770038,12,0.5806021811543864,155.90475022699684,16,0.4390768908993357,0.0007441360503435,moderate_07__rho_0.900,heft,0.0007088864222168,,moderate_07,moderate,True,,0.9,0,9,21,0,True
349.1122850757092,2,0.9832101746907608,0.9,31.0,,81,355.0739140647238,0.9832101746907608,0.9252873563218392,0.6676297489148276,0.8354108618620549,30,27.0,9,10,206.1566889770038,12,0.5806021811543864,155.90475022699684,16,0.4390768908993357,8.873766699805856,moderate_07__rho_0.900,replica,8.873704778961837,,moderate_07,moderate,True,8.737807717174292,0.9,0,9,21,0,True
217.722,14,0.950137029343481,0.9,,,81,229.148,0.9996945205718576,0.9511494252873562,0.9815243132531524,0.7394457231320346,30,,9,12,227.943,11,0.9947413898441184,229.078,5,0.9996945205718576,0.043894144706428,moderate_08__rho_0.900,cpsat,0.0436530131846666,OPTIMAL,moderate_08,moderate,True,,0.9,4,1,25,0,True
352.1565142311156,3,0.9675357741835318,0.9,,,81,363.9726030061138,0.9675357741835318,0.9511494252873562,0.6442438699919758,0.7394457231320346,30,,9,6,230.00292668002655,16,0.6319237348646352,121.30191408399332,11,0.3332721009277606,0.0011256784200668,moderate_08__rho_0.900,easy,0.001103188842535,,moderate_08,moderate,True,,0.9,4,1,25,0,True
207.41460470017049,9,0.8891642262920779,0.9,,,81,233.26917409297312,0.9998707303778336,0.9511494252873562,0.9571513350311848,0.7394457231320346,30,,9,10,233.23901947497507,13,0.9998707303778336,229.16808003898768,8,0.9824190484236428,0.0008038263767957,moderate_08__rho_0.900,heft,0.000768625177443,,moderate_08,moderate,True,,0.9,4,1,25,0,True
218.69152935314924,14,0.946898864659756,0.9,31.0,,81,230.95553022099196,1.0,0.9511494252873562,0.9754802152884922,0.7394457231320346,30,26.0,9,10,226.23059145198204,9,0.9795417812057204,230.95553022099196,7,1.0,9.05088895186782,moderate_08__rho_0.900,replica,9.050817330367863,,moderate_08,moderate,True,8.953122277744114,0.9,4,1,25,0,True
221.79,15,0.944124708406409,0.9,,,81,234.916,0.9997616169183878,0.9233716475095785,0.9630790012884036,0.7944523216300446,30,,9,6,222.078,10,0.9453506785404144,234.86,5,0.9997616169183878,0.0386641127988696,moderate_09__rho_0.900,cpsat,0.0383972208946943,OPTIMAL,moderate_09,moderate,True,,0.9,0,9,21,0,True
372.5637066112831,8,0.9842435612670092,0.9,,,81,378.5279592092884,0.9842435612670092,0.9233716475095785,0.6231048428129872,0.7944523216300446,30,,9,4,94.23366185999475,14,0.2489476921515667,240.7904450989954,8,0.6361232750203855,0.0011294493451714,moderate_09__rho_0.900,easy,0.0011054575443267,,moderate_09,moderate,True,,0.9,0,9,21,0,True
216.2013097209856,5,0.920332906765994,0.9,,,81,234.9164178869869,0.999763143676857,0.9233716475095785,0.9417056698314488,0.7944523216300446,30,,9,9,212.60428181302268,20,0.9050209590514952,234.86077644800025,5,0.999763143676857,0.0004506828263401,moderate_09__rho_0.900,heft,0.0004304433241486,,moderate_09,moderate,True,,0.9,0,9,21,0,True
218.5560926683247,15,0.9302175485525532,0.9,31.0,,81,234.9515906342604,0.999613477031524,0.9233716475095785,0.9600369136831294,0.7944523216300446,30,28.0,9,6,223.2697306960472,10,0.9502797154653112,234.86077644800025,5,0.999613477031524,9.05033620260656,moderate_09__rho_0.900,replica,9.050256120041013,,moderate_09,moderate,True,8.950173929333687,0.9,0,9,21,0,True
222.941,7,0.9485115489506176,0.9,,,81,235.043,0.9703458516101308,0.9770114942528736,0.9480747494430096,0.7515104226390006,30,,9,10,217.501,11,0.9253668477682808,228.073,12,0.9703458516101308,0.0409341724589467,moderate_10__rho_0.900,cpsat,0.0406993301585316,OPTIMAL,moderate_10,moderate,True,,0.9,4,1,25,0,True
360.5143650341779,6,0.9384224036962864,0.9,,,81,384.1706715591754,0.9384224036962864,0.9770114942528736,0.6120127330442736,0.7515104226390006,30,,9,4,220.4071203969943,6,0.5737218812213365,124.43054253798256,18,0.323893914215198,0.0011984286829829,moderate_10__rho_0.900,easy,0.001175008714199,,moderate_10,moderate,True,,0.9,4,1,25,0,True
226.1951693594456,10,0.9228083258230718,0.9,,,81,245.11609077399407,0.9930893769370612,0.9770114942528736,0.9211440070466418,0.7515104226390006,30,,9,11,207.7442989180563,10,0.8475343183797921,243.42218586399397,10,0.9930893769370612,0.0007436061277985,moderate_10__rho_0.900,heft,0.0007096556946635,,moderate_10,moderate,True,,0.9,4,1,25,0,True
222.9415196971968,7,0.9247032459702486,0.9,31.0,,81,241.09520613099448,0.9710889627925074,0.9770114942528736,0.9351045626939656,0.7515104226390006,30,26.0,9,11,219.28126853701545,11,0.9095214793191414,234.1248936559932,12,0.9710889627925074,8.429111118428409,moderate_10__rho_0.900,replica,8.429035956971347,,moderate_10,moderate,True,8.369839183054864,0.9,4,1,25,0,True
218.985,14,0.9304059652029824,0.9,,,81,235.365,0.9884222378008624,0.9913793103448276,0.954210127532414,0.8245997928444143,30,,9,13,222.138,3,0.9438021795933976,232.64,13,0.9884222378008624,0.0541177969425916,moderate_11__rho_0.900,cpsat,0.0539153758436441,OPTIMAL,moderate_11,moderate,True,,0.9,4,1,25,0,True
168.68670196086168,7,0.6521427768784697,0.9,,,81,258.66529223599355,0.9763941700363976,0.9913793103448276,0.8384777886219275,0.8245997928444143,30,,9,5,229.4093213909946,3,0.886896418950915,252.5592833299852,20,0.9763941700363976,0.0009066965430974,moderate_11__rho_0.900,easy,0.0008872766047716,,moderate_11,moderate,True,,0.9,4,1,25,0,True
204.9852269794792,8,0.8579681069344184,0.9,,,81,238.9194019249808,0.9950638172601756,0.9913793103448276,0.9402465031758388,0.8245997928444143,30,,9,10,231.2041175260092,11,0.9677075853329228,237.74005209698956,11,0.9950638172601756,0.0007095858454704,moderate_11__rho_0.900,heft,0.0006761951372027,,moderate_11,moderate,True,,0.9,4,1,25,0,True
216.0728079956025,12,0.9179975084714116,0.9,31.0,,81,235.3740680139672,0.9950101831400516,0.9913793103448276,0.9524154968374896,0.8245997928444143,30,24.0,9,7,222.24932727395208,5,0.944238798901006,234.19959452099647,13,0.9950101831400516,7.652458782307804,moderate_11__rho_0.900,replica,7.652384071610868,,moderate_11,moderate,True,7.602541293017566,0.9,4,1,25,0,True
220.702,14,0.9595947737994304,0.9,,,81,229.995,0.9961651340246528,0.9904214559386972,0.9799821735255114,0.798742364423034,30,,9,6,226.358,10,0.9841866127524512,229.113,6,0.9961651340246528,0.0252403896301984,moderate_12__rho_0.900,cpsat,0.025034787133336,OPTIMAL,moderate_12,moderate,True,,0.9,4,1,25,0,True
33.3958599800244,6,0.0748180521238536,0.9,,,81,446.3609921939824,0.947268590596874,0.9904214559386972,0.4268585136979826,0.798742364423034,30,,9,7,422.823747973016,16,0.947268590596874,115.37936114900003,8,0.2584888983732201,0.0009332885965704,moderate_12__rho_0.900,easy,0.0009144376963376,,moderate_12,moderate,True,,0.9,4,1,25,0,True
76.1460778452456,12,0.1805391737093973,0.9,,,81,421.770390772992,0.9496857526246208,0.9904214559386972,0.467928192639887,0.798742364423034,30,,9,7,400.5493309960293,10,0.9496857526246208,115.37936114900003,8,0.2735596515856426,0.0007712859660387,moderate_12__rho_0.900,heft,0.0007357550784945,,moderate_12,moderate,True,,0.9,4,1,25,0,True
224.93701063189656,14,0.9778690281849354,0.9,31.0,,81,230.0277482449892,0.9961479353523424,0.9904214559386972,0.9835191204917832,0.798742364423034,30,26.0,9,8,224.63138880796032,9,0.9765403979380716,229.1416664879944,7,0.9961479353523424,8.66619040351361,moderate_12__rho_0.900,replica,8.666110273450613,,moderate_12,moderate,True,8.586464332416654,0.9,4,1,25,0,True
203.461,21,0.8719321176798303,0.9,,,81,233.345,1.0,0.9647632677820784,0.9511153013777882,0.8195826027321883,30,,9,9,233.345,6,1.0,229.008,3,0.9814137864535344,0.0454709101468324,moderate_13__rho_0.900,cpsat,0.0452433675527572,OPTIMAL,moderate_13,moderate,True,,0.9,4,1,25,0,True
357.36812953744084,5,0.9680062101081276,0.9,,,81,369.1795835664343,0.9680062101081276,0.9647632677820784,0.6375965813932424,0.8195826027321883,30,,9,4,224.99541529398996,10,0.6094470694192702,123.79937637498732,15,0.3353364646523295,0.0011060684919357,moderate_13__rho_0.900,easy,0.0010831896215677,,moderate_13,moderate,True,,0.9,4,1,25,0,True
197.1337897069752,13,0.8371341556477518,0.9,,,81,235.4864968500042,1.0,0.9647632677820784,0.9394097865275874,0.8195826027321883,30,,9,5,235.4864968500042,8,1.0,231.03467265099607,9,0.9810952039350104,0.0004524737596511,moderate_13__rho_0.900,heft,0.0004322528839111,,moderate_13,moderate,True,,0.9,4,1,25,0,True
203.26129628159103,18,0.8710766726566378,0.9,31.0,,81,233.3448967949953,1.0,0.9647632677820784,0.9509854502559923,0.8195826027321883,30,25.0,9,6,233.3448967949953,6,1.0,229.11661215399363,6,0.9818796781113392,7.9262071419507265,moderate_13__rho_0.900,replica,7.926147022284567,,moderate_13,moderate,True,7.83013254776597,0.9,4,1,25,0,True
225.86,17,0.9857888580457062,0.9,,,81,229.116,1.0,0.9272030651340996,0.987960974644576,0.7955386212867394,30,,9,3,224.097,7,0.9780940658880216,229.116,6,1.0,0.0222783852368593,moderate_14__rho_0.900,cpsat,0.0220851143822073,OPTIMAL,moderate_14,moderate,True,,0.9,0,9,21,0,True
367.76634604204446,12,0.93956326653592,0.9,,,81,391.422652567042,0.93956326653592,0.9272030651340996,0.6037334395055215,0.7955386212867394,30,,9,3,217.3427108009928,2,0.5552634968252556,123.83577616098772,16,0.316373555155389,0.0009421482682228,moderate_14__rho_0.900,easy,0.0009230272844433,,moderate_14,moderate,True,,0.9,0,9,21,0,True
225.8605844685808,17,0.9857887751795824,0.9,,,81,229.11661215399363,1.0,0.9272030651340996,0.9879597175216256,0.7955386212867394,30,,9,3,224.09675364693976,7,0.9780903773852944,229.11661215399363,6,1.0,0.000469003804028,moderate_14__rho_0.900,heft,0.0004468141123652,,moderate_14,moderate,True,,0.9,0,9,21,0,True
225.8605844685808,17,0.9857887751795824,0.9,31.0,,81,229.11661215399363,1.0,0.9272030651340996,0.9879597175216256,0.7955386212867394,30,27.0,9,3,224.09675364693976,7,0.9780903773852944,229.11661215399363,6,1.0,9.299897018820047,moderate_14__rho_0.900,replica,9.29983429890126,,moderate_14,moderate,True,9.196375583298504,0.9,0,9,21,0,True
179.928,10,0.7416805787423484,0.9,,,81,242.595,0.9975308641975308,0.9885057471264368,0.8949346304196982,0.7827262235736829,30,,9,13,229.396,12,0.9455924483192152,241.996,8,0.9975308641975308,0.0405416218563914,moderate_15__rho_0.900,cpsat,0.0403483305126428,OPTIMAL,moderate_15,moderate,True,,0.9,4,1,25,0,True
362.9875941975042,7,0.9684859017521956,0.9,,,81,374.7990482264977,0.9684859017521956,0.9885057471264368,0.6310086802139032,0.7827262235736829,30,,9,4,80.40967921499396,2,0.2145407775059262,266.1070848879899,21,0.7099993613835879,0.0009126076474785,moderate_15__rho_0.900,easy,0.0008935183286666,,moderate_15,moderate,True,,0.9,4,1,25,0,True
184.1671666894108,8,0.7368781464034196,0.9,,,81,249.9289300249984,1.0,0.9885057471264368,0.8822928390619601,0.7827262235736829,30,,9,8,227.43541899201227,12,0.9100003707824608,249.9289300249984,10,1.0,0.0003837430849671,moderate_15__rho_0.900,heft,0.0003625229001045,,moderate_15,moderate,True,,0.9,4,1,25,0,True
187.20457859523597,9,0.7689095384448095,0.9,31.0,,81,243.46762425899212,0.9938561475779636,0.9885057471264368,0.8966339954637709,0.7827262235736829,30,24.0,9,11,225.7276724149997,14,0.9271363003685396,241.97179510600108,7,0.9938561475779636,7.985227330587804,moderate_15__rho_0.900,replica,7.985128128901124,,moderate_15,moderate,True,7.9393870159983635,0.9,4,1,25,0,True
223.659,15,0.9605447377236458,0.9,,,81,232.846,0.979789216907312,0.9415708812260538,0.9698670652133456,0.6481132553791096,30,,9,14,225.69,5,0.9692672410090788,228.14,10,0.979789216907312,0.0268490836024284,moderate_16__rho_0.900,cpsat,0.026411079801619,OPTIMAL,moderate_16,moderate,True,,0.9,0,9,21,0,True
361.3146531954408,7,0.938550412887828,0.9,,,81,384.9709597204383,0.938550412887828,0.9415708812260538,0.6146328395340676,0.6481132553791096,30,,9,7,232.9909147179569,11,0.6052168581421112,115.54181441998662,12,0.3001312475722632,0.0010155281051993,moderate_16__rho_0.900,easy,0.0009903479367494,,moderate_16,moderate,True,,0.9,0,9,21,0,True
226.86545806191864,11,0.9743133406434968,0.9,,,81,232.84650696877725,0.9743133406434968,0.9415708812260538,0.9717974597086334,0.6481132553791096,30,,9,12,225.64154242095535,9,0.9690570211182596,226.33193143998503,10,0.972022017364144,0.0005661351606249,moderate_16__rho_0.900,heft,0.0005444949492812,,moderate_16,moderate,True,,0.9,0,9,21,0,True
226.9201137311757,12,0.9743855230658786,0.9,31.0,,81,232.88535016117385,0.9743855230658786,0.9415708812260538,0.9716704414200584,0.6481132553791096,30,26.0,9,12,225.64154242095535,9,0.9688953910788926,226.301776821987,9,0.9717304101154044,8.721714853309095,moderate_16__rho_0.900,replica,8.721645561978221,,moderate_16,moderate,True,8.64699957985431,0.9,0,9,21,0,True
230.137,12,0.9935844022398468,0.9,,,81,231.623,0.9958553338830772,0.9032567049808428,0.9772690967650018,0.7568253431107381,30,,9,13,218.274,10,0.9423675541720812,230.663,8,0.9958553338830772,0.0542086623609066,moderate_17__rho_0.900,cpsat,0.0539807099848985,OPTIMAL,moderate_17,moderate,True,,0.9,0,9,21,0,True
367.76634604204446,12,0.93956326653592,0.9,,,81,391.422652567042,0.93956326653592,0.9032567049808428,0.6037334395055215,0.7568253431107381,30,,9,3,217.3427108009928,2,0.5552634968252556,123.83577616098772,16,0.316373555155389,0.0011068088933825,moderate_17__rho_0.900,easy,0.0010836590081453,,moderate_17,moderate,True,,0.9,0,9,21,0,True
229.0035349149257,11,0.9845020385437188,0.9,,,81,232.60849236398644,0.993725812191298,0.9032567049808428,0.9719403993020336,0.7568253431107381,30,,9,10,218.09217493596952,9,0.9375933471710838,231.14906299699575,10,0.993725812191298,0.000506954267621,moderate_17__rho_0.900,heft,0.0004719048738479,,moderate_17,moderate,True,,0.9,0,9,21,0,True
226.7058458728716,16,0.9648698274407572,0.9,31.0,,81,234.96003235399257,1.0,0.9032567049808428,0.9620116862971054,0.7568253431107381,30,25.0,9,11,216.4370125849964,10,0.9211652314505592,234.96003235399257,4,1.0,8.155668370425701,moderate_17__rho_0.900,replica,8.15560211893171,,moderate_17,moderate,True,7.995610997080803,0.9,0,9,21,0,True
223.126,7,0.9633153875046953,0.9,,,81,231.623,0.9999827305578464,0.9674329501915708,0.9729934707117456,0.860439814093393,30,,9,13,221.35799999999995,13,0.9556822940726956,231.61900000000003,10,0.9999827305578464,0.0912599684670567,moderate_18__rho_0.900,cpsat,0.0910035166889429,OPTIMAL,moderate_18,moderate,True,,0.9,0,9,21,0,True
369.4392870441079,12,0.9690191971935636,0.9,,,81,381.2507410731014,0.9690191971935636,0.9674329501915708,0.6228619934612472,0.860439814093393,30,,9,3,219.12472657501348,2,0.5747522639778904,123.83577616098772,16,0.3248145192122875,0.0012073004618287,moderate_18__rho_0.900,easy,0.001183389686048,,moderate_18,moderate,True,,0.9,0,9,21,0,True
229.1239218916744,13,0.9814942200248684,0.9,,,81,233.44398491299216,1.0,0.9674329501915708,0.9695151773999992,0.860439814093393,30,,9,9,216.41455253298045,9,0.9270513121751291,233.44398491299216,8,1.0,0.0003754626959562,moderate_18__rho_0.900,heft,0.0003576837480068,,moderate_18,moderate,True,,0.9,0,9,21,0,True
226.6358166448772,15,0.9645717800354484,0.9,31.0,,81,234.96003235399257,1.0,0.9674329501915708,0.9619728914253202,0.860439814093393,30,25.0,9,10,216.4796960800013,11,0.921346894240512,234.96003235399257,4,1.0,8.378035025671124,moderate_18__rho_0.900,replica,8.377967164851725,,moderate_18,moderate,True,8.297160078771412,0.9,0,9,21,0,True
219.58300000000008,16,0.9494495706391556,0.9,,,81,231.274,1.0,0.9367816091954024,0.9755888397888796,0.8402663747491333,30,,9,8,226.028,7,0.9773169487274834,231.274,7,1.0,0.0345590654760599,moderate_19__rho_0.900,cpsat,0.0343710239976644,OPTIMAL,moderate_19,moderate,True,,0.9,1,7,22,0,True
348.56279270071536,2,0.967224478063627,0.9,,,81,360.3742467297088,0.967224478063627,0.9367816091954024,0.6516941022408406,0.8402663747491333,30,,9,4,219.12472657501348,2,0.6080476853257591,136.8737943039814,26,0.3798101433331354,0.0008700462058186,moderate_19__rho_0.900,easy,0.0008513061329722,,moderate_19,moderate,True,,0.9,1,7,22,0,True
214.76176230050623,16,0.9158062274306722,0.9,,,81,234.5056802059844,0.9979039247426524,0.9367816091954024,0.959346969211514,0.8402663747491333,30,,9,8,226.1410397529835,9,0.964330755461217,234.0141386519972,5,0.9979039247426524,0.0004582637920975,moderate_19__rho_0.900,heft,0.000435272231698,,moderate_19,moderate,True,,0.9,1,7,22,0,True
221.50252635218203,16,0.9577481909885606,0.9,31.0,,81,231.2742831949945,1.0,0.9367816091954024,0.9762412773639578,0.8402663747491333,30,26.0,9,3,224.56169539596883,7,0.9709756411033126,231.2742831949945,7,1.0,8.18856592476368,moderate_19__rho_0.900,replica,8.18848680332303,,moderate_19,moderate,True,8.136443762108684,0.9,1,7,22,0,True
230.297,9,0.9944984475603594,0.9,,,81,231.571,0.997780378372076,1.0,0.9768566300040448,0.8159032973859092,30,,9,9,217.281,13,0.9382910640796992,231.057,8,0.997780378372076,0.091196309775114,moderate_20__rho_0.900,cpsat,0.0909406784921884,OPTIMAL,moderate_20,moderate,True,,0.9,0,9,21,0,True
367.76634604204446,12,0.93956326653592,0.9,,,81,391.422652567042,0.93956326653592,1.0,0.6037334395055215,0.8159032973859092,30,,9,3,217.3427108009928,2,0.5552634968252556,123.83577616098772,16,0.316373555155389,0.0011234581470489,moderate_20__rho_0.900,easy,0.0010990081354975,,moderate_20,moderate,True,,0.9,0,9,21,0,True
229.0693770283833,13,0.977472598438466,0.9,,,81,234.3486430149824,0.997902520161144,1.0,0.9656257975144862,0.8159032973859092,30,,9,9,215.95280743396145,10,0.9215022739438484,233.8571014609952,7,0.997902520161144,0.0005768155679106,moderate_20__rho_0.900,heft,0.0005496442317962,,moderate_20,moderate,True,,0.9,0,9,21,0,True
226.2391577064991,15,0.9628835825390314,0.9,31.0,,81,234.96003235399257,1.0,1.0,0.961007402935579,0.8159032973859092,30,26.0,9,8,216.1958013980184,11,0.9201386262677056,234.96003235399257,4,1.0,8.284559801220894,moderate_20__rho_0.900,replica,8.28448724001646,,moderate_20,moderate,True,8.138847354799509,0.9,0,9,21,0,True
211.07,8,0.9064867464912127,0.9,,,81,232.844,0.9925057119788356,0.9454030214191071,0.9609395131504356,0.7852424810713768,30,,9,13,231.099,12,0.9925057119788356,229.078,10,0.983826080981258,0.0896229296922683,nominal_01__rho_0.900,cpsat,0.0893365079537034,OPTIMAL,nominal_01,nominal,True,,0.9,0,9,21,0,True
361.3146531954408,7,0.93744129101752,0.9,,,81,385.4264332684361,0.93744129101752,0.9454030214191071,0.6142985057684542,0.7852424810713768,30,,9,8,256.962069325964,13,0.6666955017768562,92.02392359999068,10,0.2387587245109865,0.0011776387691497,nominal_01__rho_0.900,easy,0.0011536786332726,,nominal_01,nominal,True,,0.9,0,9,21,0,True
226.86545806191864,11,0.9743225871599908,0.9,,,81,232.8442972087905,0.9743225871599908,0.9454030214191071,0.9717023971591552,0.7852424810713768,30,,9,10,226.1326813369524,10,0.971175519639977,225.76794588899065,9,0.9696090846774978,0.0007246350869536,nominal_01__rho_0.900,heft,0.0006894553080201,,nominal_01,nominal,True,,0.9,0,9,21,0,True
226.9201137311757,12,0.9743947687250396,0.9,31.0,,81,232.88314040118712,0.977243007385318,0.9454030214191071,0.9720760739201316,0.7852424810713768,30,26.0,9,10,224.6368521839613,9,0.9645904456500374,227.58342049499333,9,0.977243007385318,9.153417773544788,nominal_01__rho_0.900,replica,9.153208581730723,,nominal_01,nominal,True,9.046086792834105,0.9,0,9,21,0,True
214.634,14,0.9346501713544184,0.9,,,81,229.641,1.0,0.9114313419961874,0.9781847898821784,0.7579689644732636,30,,9,8,229.619,10,0.9999041982921169,229.641,6,1.0,0.0597012275829911,severe_01__rho_0.900,cpsat,0.0594558166339993,OPTIMAL,severe_01,severe,True,,0.9,0,9,21,0,True
348.56279270071536,2,0.967224478063627,0.9,,,81,360.3742467297088,0.967224478063627,0.9114313419961874,0.649566290942012,0.7579689644732636,30,,9,3,229.8623195360124,12,0.6378433576259843,123.83577616098772,16,0.3436310371364249,0.0010046176612377,severe_01__rho_0.900,easy,0.0009838184341788,,severe_01,severe,True,,0.9,0,9,21,0,True
207.1503361715004,11,0.8941566328027583,0.9,,,81,231.67119559599087,1.0,0.9114313419961874,0.9645898108478278,0.7579689644732636,30,,9,4,231.67119559599087,10,1.0,231.5814924489896,9,0.9996127997407253,0.0004722736775875,severe_01__rho_0.900,heft,0.0004545431584119,,severe_01,severe,True,,0.9,0,9,21,0,True
207.1467211293057,11,0.8935612322671305,0.9,31.0,,81,231.82151782003348,1.0,0.9114313419961874,0.9636222294653348,0.7579689644732636,30,26.0,9,7,231.82151782003348,14,1.0,231.19686456999625,5,0.9973054561288734,8.420968024991453,severe_01__rho_0.900,replica,8.420880073681474,,severe_01,severe,True,8.341202637180686,0.9,0,9,21,0,True
84.99199999999998,13,0.3147572067668058,0.9,,,81,270.024,0.9998000177761976,0.9356869184455392,0.7346272923888247,0.876438847363666,30,,9,13,269.97,5,0.9998000177761976,240.13900000000007,12,0.8893246526234707,0.0435906574130058,severe_02__rho_0.900,cpsat,0.0431471131742,OPTIMAL,severe_02,severe,True,,0.9,0,9,21,0,True
338.9518655659631,1,0.9663264276246653,0.9,,,81,350.76331959495656,0.9663264276246653,0.9356869184455392,0.666477361048721,0.876438847363666,30,,9,1,89.39645536305034,12,0.2548626106808453,272.979113859994,17,0.7782430448406527,0.0009278981015086,severe_02__rho_0.900,easy,0.0009018080309033,,severe_02,severe,True,,0.9,0,9,21,0,True
82.07393316179514,11,0.3019573057822857,0.9,,,81,271.8064163049967,0.9996734912067092,0.9356869184455392,0.7380852266850608,0.876438847363666,30,,9,10,271.7176691200002,4,0.9996734912067092,248.05729889698705,15,0.9126248830661874,0.0004709642380475,severe_02__rho_0.900,heft,0.0004521533846855,,severe_02,severe,True,,0.9,0,9,21,0,True
79.7517194505781,12,0.2953500472318587,0.9,31.0,,81,270.024400530976,0.9996713364243308,0.9356869184455392,0.7329231592158063,0.876438847363666,30,26.0,9,8,269.9356533459795,4,0.9996713364243308,244.03403731099388,14,0.9037480939912296,8.222534539178014,severe_02__rho_0.900,replica,8.22247174847871,,severe_02,severe,True,8.107137559913099,0.9,0,9,21,0,True
218.49599999999995,13,0.948633898761326,0.9,,,81,230.327,0.998120064082804,1.0,0.9806535925010964,0.9178236543033224,30,,9,14,229.894,9,0.998120064082804,229.22300000000004,8,0.9952068146591588,0.0860237441956996,severe_03__rho_0.900,cpsat,0.0858239121735096,OPTIMAL,severe_03,severe,True,,0.9,0,9,21,0,True
174.50915584620088,6,0.6681882280490792,0.9,,,81,261.1676598310005,1.0,1.0,0.8337513544504382,0.9178236543033224,30,,9,5,217.56985469104256,12,0.8330658353022357,261.1676598310005,12,1.0,0.0010053375735878,severe_03__rho_0.900,easy,0.0009856484830379,,severe_03,severe,True,,0.9,0,9,21,0,True
210.67808512970805,8,0.90695094142887,0.9,,,81,232.29270240107144,0.9998793572776554,1.0,0.968084115961534,0.9178236543033224,30,,9,7,232.264677977073,9,0.9998793572776554,231.6938632379897,13,0.9974220491780764,0.0004804544150829,severe_03__rho_0.900,heft,0.0004627741873264,,severe_03,severe,True,,0.9,0,9,21,0,True
210.85699055995792,11,0.9082935573454252,0.9,31.0,,81,232.14630210106043,0.9998650092992476,1.0,0.9693017730633996,0.9178236543033224,30,26.0,9,7,232.1149645090627,11,0.9998650092992476,232.08751164098797,8,0.9997467525455268,8.286351564340293,severe_03__rho_0.900,replica,8.286279574036598,,severe_03,severe,True,8.124575738795102,0.9,0,9,21,0,True
197.17400000000004,12,0.8456016056540984,0.9,,,81,233.176,1.0,0.9329501915708812,0.9485152845918964,0.7916768423266771,30,,9,13,233.163,8,0.9999442481215908,233.176,10,1.0,0.0894663231447339,severe_04__rho_0.900,cpsat,0.0889984387904405,OPTIMAL,severe_04,severe,True,,0.9,0,9,21,0,True
348.56279270071536,2,0.967224478063627,0.9,,,81,360.3742467297088,0.967224478063627,0.9329501915708812,0.649566290942012,0.7916768423266771,30,,9,3,229.8623195360124,12,0.6378433576259843,123.83577616098772,16,0.3436310371364249,0.0009446265175938,severe_04__rho_0.900,easy,0.0009192069992423,,severe_04,severe,True,,0.9,0,9,21,0,True
188.22056812606752,8,0.7939127565014741,0.9,,,81,237.07966219801887,0.9998689403650431,0.9329501915708812,0.9281090933431234,0.7916768423266771,30,,9,10,237.0485906240356,7,0.9998689403650431,234.83821224798885,15,0.990545583162853,0.0004822546616196,severe_04__rho_0.900,heft,0.0004639029502868,,severe_04,severe,True,,0.9,0,9,21,0,True
194.47730816621333,13,0.8317404696175645,0.9,31.0,,81,233.81970130133777,0.9999373413092696,0.9329501915708812,0.9438136189045576,0.7916768423266771,30,24.0,9,13,233.7642967379943,5,0.9997630457868388,233.8050504649873,12,0.9999373413092696,7.794465602375567,severe_04__rho_0.900,replica,7.794402990490198,,severe_04,severe,True,7.6186102740466595,0.9,0,9,21,0,True
215.18600000000004,11,0.9392011033712182,0.9,,,81,229.116,1.0,0.9501915708812262,0.979626040957419,0.7882855107945372,30,,9,8,229.042,13,0.9996770195010388,229.116,6,1.0,0.0928160110488534,severe_05__rho_0.900,cpsat,0.0926160998642444,OPTIMAL,severe_05,severe,True,,0.9,0,9,21,0,True
361.3146531954408,7,0.938550412887828,0.9,,,81,384.9709597204383,0.938550412887828,0.9501915708812262,0.6109472786231239,0.7882855107945372,30,,9,2,220.4404512139736,7,0.572615792562782,123.83577616098772,16,0.3216756304187618,0.0010295873507857,severe_05__rho_0.900,easy,0.0010103182867169,,severe_05,severe,True,,0.9,0,9,21,0,True
213.99582343827933,10,0.9338897328519552,0.9,,,81,229.1446365779921,1.0,0.9501915708812262,0.9779478790410556,0.7882855107945372,30,,9,4,229.13407398897107,13,0.9999539042712116,229.1446365779921,7,1.0,0.0004848642274737,severe_05__rho_0.900,heft,0.0004665041342377,,severe_05,severe,True,,0.9,0,9,21,0,True
214.1147645348683,12,0.934523090761126,0.9,31.0,,81,229.11661215399363,1.0,0.9501915708812262,0.9781396183427068,0.7882855107945372,30,25.0,9,6,229.09273001598197,12,0.999895764266994,229.11661215399363,6,1.0,7.955220276489854,severe_05__rho_0.900,replica,7.955135366879404,,severe_05,severe,True,7.820574175566435,0.9,0,9,21,0,True
218.235,9,0.9475007272269428,0.9,,,81,230.327,0.9985412044614832,0.9318555008210182,0.9804625597520048,0.8949260498252983,30,,9,9,229.991,12,0.9985412044614832,229.255,9,0.9953457475675888,0.1471221875399351,severe_06__rho_0.900,cpsat,0.1467912746593356,OPTIMAL,severe_06,severe,True,,0.9,1,7,22,0,True
170.2918575676158,3,0.6520403700741904,0.9,,,81,261.1676598310005,1.0,0.9318555008210182,0.8306260699848501,0.8949260498252983,30,,9,5,219.33848327907617,15,0.8398378398803602,261.1676598310005,12,1.0,0.001010987907648,severe_06__rho_0.900,easy,0.0009900983422994,,severe_06,severe,True,,0.9,1,7,22,0,True
190.2137073064223,8,0.7958077760546001,0.9,,,81,239.0196640820104,0.9998688911553864,0.9318555008210182,0.9307561078383738,0.8949260498252983,30,,9,9,238.9883264900127,13,0.9998688911553864,238.20500291698767,9,0.9965916563051348,0.0004814127460122,severe_06__rho_0.900,heft,0.0004623727872967,,severe_06,severe,True,,0.9,1,7,22,0,True
204.60370684042573,10,0.8704193569703549,0.9,31.0,,81,235.06336939999164,1.0,0.9318555008210182,0.9529855411456112,0.8949260498252983,30,27.0,9,10,232.36890063306785,14,0.9885372664664784,235.06336939999164,6,1.0,8.639139556325972,severe_06__rho_0.900,replica,8.639064314775169,,severe_06,severe,True,8.530613174661994,0.9,1,7,22,0,True
217.165,11,0.9478386494177622,0.9,,,81,229.116,1.0,0.9288877389618672,0.98117838416639,0.8114774568192379,30,,9,8,228.13,13,0.9956965030814084,229.116,6,1.0,0.1299505569040775,severe_07__rho_0.900,cpsat,0.129605833441019,OPTIMAL,severe_07,severe,True,,0.9,0,9,21,0,True
348.56279270071536,2,0.967224478063627,0.9,,,81,360.3742467297088,0.967224478063627,0.9288877389618672,0.649566290942012,0.8114774568192379,30,,9,3,229.8623195360124,12,0.6378433576259843,123.83577616098772,16,0.3436310371364249,0.0010362183675169,severe_07__rho_0.900,easy,0.0010146489366889,,severe_07,severe,True,,0.9,0,9,21,0,True
202.9747606413439,9,0.8686691985400562,0.9,,,81,233.66174486499224,1.0,0.9288877389618672,0.95352487920026,0.8114774568192379,30,,9,10,231.7703556320048,13,0.9919054390607231,233.66174486499224,8,1.0,0.0004013841971755,severe_07__rho_0.900,heft,0.0003799544647336,,severe_07,severe,True,,0.9,0,9,21,0,True
200.4997970480472,8,0.8602234768136309,0.9,31.0,,81,233.07873180899696,1.0,0.9288877389618672,0.9533858476533724,0.8114774568192379,30,25.0,9,9,233.0633640300366,15,0.9999340661464858,233.07873180899696,7,1.0,7.895273587666452,severe_07__rho_0.900,replica,7.895179445855319,,severe_07,severe,True,7.787627133540809,0.9,0,9,21,0,True
179.238,14,0.762575358551414,0.9,,,81,235.043,0.9996128368000748,1.0,0.9182206376421904,0.6757368389089453,30,,9,17,234.952,7,0.9996128368000748,233.274,9,0.992473717575082,0.0840619811788201,severe_08__rho_0.900,cpsat,0.0837973281741142,OPTIMAL,severe_08,severe,True,,0.9,0,9,21,0,True
348.56279270071536,2,0.967224478063627,0.9,,,81,360.3742467297088,0.967224478063627,1.0,0.649566290942012,0.6757368389089453,30,,9,3,229.8623195360124,12,0.6378433576259843,123.83577616098772,16,0.3436310371364249,0.0010021878406405,severe_08__rho_0.900,easy,0.0009825676679611,,severe_08,severe,True,,0.9,0,9,21,0,True
179.3090345216915,15,0.7573731309610385,0.9,,,81,236.75124874599717,1.0,1.0,0.9176435058961075,0.6757368389089453,30,,9,13,235.69945450598607,8,0.995557386727284,236.75124874599717,7,1.0,0.0004786737263202,severe_08__rho_0.900,heft,0.0004598125815391,,severe_08,severe,True,,0.9,0,9,21,0,True
183.8755945758894,11,0.7759910175391356,0.9,31.0,,81,236.9558286370448,0.9998817314426928,1.0,0.9249935481802648,0.6757368389089453,30,26.0,9,9,236.92780421304636,8,0.9998817314426928,236.7444392899888,11,0.9991078955589662,8.295144793577492,severe_08__rho_0.900,replica,8.295074352063239,,severe_08,severe,True,8.204402489587665,0.9,0,9,21,0,True
180.262,9,0.7637929062027295,0.9,,,81,236.009,0.9998813604565928,0.9521072796934864,0.9206922899832916,0.8660777518501994,30,,9,14,235.981,9,0.9998813604565928,235.632,12,0.9984026032905524,0.0932358065620064,severe_09__rho_0.900,cpsat,0.0929274139925837,OPTIMAL,severe_09,severe,True,,0.9,0,9,21,0,True
170.2918575676158,3,0.6520403700741904,0.9,,,81,261.1676598310005,1.0,0.9521072796934864,0.8306260699848501,0.8660777518501994,30,,9,5,219.33848327907617,15,0.8398378398803602,261.1676598310005,12,1.0,0.0010055182501673,severe_09__rho_0.900,easy,0.0009757280349731,,severe_09,severe,True,,0.9,0,9,21,0,True
174.33610538579524,10,0.7203556894522962,0.9,,,81,242.01392164799472,1.0,0.9521072796934864,0.9062140903486484,0.8660777518501994,30,,9,12,241.59925054005,11,0.9982865815936496,242.01392164799472,9,1.0,0.0004480341449379,severe_09__rho_0.900,heft,0.0004228129982948,,severe_09,severe,True,,0.9,0,9,21,0,True
187.1155151128769,13,0.7874422301679552,0.9,31.0,,81,237.6244350940724,0.9998681213403608,0.9521072796934864,0.9287921330057712,0.8660777518501994,30,25.0,9,12,237.59309750207467,11,0.9998681213403608,237.4025051609933,6,0.999066047508998,7.987566041760147,severe_09__rho_0.900,replica,7.987488452345133,,severe_09,severe,True,7.844616677612066,0.9,0,9,21,0,True
225.914,18,0.985886850419816,0.9,,,81,229.148,0.9996945205718576,0.9588122605363985,0.9878564653993634,0.808131656920387,30,,9,3,224.104,7,0.9779880252064168,229.078,5,0.9996945205718576,0.1146572614088654,severe_10__rho_0.900,cpsat,0.1143491202965378,OPTIMAL,severe_10,severe,True,,0.9,0,9,21,0,True
361.3146531954408,7,0.9382244674454115,0.9,,,81,385.1047012014351,0.9382244674454115,0.9588122605363985,0.6096890498617827,0.808131656920387,30,,9,7,235.91451823199168,14,0.6125983855714939,107.1531866909936,9,0.2782442965684427,0.0010202387347817,severe_10__rho_0.900,easy,0.0010002078488469,,severe_10,severe,True,,0.9,0,9,21,0,True
222.7601457554847,18,0.972120942118396,0.9,,,81,229.14859263298783,0.9996943938115014,0.9588122605363985,0.9853856608862336,0.808131656920387,30,,9,4,225.56050301794312,7,0.984341646728804,229.07856340499347,5,0.9996943938115014,0.0005184737965464,severe_10__rho_0.900,heft,0.000498192384839,,severe_10,severe,True,,0.9,0,9,21,0,True
224.99146406911316,15,0.9784057845307184,0.9,31.0,,81,229.9572096019729,0.9963373776693636,0.9588122605363985,0.9838604424577486,0.808131656920387,30,26.0,9,6,224.63097869593184,9,0.976838165173164,229.11496319099388,6,0.9963373776693636,8.408904156647623,severe_10__rho_0.900,replica,8.408819986507297,,severe_10,severe,True,8.191935943439603,0.9,0,9,21,0,True
215.771,14,0.94136817765368,0.9,,,81,229.21,1.0,0.94211679376696,0.9804051597516108,0.8441539735184359,30,,9,11,229.21,8,1.0,229.175,8,0.9998473016011518,0.0878310333937406,severe_11__rho_0.900,cpsat,0.0872213682159781,OPTIMAL,severe_11,severe,True,,0.9,0,9,21,0,True
355.3030026769265,4,0.9678262356242344,0.9,,,81,367.11445670592,0.9678262356242344,0.94211679376696,0.6407085772645547,0.8441539735184359,30,,9,3,226.5013649099856,10,0.6169775141582787,123.83577616098772,16,0.3373219820111507,0.0010577589273452,severe_11__rho_0.900,easy,0.0010303873568773,,severe_11,severe,True,,0.9,0,9,21,0,True
216.541848375462,9,0.9218050315704904,0.9,,,81,234.9106817159991,1.0,0.94211679376696,0.9504974724127622,0.8441539735184359,30,,9,5,218.39349754998693,15,0.929687385667796,234.9106817159991,6,1.0,0.000395392999053,severe_11__rho_0.900,heft,0.0003752931952476,,severe_11,severe,True,,0.9,0,9,21,0,True
211.26943760272115,10,0.9147498215316596,0.9,31.0,,81,230.9587087417749,0.9984377066327004,0.94211679376696,0.9692622883044728,0.8441539735184359,30,26.0,9,7,230.59788348298756,12,0.9984377066327004,229.71137853098844,8,0.9945993367490592,8.33283016923815,severe_11__rho_0.900,replica,8.332752439193428,,severe_11,severe,True,8.158529924228787,0.9,0,9,21,0,True
217.341,13,0.925209654761398,0.9,,,81,234.91,1.0,0.9952107279693488,0.9588991528670556,0.8285436696075088,30,,9,1,223.514,11,0.9514878038397684,234.91,6,1.0,0.0396893871948123,severe_12__rho_0.900,cpsat,0.0392534118145704,OPTIMAL,severe_12,severe,True,,0.9,2,5,23,0,True
361.3146531954408,7,0.938550412887828,0.9,,,81,384.9709597204383,0.938550412887828,0.9952107279693488,0.6103637014251001,0.8285436696075088,30,,9,3,222.23171557698515,10,0.5772687782433444,121.37053097599346,13,0.3152719131441276,0.0009562876075506,severe_12__rho_0.900,easy,0.0009287577122449,,severe_12,severe,True,,0.9,2,5,23,0,True
66.78594649676234,12,0.1629221413661592,0.9,,,81,409.925538276988,0.9755560736515732,0.9952107279693488,0.4781858908291183,0.8285436696075088,30,,9,3,399.9053486110061,5,0.9755560736515732,121.37053097599346,13,0.2960794574696223,0.0004885736852884,severe_12__rho_0.900,heft,0.0004707537591457,,severe_12,severe,True,,0.9,2,5,23,0,True
216.8612856287509,14,0.9231648558703284,0.9,31.0,,81,234.9106817159991,1.0,0.9952107279693488,0.9589037206756438,0.8285436696075088,30,27.0,9,7,223.99821282702032,10,0.9535463061566029,234.9106817159991,6,1.0,8.538863423280418,severe_12__rho_0.900,replica,8.538780151866376,,severe_12,severe,True,8.398345824331045,0.9,2,5,23,0,True
63.43799999999999,15,0.2349346724735578,0.9,,,81,270.024,0.9996703996681774,0.9875478927203064,0.724450419221995,0.8526783067473408,30,,9,12,269.93499999999995,4,0.9996703996681774,253.4840000000001,11,0.93874618552425,0.0346163948997855,severe_13__rho_0.900,cpsat,0.0344187524169683,OPTIMAL,severe_13,severe,True,,0.9,0,9,21,0,True
337.27892456389964,1,0.9344583058472034,0.9,,,81,360.9352310888971,0.9344583058472034,0.9875478927203064,0.6517376858186963,0.8526783067473408,30,,9,1,89.39645536305034,12,0.2476800480057107,279.0298967939925,17,0.7730747036031748,0.0009852983057498,severe_13__rho_0.900,easy,0.0009658383205533,,severe_13,severe,True,,0.9,0,9,21,0,True
54.78667985834181,12,0.2015650719476215,0.9,,,81,271.8064163049967,0.9996734912067092,0.9875478927203064,0.7247796686290199,0.8526783067473408,30,,9,11,271.7176691200002,4,0.9996734912067092,264.49494404398865,14,0.9731004427327288,0.0004049530252814,severe_13__rho_0.900,heft,0.0003832532092928,,severe_13,severe,True,,0.9,0,9,21,0,True
56.31889284495264,10,0.2085696430922804,0.9,31.0,,81,270.024400530976,0.9996713364243308,0.9875478927203064,0.7209220628364771,0.8526783067473408,30,27.0,9,10,269.9356533459795,4,0.9996713364243308,257.74509734999083,16,0.95452520899282,8.58779033832252,severe_13__rho_0.900,replica,8.58772842772305,,severe_13,severe,True,8.501437024213374,0.9,0,9,21,0,True
209.064,10,0.8899748839981271,0.9,,,81,234.91,1.0,0.9556932825062092,0.9545584833908022,0.8616179922087926,30,,9,10,228.732,14,0.9737005661742796,234.91,6,1.0,0.0659807343035936,severe_14__rho_0.900,cpsat,0.0655547901988029,OPTIMAL,severe_14,severe,True,,0.9,1,7,22,0,True
348.56279270071536,2,0.967224478063627,0.9,,,81,360.3742467297088,0.967224478063627,0.9556932825062092,0.6587784054696134,0.8616179922087926,30,,9,3,33.44022039702395,16,0.092793035852268,330.2173018009926,12,0.9163177024929452,0.0010557090863585,severe_14__rho_0.900,easy,0.001030558720231,,severe_14,severe,True,,0.9,1,7,22,0,True
211.85892996843904,11,0.9018701423912728,0.9,,,81,234.9106817159991,1.0,0.9556932825062092,0.9474651398862278,0.8616179922087926,30,,9,8,220.9394340540166,13,0.9405252772674112,234.9106817159991,6,1.0,0.0004808232188224,severe_14__rho_0.900,heft,0.0004624836146831,,severe_14,severe,True,,0.9,1,7,22,0,True
211.7872871402651,10,0.901565163376906,0.9,31.0,,81,234.9106817159991,1.0,0.9556932825062092,0.9474196816366768,0.8616179922087926,30,25.0,9,6,220.97904099701557,14,0.9406938815331244,234.9106817159991,6,1.0,8.05385619495064,severe_14__rho_0.900,replica,8.053791815415025,,severe_14,severe,True,7.890676839277148,0.9,1,7,22,0,True
216.253,14,0.9433640440419482,0.9,,,81,229.236,1.0,0.9706609068793116,0.9810399181047772,0.9481628751375474,30,,9,15,229.236,8,1.0,229.18,8,0.9997557102723832,0.0878565842285752,severe_15__rho_0.900,cpsat,0.0876282015815377,OPTIMAL,severe_15,severe,True,,0.9,0,9,21,0,True
348.56279270071536,2,0.967224478063627,0.9,,,81,360.3742467297088,0.967224478063627,0.9706609068793116,0.649566290942012,0.9481628751375474,30,,9,3,229.8623195360124,12,0.6378433576259843,123.83577616098772,16,0.3436310371364249,0.0010117385536432,severe_15__rho_0.900,easy,0.0009927786886692,,severe_15,severe,True,,0.9,0,9,21,0,True
208.20198437199,11,0.896408323118926,0.9,,,81,232.26244000901352,0.9978397622318904,0.9706609068793116,0.963088380639526,0.9481628751375474,30,,9,12,231.1050894090149,13,0.9950170565677616,231.7606979139928,6,0.9978397622318904,0.0004797438159584,severe_15__rho_0.900,heft,0.0004614545032382,,severe_15,severe,True,,0.9,0,9,21,0,True
208.196694993414,11,0.8989625372688332,0.9,31.0,,81,231.5966309630021,1.0,0.9706609068793116,0.9657454683693908,0.9481628751375474,30,25.0,9,10,231.5966309630021,14,1.0,231.19686456999625,5,0.9982738678393396,7.920042199082673,severe_15__rho_0.900,replica,7.919938287697732,,severe_15,severe,True,7.817423765547574,0.9,0,9,21,0,True
64.273,13,0.2380269901934642,0.9,,,81,270.024,0.9996703996681774,1.0,0.7192792739410817,0.8308510498897889,30,,9,10,269.93499999999995,4,0.9996703996681774,248.4600000000001,13,0.9201404319616036,0.0475985025987029,severe_16__rho_0.900,cpsat,0.047370639629662,OPTIMAL,severe_16,severe,True,,0.9,0,9,21,0,True
25.638732395134863,7,0.0793084499765803,0.9,,,81,323.27869732299587,1.0,1.0,0.603140941500325,0.8308510498897889,30,,9,4,236.03042389304028,11,0.7301143745243949,323.27869732299587,12,1.0,0.0012212907895445,severe_16__rho_0.900,easy,0.0011955294758081,,severe_16,severe,True,,0.9,0,9,21,0,True
67.41808838304132,14,0.2480371482746412,0.9,,,81,271.8064163049967,0.9996734912067092,1.0,0.7254809440740863,0.8308510498897889,30,,9,11,271.7176691200002,4,0.9996734912067092,252.43536901598785,12,0.9287321927409086,0.0004103733226656,severe_16__rho_0.900,heft,0.0003883736208081,,severe_16,severe,True,,0.9,0,9,21,0,True
68.16153242718428,14,0.2524273076549802,0.9,31.0,,81,270.024400530976,0.9996713364243308,1.0,0.7208598864335672,0.8308510498897889,30,24.0,9,10,269.9356533459795,4,0.9996713364243308,245.8520903299905,12,0.9104810152213908,7.6254724860191345,severe_16__rho_0.900,replica,7.625384614802897,,severe_16,severe,True,7.570785059593618,0.9,0,9,21,0,True
48.676000000000016,11,0.1797734550141637,0.9,,,81,270.763,0.9966908329424624,0.9452654625068418,0.7100182324271288,0.8581781255098211,30,,9,15,269.867,8,0.9966908329424624,258.19699999999995,11,0.95359040932476,0.0509921601042151,severe_17__rho_0.900,cpsat,0.0507909590378403,OPTIMAL,severe_17,severe,True,,0.9,1,7,22,0,True
348.56279270071536,2,0.967224478063627,0.9,,,81,360.3742467297088,0.967224478063627,0.9452654625068418,0.649566290942012,0.8581781255098211,30,,9,3,229.8623195360124,12,0.6378433576259843,123.83577616098772,16,0.3436310371364249,0.0010053878650069,severe_17__rho_0.900,easy,0.0009798388928174,,severe_17,severe,True,,0.9,1,7,22,0,True
57.1862482232973,7,0.2094058026252052,0.9,,,81,273.0881738060016,0.9998852473486458,0.9452654625068418,0.7172179634146295,0.8581781255098211,30,,9,9,273.05683621400385,7,0.9998852473486458,257.34814711198123,16,0.9423628402700372,0.0003739641979336,severe_17__rho_0.900,heft,0.0003539929166436,,severe_17,severe,True,,0.9,1,7,22,0,True
57.27294341381639,8,0.2110847426997419,0.9,31.0,,81,271.3267793839768,0.9998967133872224,0.9452654625068418,0.7122930614714225,0.8581781255098211,30,24.0,9,10,271.2987549599784,7,0.9998967133872224,251.22084866598743,15,0.9258977283273028,7.576555206440389,severe_17__rho_0.900,replica,7.576495875604451,,severe_17,severe,True,7.509946601465344,0.9,1,7,22,0,True
212.095,15,0.9199163771529196,0.9,,,81,230.559,1.0,0.9277281439504048,0.9721951141934748,0.8084180250190475,30,,9,8,229.79100000000005,10,0.9966689654275046,230.559,5,1.0,0.0570894116535782,severe_18__rho_0.900,cpsat,0.056849249638617,OPTIMAL,severe_18,severe,True,,0.9,0,9,21,0,True
36.0876690344885,5,0.1116302105066712,0.9,,,81,323.27869732299587,1.0,0.9277281439504048,0.6023747544921864,0.8084180250190475,30,,9,5,224.838411439996,13,0.6954940529698876,323.27869732299587,12,1.0,0.0010597193613648,severe_18__rho_0.900,easy,0.0010386779904365,,severe_18,severe,True,,0.9,0,9,21,0,True
211.89928086288276,12,0.9179696032381944,0.9,,,81,230.8347467229796,0.9998642423099529,0.9277281439504048,0.9710416619930108,0.8084180250190475,30,,9,7,230.8034091309819,9,0.9998642423099529,229.74777831698884,9,0.9952911404308848,0.0004982436075806,severe_18__rho_0.900,heft,0.0004797438159584,,severe_18,severe,True,,0.9,0,9,21,0,True
211.95612498000264,13,0.9182158578334272,0.9,31.0,,81,230.8347467229796,0.9998642423099529,0.9277281439504048,0.9710790784918834,0.8084180250190475,30,25.0,9,8,230.8034091309819,9,0.9998642423099529,229.71684528399052,8,0.9951571353322702,7.990585124120116,severe_18__rho_0.900,replica,7.990511764772236,,severe_18,severe,True,7.913430485874414,0.9,0,9,21,0,True
349.519,6,0.9964534457739272,0.9,,,81,350.763,0.9964534457739272,1.0,0.6585187149157693,0.9174760037807624,30,,9,12,318.826,11,0.908949917750732,24.60699999999997,13,0.0701527812226488,0.0705626020208001,severe_19__rho_0.900,cpsat,0.0700934482738375,OPTIMAL,severe_19,severe,True,,0.9,0,9,21,0,True
361.3146531954408,7,0.93744129101752,0.9,,,81,385.4264332684361,0.93744129101752,1.0,0.6106227185726427,0.9174760037807624,30,,9,6,244.44457423695712,10,0.6342184996603748,100.29118204399128,13,0.2602083650400333,0.0010895887389779,severe_19__rho_0.900,easy,0.0010639186948537,,severe_19,severe,True,,0.9,0,9,21,0,True
338.9518655659631,1,0.9663264276246653,0.9,,,81,350.76331959495656,0.9663264276246653,1.0,0.6726477649955936,0.9174760037807624,30,,9,8,230.228909241996,11,0.656365407614036,138.6397140959889,18,0.39525145974808,0.0005009043961763,severe_19__rho_0.900,heft,0.0004818933084607,,severe_19,severe,True,,0.9,0,9,21,0,True
338.9518655659631,1,0.9663264276246653,0.9,31.0,,81,350.76331959495656,0.9663264276246653,1.0,0.672638963397803,0.9174760037807624,30,24.0,9,11,230.11587854402023,8,0.6560431655446363,138.74348296098833,21,0.3955472970241078,7.744041360914707,severe_19__rho_0.900,replica,7.743961619213223,,severe_19,severe,True,7.651973067782819,0.9,0,9,21,0,True
54.437,7,0.2016005984653215,0.9,,,81,270.024,0.9996703996681774,1.0,0.7142772494296804,0.900959815329505,30,,9,9,269.93499999999995,4,0.9996703996681774,254.24400000000009,19,0.941560750155542,0.0499755218625068,severe_20__rho_0.900,cpsat,0.0497546717524528,OPTIMAL,severe_20,severe,True,,0.9,0,9,21,0,True
348.56279270071536,2,0.967224478063627,0.9,,,81,360.3742467297088,0.967224478063627,1.0,0.649566290942012,0.900959815329505,30,,9,3,229.8623195360124,12,0.6378433576259843,123.83577616098772,16,0.3436310371364249,0.0010416386649012,severe_20__rho_0.900,easy,0.0010216776281595,,severe_20,severe,True,,0.9,0,9,21,0,True
39.46102667413652,10,0.1461387437451591,0.9,,,81,270.024400530976,0.9996713364243308,1.0,0.7075864170509224,0.900959815329505,30,,9,10,269.9356533459795,4,0.9996713364243308,263.80011424399345,16,0.9769491709832776,0.0006565749645233,severe_20__rho_0.900,heft,0.0006373943760991,,severe_20,severe,True,,0.9,0,9,21,0,True
53.29314332921058,9,0.1973641760685884,0.9,31.0,,81,270.024400530976,0.9996713364243308,1.0,0.7139636040235491,0.900959815329505,30,27.0,9,8,269.9356533459795,4,0.9996713364243308,255.13398585699176,17,0.9448552995777282,8.61229301802814,severe_20__rho_0.900,replica,8.612212747335434,,severe_20,severe,True,8.516384203918278,0.9,0,9,21,0,True
360.024,11,0.9999388966965332,0.8,,,72,360.046,0.9999388966965332,1.0,0.6697847867587291,0.8145194076158826,30,,18,13,3.8510000000001696,7,0.0106958555295716,359.585,12,0.9987196080500824,0.0453030224889516,high_01__rho_0.800,cpsat,0.0450170207768678,OPTIMAL,high_01,high,True,,0.8,0,18,12,0,True
505.1470880452544,5,0.9552644578913444,0.8,,,72,528.8033945702518,0.9552644578913444,1.0,0.4999956181704048,0.8145194076158826,30,,18,6,3.737857955042273,5,0.0070685211052397,284.313194475988,20,0.5376538755146301,0.000967557542026,high_01__rho_0.800,easy,0.0009472975507378,,high_01,high,True,,0.8,0,18,12,0,True
360.2608009027317,8,0.9897318294196968,0.8,,,72,363.9983985500003,1.0,1.0,0.6668991473440626,0.8145194076158826,30,,18,17,3.991465430066455,11,0.0109656126124911,363.9983985500003,11,1.0,0.0003495514392852,high_01__rho_0.800,heft,0.000331331975758,,high_01,high,True,,0.8,0,18,12,0,True
360.7941748369485,7,0.9929312580651236,0.8,31.0,,72,363.362691934999,1.0,1.0,0.6679720183750276,0.8145194076158826,30,22.0,18,14,3.991465430066455,11,0.0109847970599592,363.362691934999,12,1.0,7.085062366910279,high_01__rho_0.800,replica,7.084989636205137,,high_01,high,True,6.967207357287407,0.8,0,18,12,0,True
358.743,4,0.9998439237567552,0.8,,,72,358.799,0.9998439237567552,1.0,0.6453009437967591,0.8065477672910242,30,,18,14,333.5849999999999,19,0.9297266714790172,2.272000000000048,7,0.0063322361545044,0.0396101577207446,high_02__rho_0.800,cpsat,0.0393973775207996,OPTIMAL,high_02,high,True,,0.8,0,18,12,0,True
508.4252384984866,7,0.9547228094345918,0.8,,,72,532.5370185714819,0.9547228094345918,1.0,0.4891071636012328,0.8065477672910242,30,,18,15,269.04760690798867,12,0.5052185998819436,3.9301665919883817,11,0.007380081487163,0.0009024171158671,high_02__rho_0.800,easy,0.0008805962279438,,high_02,high,True,,0.8,0,18,12,0,True
358.6883974894881,3,0.9996912572491784,0.8,,,72,358.7991741335027,0.9996912572491784,1.0,0.6452661266253966,0.8065477672910242,30,,18,16,333.4570128740743,16,0.929369510616546,2.417449624987057,11,0.0067376120104656,0.0003599524497985,high_02__rho_0.800,heft,0.0003420831635594,,high_02,high,True,,0.8,0,18,12,0,True
358.6883974894881,3,0.9996912572491784,0.8,31.0,,72,358.7991741335027,0.9996912572491784,1.0,0.6456766723185838,0.8065477672910242,30,24.0,18,16,331.8227774890547,15,0.9248147749793578,4.493595376985468,12,0.0125239847272153,7.69969929382205,high_02__rho_0.800,replica,7.699612881056964,,high_02,high,True,7.603137521073222,0.8,0,18,12,0,True
356.998,7,0.9998375604947124,0.8,,,72,357.056,0.9999887972754976,0.8923782156540777,0.6784883416980342,0.7494125408144083,30,,18,16,12.724999999999966,10,0.035638667323893,357.052,13,0.9999887972754976,0.0843370277434587,high_03__rho_0.800,cpsat,0.0841331370174884,OPTIMAL,high_03,high,True,,0.8,0,18,12,0,True
515.1778798503801,8,0.9560972426710184,0.8,,,72,538.8341863753776,0.9560972426710184,0.8923782156540777,0.4931645328185236,0.7494125408144083,30,,18,4,0.5588621600181796,3,0.0010371690849415,281.46498736098874,19,0.5223591866996108,0.0009170770645141,high_03__rho_0.800,easy,0.0008979374542832,,high_03,high,True,,0.8,0,18,12,0,True
356.29417138546705,8,0.9960626961487616,0.8,,,72,357.7025550329963,1.0,0.8923782156540777,0.6771638558200421,0.7494125408144083,30,,18,13,12.672997790010411,9,0.0354288713113648,357.7025550329963,13,1.0,0.000355202704668,high_03__rho_0.800,heft,0.000336761586368,,high_03,high,True,,0.8,0,18,12,0,True
356.35803490132093,7,0.9967617920633142,0.8,31.0,,72,357.5157452249987,1.0,0.8923782156540777,0.6774030585786607,0.7494125408144083,30,23.0,18,12,12.672997790010411,9,0.0354473836726681,357.5157452249987,14,1.0,7.392404299229383,high_03__rho_0.800,replica,7.392322897911072,,high_03,high,True,7.313204992562532,0.8,0,18,12,0,True
235.336,17,0.9995710105038716,0.8,,,72,235.437,1.0,0.9418033570636576,0.953997601623081,0.819578622469285,30,,18,10,203.046,7,0.8624217943653716,235.437,6,1.0,0.1467618606984615,high_04__rho_0.800,cpsat,0.1465066000819206,OPTIMAL,high_04,high,True,,0.8,0,18,12,0,True
362.9875941975042,7,0.9684859017521956,0.8,,,72,374.7990482264977,0.9684859017521956,0.9418033570636576,0.6301197591109449,0.819578622469285,30,,18,3,70.10039090897772,3,0.1870346022506834,275.4168728439945,20,0.7348387733299557,0.0011528292670845,high_04__rho_0.800,easy,0.0011290591210126,,high_04,high,True,,0.8,0,18,12,0,True
235.2387171620503,15,0.977244353945199,0.8,,,72,240.71637376299623,1.0,0.9418033570636576,0.942822284125755,0.819578622469285,30,,18,12,204.90319308804465,9,0.8512224984320659,240.71637376299623,6,1.0,0.0005453834310173,high_04__rho_0.800,heft,0.000522973947227,,high_04,high,True,,0.8,0,18,12,0,True
239.0450248550624,11,0.9998706142044916,0.8,31.0,,72,239.07595788806063,0.9998706142044916,0.9418033570636576,0.9515205837156758,0.819578622469285,30,26.0,18,13,204.9432860260422,10,0.8572308476204037,238.4687741249909,9,0.9974602893221324,8.286510075442493,high_04__rho_0.800,replica,8.28643590491265,,high_04,high,True,8.18147440161556,0.8,0,18,12,0,True
45.48200000000005,9,0.1684368796847689,0.8,,,72,270.024,0.9998148312742572,0.921300422231329,0.7156228088367454,0.8040302834404428,30,,18,14,269.974,5,0.9998148312742572,264.25000000000006,16,0.9786167155512104,0.0556527394801378,high_05__rho_0.800,cpsat,0.0554545065388083,OPTIMAL,high_05,high,True,,0.8,0,18,12,0,True
0.0,0,0.0,0.8,,,72,313.0008118990554,0.9244209419730618,0.921300422231329,0.6052959828012145,0.8040302834404428,30,,18,1,289.3445053740579,13,0.9244209419730618,279.0298967939925,17,0.8914670064305817,0.0010068081319332,high_05__rho_0.800,easy,0.0009866775944828,,high_05,high,True,,0.8,0,18,12,0,True
45.35929409693927,7,0.1668808805677389,0.8,,,72,271.8064163049967,0.9996734912067092,0.921300422231329,0.7204679915364293,0.8040302834404428,30,,18,10,271.7176691200002,4,0.9996734912067092,270.4065053089871,19,0.99484960283484,0.0003602029755711,high_05__rho_0.800,heft,0.0003393730148673,,high_05,high,True,,0.8,0,18,12,0,True
45.480878063477576,9,0.1684324748950242,0.8,31.0,,72,270.024400530976,0.9996713364243308,0.921300422231329,0.7156178803391101,0.8040302834404428,30,24.0,18,13,269.9356533459795,4,0.9996713364243308,264.28633603399066,17,0.9787498296979756,7.661866404116154,high_05__rho_0.800,replica,7.661787241697311,,high_05,high,True,7.554162807762623,0.8,0,18,12,0,True
62.596,8,0.2318164311320475,0.8,,,72,270.024,0.9996703996681774,0.8509071799312641,0.7246812629000878,0.7428193641044082,30,,18,12,269.93499999999995,4,0.9996703996681774,254.51300000000003,18,0.9425569579000388,0.0496579408645629,high_06__rho_0.800,cpsat,0.0494709489867091,OPTIMAL,high_06,high,True,,0.8,0,18,12,0,True
337.27892456389964,1,0.9344583058472034,0.8,,,72,360.9352310888971,0.9344583058472034,0.8509071799312641,0.6517376858186963,0.7428193641044082,30,,18,1,89.39645536305034,12,0.2476800480057107,279.0298967939925,17,0.7730747036031748,0.0008668275550007,high_06__rho_0.800,easy,0.0008480865508317,,high_06,high,True,,0.8,0,18,12,0,True
52.73523438535631,6,0.1940176214463663,0.8,,,72,271.8064163049967,0.9996734912067092,0.8509071799312641,0.7242839092800365,0.7428193641044082,30,,18,11,271.7176691200002,4,0.9996734912067092,266.1421378009836,20,0.979160615187034,0.0003693029284477,high_06__rho_0.800,heft,0.0003517512232065,,high_06,high,True,,0.8,0,18,12,0,True
66.13782540056854,8,0.2449327737438362,0.8,31.0,,72,270.024400530976,0.9996713364243308,0.8509071799312641,0.7264284783762563,0.7428193641044082,30,25.0,18,13,269.9356533459795,4,0.9996713364243308,252.386764459985,18,0.9346813249606024,8.003658952191472,high_06__rho_0.800,replica,8.00359768141061,,high_06,high,True,7.904178971424699,0.8,0,18,12,0,True
50.23499999999999,8,0.1860390187538884,0.8,,,72,270.024,0.9998000177761976,0.8559786111487506,0.7128428090342588,0.7515368918976459,30,,18,13,269.97,5,0.9998000177761976,257.2490000000001,17,0.95268939057269,0.042210160754621,high_07__rho_0.800,cpsat,0.0420173201709985,OPTIMAL,high_07,high,True,,0.8,0,18,12,0,True
348.56279270071536,2,0.967224478063627,0.8,,,72,360.3742467297088,0.967224478063627,0.8559786111487506,0.649566290942012,0.7515368918976459,30,,18,3,229.8623195360124,12,0.6378433576259843,123.83577616098772,16,0.3436310371364249,0.0009040674194693,high_07__rho_0.800,easy,0.0008850768208503,,high_07,high,True,,0.8,0,18,12,0,True
56.359362808056176,5,0.2087195182999429,0.8,,,72,270.024400530976,0.9996713364243308,0.8559786111487506,0.7156023246801898,0.7515368918976459,30,,18,8,269.9356533459795,4,0.9996713364243308,253.3952500669875,21,0.9384161193162954,0.0004435339942574,high_07__rho_0.800,heft,0.0004251645877957,,high_07,high,True,,0.8,0,18,12,0,True
60.96683961991221,8,0.2257827051926678,0.8,31.0,,72,270.024400530976,0.9996713364243308,0.8559786111487506,0.7177479989049869,0.7515368918976459,30,26.0,18,10,269.9356533459795,4,0.9996713364243308,250.52592644398828,18,0.927789955097962,8.346803857944906,high_07__rho_0.800,replica,8.346708226948977,,high_07,high,True,8.15904320962727,0.8,0,18,12,0,True
13.936000000000035,11,0.0503584643848289,0.8,,,72,276.736,0.9998988205365404,0.8962096332785987,0.6828023820536541,0.7765280643167504,30,,18,16,276.708,8,0.9998988205365404,276.224,11,0.9981498612395928,0.0777466893196106,high_08__rho_0.800,cpsat,0.0772524550557136,OPTIMAL,high_08,high,True,,0.8,0,18,12,0,True
0.0,0,0.0,0.8,,,72,313.0008118990554,0.9244209419730618,0.8962096332785987,0.6052959828012145,0.7765280643167504,30,,18,1,289.3445053740579,13,0.9244209419730618,279.0298967939925,17,0.8914670064305817,0.0009652972221374,high_08__rho_0.800,easy,0.0009398888796567,,high_08,high,True,,0.8,0,18,12,0,True
10.806332361884415,10,0.038411756755642,0.8,,,72,281.3287720899971,1.0,0.8962096332785987,0.6789876315667488,0.7765280643167504,30,,18,13,280.92116550702485,12,0.9985511379446044,281.3287720899971,8,1.0,0.000357843004167,high_08__rho_0.800,heft,0.0003399932757019,,high_08,high,True,,0.8,0,18,12,0,True
10.432517713867128,4,0.0374637233039227,0.8,31.0,,72,278.4698581407356,0.9983693888282232,0.8962096332785987,0.6767789958104621,0.7765280643167504,30,26.0,18,12,278.0157820790482,14,0.9983693888282232,276.93935307499123,12,0.9945038752992402,8.291144100949168,high_08__rho_0.800,replica,8.29107172973454,,high_08,high,True,8.178973071277142,0.8,0,18,12,0,True
230.331,19,0.9805074283768253,0.8,,,72,234.91,1.0,0.8415738676309013,0.9612319611766208,0.770661562605246,30,,18,8,212.168,5,0.9031884551530374,234.91,6,1.0,0.0657620914280414,high_09__rho_0.800,cpsat,0.0654058093205094,OPTIMAL,high_09,high,True,,0.8,0,18,12,0,True
364.6572913080454,10,0.9390793764189308,0.8,,,72,388.3135978330429,0.9390793764189308,0.8415738676309013,0.6072104863375342,0.770661562605246,30,,18,3,218.87119830600568,4,0.563645464715635,123.83577616098772,16,0.3189066178780365,0.0008828174322843,high_09__rho_0.800,easy,0.0008634366095066,,high_09,high,True,,0.8,0,18,12,0,True
239.6648045713082,18,0.992539931981454,0.8,,,72,241.46615853818005,0.992539931981454,0.8415738676309013,0.9424377337322848,0.770661562605246,30,,18,11,203.70339242898623,6,0.8436105235706444,239.33226067699437,6,0.9911627456447556,0.0003767628222703,high_09__rho_0.800,heft,0.0003568232059478,,high_09,high,True,,0.8,0,18,12,0,True
237.15902202483267,17,0.9991415243296292,0.8,31.0,,72,237.3627922069936,1.0,0.8415738676309013,0.9567160441890712,0.770661562605246,30,25.0,18,15,206.744560562016,8,0.8710066082375841,237.3627922069936,5,1.0,7.934560677967966,high_09__rho_0.800,replica,7.934470057487488,,high_09,high,True,7.818250170908868,0.8,0,18,12,0,True
48.79399999999998,5,0.1807024560779782,0.8,,,72,270.024,0.9996703996681774,0.8817017604832178,0.7176818850670063,0.8082605760155107,30,,18,11,269.93499999999995,4,0.9996703996681774,262.645,21,0.9726727994548632,0.0522671043872833,high_10__rho_0.800,cpsat,0.0519785918295383,OPTIMAL,high_10,high,True,,0.8,0,18,12,0,True
0.0,0,0.0,0.8,,,72,313.0008118990554,0.9244209419730618,0.8817017604832178,0.6052959828012145,0.8082605760155107,30,,18,1,289.3445053740579,13,0.9244209419730618,279.0298967939925,17,0.8914670064305817,0.0009029479697346,high_10__rho_0.800,easy,0.0008833166211843,,high_10,high,True,,0.8,0,18,12,0,True
22.56400451809168,4,0.0811415994104093,0.8,,,72,278.08183080005983,0.9998992223838652,0.8817017604832178,0.6926358511529834,0.8082605760155107,30,,18,10,278.0538063760614,12,0.9998992223838652,277.2105258049851,14,0.996866731664676,0.0003553917631506,high_10__rho_0.800,heft,0.000335881486535,,high_10,high,True,,0.8,0,18,12,0,True
51.21033081319183,6,0.1896507527189833,0.8,31.0,,72,270.024400530976,0.9996713364243308,0.8817017604832178,0.7187533653418475,0.8082605760155107,30,26.0,18,11,269.9356533459795,4,0.9996713364243308,261.09685565899053,20,0.9669380068822288,8.405403078533709,high_10__rho_0.800,replica,8.405306937173009,,high_10,high,True,8.328305705450475,0.8,0,18,12,0,True
232.64,17,0.9903367247030778,0.8,,,72,234.91,1.0,0.9029298209249929,0.954549969491862,0.8423475292607435,30,,18,7,205.15,7,0.8733131837725086,234.91,6,1.0,0.0607135416939854,high_11__rho_0.800,cpsat,0.0605128202587366,OPTIMAL,high_11,high,True,,0.8,0,18,12,0,True
362.9875941975042,7,0.9684859017521956,0.8,,,72,374.7990482264977,0.9684859017521956,0.9029298209249929,0.6310086802139032,0.8423475292607435,30,,18,4,80.40967921499396,2,0.2145407775059262,266.1070848879899,21,0.7099993613835879,0.0008773086592555,high_11__rho_0.800,easy,0.0008583460003137,,high_11,high,True,,0.8,0,18,12,0,True
228.21087555866688,14,0.9714793464971844,0.8,,,72,234.9106817159991,1.0,0.9029298209249929,0.9508305671200078,0.8423475292607435,30,,18,11,206.95921288104728,10,0.8810123548628392,234.9106817159991,6,1.0,0.0008786963298916,high_11__rho_0.800,heft,0.0008511366322636,,high_11,high,True,,0.8,0,18,12,0,True
228.21087555866688,14,0.9714793464971844,0.8,31.0,,72,234.9106817159991,1.0,0.9029298209249929,0.9508305671200078,0.8423475292607435,30,25.0,18,11,206.95921288104728,10,0.8810123548628392,234.9106817159991,6,1.0,7.83735747821629,high_11__rho_0.800,replica,7.837283996865153,,high_11,high,True,7.672115784138441,0.8,0,18,12,0,True
48.351,7,0.1790618611678961,0.8,,,72,270.024,0.9996703996681774,0.9067606784126684,0.7170436701922792,0.8353220525362539,30,,18,12,269.93499999999995,4,0.9996703996681774,262.571,19,0.972398749740764,0.0534976748749613,high_12__rho_0.800,cpsat,0.0532475030049681,OPTIMAL,high_12,high,True,,0.8,0,18,12,0,True
19.18703954853117,2,0.0593513884688817,0.8,,,72,323.27869732299587,1.0,0.9067606784126684,0.5996826742102167,0.8353220525362539,30,,18,3,239.12816430602103,16,0.7396966341617682,323.27869732299587,12,1.0,0.0009247679263353,high_12__rho_0.800,easy,0.0009058574214577,,high_12,high,True,,0.8,0,18,12,0,True
38.39626615867019,5,0.1412632809800389,0.8,,,72,271.8064163049967,0.9997961182492652,0.9067606784126684,0.7115375906990953,0.8353220525362539,30,,18,10,271.7509999369795,5,0.9997961182492652,270.05418168698816,20,0.9935533728679816,0.0004471531137824,high_12__rho_0.800,heft,0.0004292326048016,,high_12,high,True,,0.8,0,18,12,0,True
57.00432606134564,5,0.2111080552322395,0.8,31.0,,72,270.024400530976,0.9996713364243308,0.9067606784126684,0.7156963743859932,0.8353220525362539,30,25.0,18,10,269.9356533459795,4,0.9996713364243308,252.8264739599872,21,0.9363097315014096,8.000238951295614,high_12__rho_0.800,replica,8.000154880806804,,high_12,high,True,7.79647375177592,0.8,0,18,12,0,True
40.97299999999994,6,0.1517383639972741,0.8,,,72,270.024,0.9996703996681774,0.865449250998534,0.7142315744773303,0.8604322159225083,30,,18,12,269.93499999999995,4,0.9996703996681774,267.67100000000005,20,0.9912859597665394,0.1011897018179297,high_13__rho_0.800,cpsat,0.1007082490250468,OPTIMAL,high_13,high,True,,0.8,0,18,12,0,True
338.9518655659631,1,0.9663264276246653,0.8,,,72,350.76331959495656,0.9663264276246653,0.865449250998534,0.666477361048721,0.8604322159225083,30,,18,1,89.39645536305034,12,0.2548626106808453,272.979113859994,17,0.7782430448406527,0.0010200375691056,high_13__rho_0.800,easy,0.0009951777756214,,high_13,high,True,,0.8,0,18,12,0,True
15.195577073842289,3,0.0542955888543927,0.8,,,72,279.86761713908345,0.999899865428216,0.865449250998534,0.6845122115233311,0.8604322159225083,30,,18,9,279.839592715085,15,0.999899865428216,279.6832348359894,12,0.9993411802873844,0.0004439027979969,high_13__rho_0.800,heft,0.0004258826375007,,high_13,high,True,,0.8,0,18,12,0,True
40.24385166633874,6,0.1490378335706078,0.8,31.0,,72,270.024400530976,0.9996713364243308,0.865449250998534,0.7139812250349536,0.8604322159225083,30,26.0,18,15,269.9356533459795,4,0.9996713364243308,268.19755182898734,20,0.9932345051099222,8.299387914128602,high_13__rho_0.800,replica,8.299225942231715,,high_13,high,True,8.136482059955597,0.8,0,18,12,0,True
195.608,17,0.8326933719296752,0.8,,,72,234.91,1.0,0.8538937698750213,0.9374114909256028,0.7681323196501728,30,,18,10,230.104,7,0.9795411008471328,234.91,6,1.0,0.0694081950932741,high_14__rho_0.800,cpsat,0.0691774524748325,OPTIMAL,high_14,high,True,,0.8,0,18,12,0,True
367.76634604204446,12,0.93956326653592,0.8,,,72,391.422652567042,0.93956326653592,0.8538937698750213,0.6037334395055215,0.7681323196501728,30,,18,3,217.3427108009928,2,0.5552634968252556,123.83577616098772,16,0.316373555155389,0.0009702481329441,high_14__rho_0.800,easy,0.0009508766233921,,high_14,high,True,,0.8,0,18,12,0,True
234.2000277871266,13,0.9926564032639122,0.8,,,72,235.93262181865063,0.9983205345254756,0.8538937698750213,0.9516299918695128,0.7681323196501728,30,,18,12,203.8252680359874,8,0.863913037819151,235.5363811259922,9,0.9983205345254756,0.0004329727962613,high_14__rho_0.800,heft,0.0004144925624132,,high_14,high,True,,0.8,0,18,12,0,True
229.85494624078277,17,0.9784780520056188,0.8,31.0,,72,234.9106817159991,1.0,0.8538937698750213,0.9609762091470224,0.7681323196501728,30,25.0,18,11,212.4651012539689,7,0.9044505754354486,234.9106817159991,6,1.0,7.98979449365288,high_14__rho_0.800,replica,7.989720772951841,,high_14,high,True,7.836666991002858,0.8,0,18,12,0,True
358.208,9,0.9990628765228255,0.8,,,72,358.544,0.9990628765228255,1.0,0.6766896113168817,0.851726814337741,30,,18,14,11.650000000000006,7,0.0324925253246463,358.011,14,0.9985134321031728,0.115727761760354,high_15__rho_0.800,cpsat,0.1154891410842537,OPTIMAL,high_15,high,True,,0.8,0,18,12,0,True
505.1470880452544,5,0.9552644578913444,0.8,,,72,528.8033945702518,0.9552644578913444,1.0,0.4999956181704048,0.851726814337741,30,,18,6,3.737857955042273,5,0.0070685211052397,284.313194475988,20,0.5376538755146301,0.0013206610456109,high_15__rho_0.800,easy,0.0012961002066731,,high_15,high,True,,0.8,0,18,12,0,True
360.2254742449149,8,0.9896347777349712,0.8,,,72,363.9983985500003,1.0,1.0,0.6668798860323379,0.851726814337741,30,,18,16,4.005758828017861,11,0.0110048803620426,363.9983985500003,11,1.0,0.0004022037610411,high_15__rho_0.800,heft,0.0003806129097938,,high_15,high,True,,0.8,0,18,12,0,True
358.37601878866553,7,0.996673355553316,0.8,31.0,,72,359.5721876097596,0.9999967782970904,1.0,0.6788164707799736,0.851726814337741,30,26.0,18,10,14.30352218801272,7,0.0397792784895148,359.5710291749965,16,0.9999967782970904,8.356964112259448,high_15__rho_0.800,replica,8.356867270544171,,high_15,high,True,8.20259683392942,0.8,0,18,12,0,True
177.84699999999998,9,0.7511318905951717,0.8,,,72,236.772,0.9999788826381498,0.8762288394577692,0.9170031366321468,0.8447203978219958,30,,18,11,236.767,14,0.9999788826381498,236.748,7,0.999898636663119,0.1136668063700199,high_16__rho_0.800,cpsat,0.1134317545220255,OPTIMAL,high_16,high,True,,0.8,0,18,12,0,True
170.2918575676158,3,0.6520403700741904,0.8,,,72,261.1676598310005,1.0,0.8762288394577692,0.8306260699848501,0.8447203978219958,30,,18,5,219.33848327907617,15,0.8398378398803602,261.1676598310005,12,1.0,0.0011020293459296,high_16__rho_0.800,easy,0.0010784082114696,,high_16,high,True,,0.8,0,18,12,0,True
170.45647562295198,5,0.7008290743483186,0.8,,,72,243.22118168606903,0.9998711559915116,0.8762288394577692,0.8994486822397773,0.8447203978219958,30,,18,10,243.1898440940713,14,0.9998711559915116,242.64859436398547,11,0.9976458163795018,0.0004508635029196,high_16__rho_0.800,heft,0.0003520715981721,,high_16,high,True,,0.8,0,18,12,0,True
182.26638859510425,6,0.7611279299179895,0.8,31.0,,72,239.4687954950532,0.9998691370542332,0.8762288394577692,0.9185312773103712,0.8447203978219958,30,25.0,18,10,239.43745790305547,11,0.9998691370542332,238.17488930798208,13,0.9945967649588908,7.930171993561089,high_16__rho_0.800,replica,7.930096623487771,,high_16,high,True,7.848087755031884,0.8,0,18,12,0,True
72.32199999999999,8,0.2678354516635557,0.8,,,72,270.024,0.9996703996681774,0.8462730081530994,0.7295672483433572,0.7216380849157196,30,,18,10,269.93499999999995,4,0.9996703996681774,248.7450000000001,18,0.921195893698338,0.060640244744718,high_17__rho_0.800,cpsat,0.0603488823398947,OPTIMAL,high_17,high,True,,0.8,0,18,12,0,True
338.9518655659631,1,0.9663264276246653,0.8,,,72,350.76331959495656,0.9663264276246653,0.8462730081530994,0.666477361048721,0.7216380849157196,30,,18,1,89.39645536305034,12,0.2548626106808453,272.979113859994,17,0.7782430448406527,0.0009631477296352,high_17__rho_0.800,easy,0.0009438078850507,,high_17,high,True,,0.8,0,18,12,0,True
39.46161327976733,4,0.1461409161622802,0.8,,,72,270.024400530976,0.9996713364243308,0.8462730081530994,0.7130842976027822,0.7216380849157196,30,,18,7,269.9356533459795,4,0.9996713364243308,268.2532133389832,22,0.9934406402217356,0.0004639830440282,high_17__rho_0.800,heft,0.0004446841776371,,high_17,high,True,,0.8,0,18,12,0,True
62.03536836244166,5,0.2297398614364306,0.8,31.0,,72,270.024400530976,0.9996713364243308,0.8462730081530994,0.7241795097811393,0.7216380849157196,30,27.0,18,9,269.9356533459795,4,0.9996713364243308,254.6673923079834,21,0.9431273314826564,8.626858142204583,high_17__rho_0.800,replica,8.626800073310733,,high_17,high,True,8.424664873629808,0.8,0,18,12,0,True
358.743,4,0.9998439237567552,0.8,,,72,358.799,0.9998439237567552,0.8582375478927203,0.6455601418435762,0.7610120280807973,30,,18,13,319.277,17,0.8898491913299645,16.859000000000016,9,0.046987310444009,0.0309373326599597,high_18__rho_0.800,cpsat,0.0307347103953361,OPTIMAL,high_18,high,True,,0.8,0,18,12,0,True
505.1470880452544,5,0.9550189898597888,0.8,,,72,528.9393126302311,0.9550189898597888,0.8582375478927203,0.4915619008857907,0.7610120280807973,30,,18,12,255.9056621499767,14,0.4838091176801491,18.966491713988944,11,0.0358575951174345,0.0011711083352565,high_18__rho_0.800,easy,0.0011510988697409,,high_18,high,True,,0.8,0,18,12,0,True
358.6883974894881,3,0.9996912572491784,0.8,,,72,358.7991741335027,0.9996912572491784,0.8582375478927203,0.6485212289468592,0.7610120280807973,30,,18,12,300.13410395305254,17,0.8364960835762071,39.24414261999118,10,0.1093763460151921,0.0003601228818297,high_18__rho_0.800,heft,0.0003414237871766,,high_18,high,True,,0.8,0,18,12,0,True
358.6883974894881,3,0.9996912572491784,0.8,31.0,,72,358.7991741335027,0.9996912572491784,0.8582375478927203,0.6489291637235898,0.7610120280807973,30,23.0,18,14,298.466490041028,15,0.8318483195002395,41.35085651498957,12,0.1152479144213516,7.307610274292529,high_18__rho_0.800,replica,7.307535173371434,,high_18,high,True,7.192083350382745,0.8,0,18,12,0,True
233.14,18,0.9993613072198004,0.8,,,72,233.289,1.0,0.9281719233748656,0.972796259860802,0.8283122136641357,30,,18,9,214.399,6,0.919027472362606,233.289,6,1.0,0.093283980153501,high_19__rho_0.800,cpsat,0.0928981490433216,OPTIMAL,high_19,high,True,,0.8,0,18,12,0,True
362.9875941975042,7,0.9684859017521956,0.8,,,72,374.7990482264977,0.9684859017521956,0.9281719233748656,0.6310086802139032,0.8283122136641357,30,,18,4,80.40967921499396,2,0.2145407775059262,266.1070848879899,21,0.7099993613835879,0.0009310375899076,high_19__rho_0.800,easy,0.0009107869118452,,high_19,high,True,,0.8,0,18,12,0,True
232.34930136520416,14,0.9888740434458052,0.8,,,72,234.9634950024229,0.9963508761502362,0.9281719233748656,0.9657787484294976,0.8283122136641357,30,,18,8,214.31286491599167,4,0.9121113256924516,234.10608410898567,12,0.9963508761502362,0.0003691231831908,high_19__rho_0.800,heft,0.0003493931144475,,high_19,high,True,,0.8,0,18,12,0,True
221.23700596950948,19,0.9415942096747422,0.8,31.0,,72,234.96003235399257,1.0,0.9281719233748656,0.9666449324949408,0.8283122136641357,30,26.0,18,7,225.1717355180008,7,0.9583405878100806,234.96003235399257,4,1.0,8.336671082302928,high_19__rho_0.800,replica,8.336600692011416,,high_19,high,True,8.241137597709894,0.8,0,18,12,0,True
49.55799999999997,7,0.1835318342073296,0.8,,,72,270.024,0.9996703996681774,0.895197602119825,0.7180608637256936,0.7936514344431659,30,,18,12,269.93499999999995,4,0.9996703996681774,262.1880000000001,19,0.9709803573015736,0.1206862060353159,high_20__rho_0.800,cpsat,0.1204490037634968,OPTIMAL,high_20,high,True,,0.8,0,18,12,0,True
337.27892456389964,1,0.9344583058472034,0.8,,,72,360.9352310888971,0.9344583058472034,0.895197602119825,0.6517376858186963,0.7936514344431659,30,,18,1,89.39645536305034,12,0.2476800480057107,279.0298967939925,17,0.7730747036031748,0.0012145703658461,high_20__rho_0.800,easy,0.0011911187320947,,high_20,high,True,,0.8,0,18,12,0,True
37.38671691063792,6,0.1365266541930014,0.8,,,72,273.8418892019872,0.9998855631909016,0.895197602119825,0.7113811203814024,0.7936514344431659,30,,18,12,273.8105516099895,7,0.9998855631909016,273.2205813229812,17,0.997731143760304,0.0004497431218624,high_20__rho_0.800,heft,0.0004315935075283,,high_20,high,True,,0.8,0,18,12,0,True
49.6251962017268,8,0.1837804143038325,0.8,31.0,,72,270.024400530976,0.9996713364243308,0.895197602119825,0.7180985382392836,0.7936514344431659,30,24.0,18,14,269.9356533459795,4,0.9996713364243308,262.1515323829917,18,0.9708438639896874,7.7233274122700095,high_20__rho_0.800,replica,7.723259271122515,,high_20,high,True,7.615905184298754,0.8,0,18,12,0,True
339.752,2,0.96860843361472,0.8,,,72,350.763,0.96860843361472,0.8611111111111112,0.6688552289342568,0.782696021105576,30,,18,6,71.71,4,0.2044400350093938,292.367,24,0.8335172181786563,0.0378492726013064,moderate_01__rho_0.800,cpsat,0.0375141100957989,OPTIMAL,moderate_01,moderate,True,,0.8,0,18,12,0,True
362.9875941975042,7,0.9684859017521956,0.8,,,72,374.7990482264977,0.9684859017521956,0.8611111111111112,0.6301215734538756,0.782696021105576,30,,18,2,70.04437660699477,2,0.1868851506919135,275.4749271879882,21,0.7349936679175179,0.0014208406209945,moderate_01__rho_0.800,easy,0.0013865111395716,,moderate_01,moderate,True,,0.8,0,18,12,0,True
338.9518655659631,1,0.9663264276246653,0.8,,,72,350.76331959495656,0.9663264276246653,0.8611111111111112,0.6675794220626448,0.782696021105576,30,,18,7,76.20487934397534,8,0.2172544136940339,287.33037761798914,21,0.8191574248692352,0.0005189944058656,moderate_01__rho_0.800,heft,0.0004935646429657,,moderate_01,moderate,True,,0.8,0,18,12,0,True
338.9518655659631,1,0.9663264276246653,0.8,31.0,,72,350.76331959495656,0.9663264276246653,0.8611111111111112,0.6677105655386817,0.782696021105576,30,24.0,18,11,88.15040493296692,10,0.2513102140633133,275.5228529919914,19,0.7854950549280666,7.77140102442354,moderate_01__rho_0.800,replica,7.771295893006027,,moderate_01,moderate,True,7.678289405070245,0.8,0,18,12,0,True
358.688,3,0.9996878483835004,0.8,,,72,358.8,0.9996878483835004,0.9017980177331616,0.6454951690821257,0.8047496971998673,30,,18,9,321.66100000000006,17,0.8964910813823859,14.462000000000003,10,0.0403065774804905,0.0471563544124364,moderate_02__rho_0.800,cpsat,0.0468095019459724,OPTIMAL,moderate_02,moderate,True,,0.8,0,18,12,0,True
505.3077518902719,8,0.954693020678551,0.8,,,72,529.2882014902789,0.954693020678551,0.9017980177331616,0.491630821954383,0.8047496971998673,30,,18,10,256.95368510100525,11,0.4854702681403424,18.381743656991603,11,0.0347291770442557,0.0015021516010165,moderate_02__rho_0.800,easy,0.0014743814244866,,moderate_02,moderate,True,,0.8,0,18,12,0,True
358.6883974894881,3,0.9996878415631946,0.8,,,72,358.8004000614965,0.9996878415631946,0.9017980177331616,0.6454936460768502,0.8047496971998673,30,,18,9,321.65977731210296,17,0.8964866740866849,14.461960546992486,10,0.0403064225806709,0.0004188138991594,moderate_02__rho_0.800,heft,0.000392491929233,,moderate_02,moderate,True,,0.8,0,18,12,0,True
358.6883974894881,3,0.9996878415631946,0.8,31.0,,72,358.8004000614965,0.9996878415631946,0.9017980177331616,0.646212647446262,0.8047496971998673,30,27.0,18,11,319.7961285780766,16,0.8912925641199543,17.099543217987957,11,0.0476575366556369,8.688643395900726,moderate_02__rho_0.800,replica,8.688552105799317,,moderate_02,moderate,True,8.517877392470837,0.8,0,18,12,0,True
217.473,7,0.9245043191402532,0.8,,,72,235.232,0.9890236022309888,0.9204980842911876,0.9531285426019136,0.7435002736726875,30,,18,9,222.496,4,0.9458577064344988,232.65,19,0.9890236022309888,0.0403231028467416,moderate_03__rho_0.800,cpsat,0.0398004688322544,OPTIMAL,moderate_03,moderate,True,,0.8,9,0,21,0,True
355.3030026769265,4,0.9678262356242344,0.8,,,72,367.11445670592,0.9678262356242344,0.9204980842911876,0.6511975295508745,0.7435002736726875,30,,18,6,22.858406662009656,4,0.0622650681400993,339.03067246898354,22,0.9235012848882898,0.001164979301393,moderate_03__rho_0.800,easy,0.0011331792920827,,moderate_03,moderate,True,,0.8,9,0,21,0,True
206.09411928616464,5,0.8352646878896505,0.8,,,72,246.74108970998716,1.0,0.9204980842911876,0.8921091057193556,0.7435002736726875,30,,18,12,207.524709660036,9,0.8410626292684166,246.74108970998716,16,1.0,0.0004509128630161,moderate_03__rho_0.800,heft,0.000428082421422,,moderate_03,moderate,True,,0.8,9,0,21,0,True
217.47359645552933,7,0.90319898233381,0.8,31.0,,72,240.78148969299215,1.0,0.9204980842911876,0.929808427315709,0.7435002736726875,30,24.0,18,15,213.38688862600247,11,0.8862262996133169,240.78148969299215,12,1.0,8.013268997892737,moderate_03__rho_0.800,replica,8.013192927464843,,moderate_03,moderate,True,7.907160955481231,0.8,9,0,21,0,True
219.39900000000003,11,0.932164935313237,0.8,,,72,235.365,0.985558600471608,0.9195402298850576,0.9539028034471284,0.7319456362227121,30,,18,15,222.181,4,0.94398487455654,231.966,15,0.985558600471608,0.0489545613527298,moderate_04__rho_0.800,cpsat,0.0484998477622866,OPTIMAL,moderate_04,moderate,True,,0.8,8,2,20,0,True
170.43701047543436,5,0.3591387932047968,0.8,,,72,474.571429486994,0.9746388492665604,0.9195402298850576,0.4699215996445642,0.7319456362227121,30,,18,11,36.06133346498245,8,0.0759871564623355,462.5357519299905,17,0.9746388492665604,0.0012340992689132,moderate_04__rho_0.800,easy,0.0012027090415358,,moderate_04,moderate,True,,0.8,8,2,20,0,True
212.99664441589263,8,0.8796337596109157,0.8,,,72,242.14241676002348,0.9972145717753648,0.9195402298850576,0.9219071152199282,0.7319456362227121,30,,18,12,215.233859868953,11,0.8888730142735036,241.4679464379988,11,0.9972145717753648,0.0004256227985024,moderate_04__rho_0.800,heft,0.0004042731598019,,moderate_04,moderate,True,,0.8,8,2,20,0,True
215.22100852709264,12,0.9143785903990126,0.8,31.0,,72,235.3740680139672,0.9950633620314382,0.9195402298850576,0.9512873648555934,0.7319456362227121,30,24.0,18,14,222.29201076895697,6,0.9444201421363294,234.21211145299455,12,0.9950633620314382,8.377192080020905,moderate_04__rho_0.800,replica,8.377114670351148,,moderate_04,moderate,True,8.313989625312388,0.8,8,2,20,0,True
348.528,2,0.9831648311969672,0.8,,,72,354.496,0.9831648311969672,0.9332776554635271,0.6487191204790275,0.7791655543581312,30,,18,5,323.61,22,0.9128734879942229,17.76699999999994,6,0.0501190422458925,0.0687178159132599,moderate_05__rho_0.800,cpsat,0.0682994918897748,OPTIMAL,moderate_05,moderate,True,,0.8,0,18,12,0,True
504.8830717066303,7,0.9550004584705836,0.8,,,72,528.6731197126246,0.9550004584705836,0.9332776554635271,0.4888317662850293,0.7791655543581312,30,,18,12,246.09183408599347,12,0.4654895906562522,24.321738896993335,11,0.0460052497282519,0.0011738995090126,moderate_05__rho_0.800,easy,0.0011473493650555,,moderate_05,moderate,True,,0.8,0,18,12,0,True
348.527977979742,2,0.9831657691863624,0.8,,,72,354.4956393957582,0.9831657691863624,0.9332776554635271,0.6495254783671094,0.7791655543581312,30,,18,13,320.3191985390149,18,0.9035913645792728,21.914672753995543,10,0.061819301335693,0.0004764338955283,moderate_05__rho_0.800,heft,0.0004369327798485,,moderate_05,moderate,True,,0.8,0,18,12,0,True
348.527977979742,2,0.9831657691863624,0.8,31.0,,72,354.4956393957582,0.9831657691863624,0.9332776554635271,0.6507360572430527,0.7791655543581312,30,24.0,18,15,316.35136007901747,16,0.8923984526812289,27.16994601199258,12,0.0766439498615668,7.945351460948586,moderate_05__rho_0.800,replica,7.945279831066728,,moderate_05,moderate,True,7.800249680876732,0.8,0,18,12,0,True
357.06300000000005,11,0.9954918032786886,0.8,,,72,358.68,0.9997518679602988,0.9193349753694584,0.670366343258615,0.8167019071890815,30,,18,15,5.687000000000069,7,0.0158553585368575,358.591,12,0.9997518679602988,0.0520461266860365,moderate_06__rho_0.800,cpsat,0.0518563147634267,OPTIMAL,moderate_06,moderate,True,,0.8,0,18,12,0,True
508.2935764910653,6,0.9555290690339654,0.8,,,72,531.9498830160628,0.9555290690339654,0.9193349753694584,0.4971781625777129,0.8167019071890815,30,,18,8,6.079313813010231,6,0.0114283582102539,279.0487059599909,18,0.5245770604889196,0.0014574117958545,moderate_06__rho_0.800,easy,0.0014297608286142,,moderate_06,moderate,True,,0.8,0,18,12,0,True
358.99998014979064,7,0.993879105089807,0.8,,,72,361.2109141959991,1.0,0.9193349753694584,0.6704571069554741,0.8167019071890815,30,,18,13,6.318379251984879,11,0.0174922157766152,361.2109141959991,12,1.0,0.000363852828741,moderate_06__rho_0.800,heft,0.0003457022830843,,moderate_06,moderate,True,,0.8,0,18,12,0,True
358.2340440163389,10,0.9910663599446806,0.8,31.0,,72,361.4632263739986,1.0,0.9193349753694584,0.669472738689408,0.8167019071890815,30,24.0,18,12,6.272057897993363,10,0.0173518561235432,361.4632263739986,10,1.0,7.96014507021755,moderate_06__rho_0.800,replica,7.96009482908994,,moderate_06,moderate,True,7.861095836386085,0.8,0,18,12,0,True
358.74300000000005,4,0.9998299907470376,0.8,,,72,358.804,0.9998299907470376,0.8357046007045305,0.6465108155613278,0.8465719889589092,30,,18,13,332.183,19,0.9258062897849524,4.985999999999933,7,0.0138961661519936,0.042321041226387,moderate_07__rho_0.800,cpsat,0.0420203190296888,OPTIMAL,moderate_07,moderate,True,,0.8,0,18,12,0,True
382.7915124790743,10,0.9996985915301476,0.8,,,72,382.9069238690936,0.9996985915301476,0.8357046007045305,0.6111975684175551,0.8465719889589092,30,,18,10,314.8187744450406,12,0.8221809395973978,4.485055472992826,8,0.0117131741251201,0.0011515188962221,moderate_07__rho_0.800,easy,0.0011282786726951,,moderate_07,moderate,True,,0.8,0,18,12,0,True
358.6883974894881,3,0.9996783440221002,0.8,,,72,358.8038088795074,0.9996783440221002,0.8357046007045305,0.6503449837211936,0.8465719889589092,30,,18,12,301.6616260550509,17,0.8407425411594617,39.68874818999757,10,0.110614065982019,0.0003700926899909,moderate_07__rho_0.800,heft,0.0003526527434587,,moderate_07,moderate,True,,0.8,0,18,12,0,True
358.6883974894881,3,0.9996783440221002,0.8,31.0,,72,358.8038088795074,0.9996783440221002,0.8357046007045305,0.6506664338669452,0.8465719889589092,30,25.0,18,12,300.1318548230338,15,0.8364790099645327,41.56453203199635,12,0.1158419476142028,8.031483568251133,moderate_07__rho_0.800,replica,8.03140251711011,,moderate_07,moderate,True,7.927589865401387,0.8,0,18,12,0,True
252.96100000000004,17,0.6093801191003875,0.8,,,72,415.112,1.0,0.9118773946360152,0.5411832629908716,0.7228007680254547,30,,18,11,415.112,11,1.0,5.882000000000005,2,0.0141696698722272,0.0291374279186129,moderate_08__rho_0.800,cpsat,0.0289486777037382,OPTIMAL,moderate_08,moderate,True,,0.8,9,0,21,0,True
16.313703399151564,4,0.0362320213683154,0.8,,,72,450.25650745000166,0.9719852109891284,0.9118773946360152,0.4214921136513789,0.7228007680254547,30,,18,8,437.64266639301786,18,0.9719852109891284,115.38233123899772,8,0.2562591085966931,0.0009056171402335,moderate_08__rho_0.800,easy,0.0008863471448421,,moderate_08,moderate,True,,0.8,9,0,21,0,True
55.83592543378472,6,0.1343930591758204,0.8,,,72,415.46732975798295,0.9992239916189684,0.9118773946360152,0.4724483325286108,0.7228007680254547,30,,18,11,415.14492362804594,12,0.9992239916189684,117.87969243098996,12,0.2837279467910436,0.0004327641800045,moderate_08__rho_0.800,heft,0.0004117144271731,,moderate_08,moderate,True,,0.8,9,0,21,0,True
55.89058110304177,7,0.1340828312853183,0.8,31.0,,72,416.8362240510178,1.0,0.9118773946360152,0.470368134616231,0.7228007680254547,30,23.0,18,13,416.8362240510178,12,1.0,115.47262628799216,11,0.2770215725633748,7.987221347168088,moderate_08__rho_0.800,replica,7.987152937799692,,moderate_08,moderate,True,7.847449796274304,0.8,9,0,21,0,True
210.826,9,0.896201390896261,0.8,,,72,235.244,0.9923696247300674,0.9113984674329502,0.945544484308491,0.78133070091426,30,,18,13,233.449,19,0.9923696247300674,223.026,2,0.9480624372991447,0.0973818060010671,moderate_09__rho_0.800,cpsat,0.0971224540844559,OPTIMAL,moderate_09,moderate,True,,0.8,0,18,12,0,True
372.5637066112831,8,0.9842252049843933,0.8,,,72,378.5350189413112,0.9842252049843933,0.9113984674329502,0.623386791651145,0.78133070091426,30,,18,6,106.47916995800917,19,0.2812927856868056,228.8783163869957,3,0.6046423842822359,0.0011131884530186,moderate_09__rho_0.800,easy,0.001088217832148,,moderate_09,moderate,True,,0.8,0,18,12,0,True
213.71095170732588,9,0.9084699232004892,0.8,,,72,235.24273754097885,0.9729453022843076,0.9113984674329502,0.9409196083849324,0.78133070091426,30,,18,12,221.4442453530501,18,0.94134359967,228.8783163869957,3,0.9729453022843076,0.0003609834238886,moderate_09__rho_0.800,heft,0.0003413828089833,,moderate_09,moderate,True,,0.8,0,18,12,0,True
218.4173387857154,13,0.924342902097512,0.8,31.0,,72,236.29471085901605,0.9688650142473408,0.9113984674329502,0.947796693424648,0.78133070091426,30,27.0,18,10,224.52301968901884,12,0.9501821639290914,228.93767840299188,5,0.9688650142473408,8.660924838855863,moderate_09__rho_0.800,replica,8.660859479568899,,moderate_09,moderate,True,8.57616217713803,0.8,0,18,12,0,True
43.02799999999995,8,0.0920172452139397,0.8,,,72,467.608,1.0,0.942528735632184,0.4237174442410452,0.7319434783424388,30,,18,9,83.76500000000009,12,0.1791350875091959,467.608,10,1.0,0.0407117195427417,moderate_10__rho_0.800,cpsat,0.0402601668611168,OPTIMAL,moderate_10,moderate,True,,0.8,9,0,21,0,True
46.33469859603792,10,0.0966200066063386,0.8,,,72,479.55594522799584,1.0,0.942528735632184,0.4143486649603403,0.7319434783424388,30,,18,9,70.21945321300882,6,0.1464259882746825,479.55594522799584,14,1.0,0.0009604981169104,moderate_10__rho_0.800,easy,0.0009346678853034,,moderate_10,moderate,True,,0.8,9,0,21,0,True
42.9719723938033,7,0.0897577833837189,0.8,,,72,478.7548307659963,0.9976387159933314,0.942528735632184,0.4134941189736043,0.7319434783424388,30,,18,11,73.2905938210315,10,0.1530858575437626,477.62435464099326,13,0.9976387159933314,0.0003666235134005,moderate_10__rho_0.800,heft,0.0003489824011921,,moderate_10,moderate,True,,0.8,9,0,21,0,True
43.02881651092321,8,0.0920186390703738,0.8,31.0,,72,467.6097902080001,0.9962423226078684,0.942528735632184,0.4234605682961251,0.7319434783424388,30,24.0,18,10,85.16144252501545,10,0.1821207432101332,465.8526634709961,12,0.9962423226078684,7.841177916154265,moderate_10__rho_0.800,replica,7.8411161648109555,,moderate_10,moderate,True,7.786722023971379,0.8,9,0,21,0,True
194.165,14,0.7486485652814301,0.8,,,72,259.354,1.0,0.9640684596921508,0.8573429880909234,0.810580065820032,30,,18,15,213.547,7,0.8233803989913401,259.354,9,1.0,0.0426522865891456,moderate_11__rho_0.800,cpsat,0.0423540547490119,OPTIMAL,moderate_11,moderate,True,,0.8,7,4,19,0,True
338.9518655659631,1,0.9663264276246653,0.8,,,72,350.76331959495656,0.9663264276246653,0.9640684596921508,0.6693527394106189,0.810580065820032,30,,18,4,82.11098719699658,3,0.234092285623862,283.2903138039801,26,0.8076395049833295,0.0010984372347593,moderate_11__rho_0.800,easy,0.0010748682543635,,moderate_11,moderate,True,,0.8,7,4,19,0,True
168.70527974981815,6,0.6312620783215896,0.8,,,72,267.25077514298755,0.9997339569849264,0.9640684596921508,0.8130993789771805,0.810580065820032,30,,18,16,216.01936320899404,9,0.8083021016250258,267.1796749409877,15,0.9997339569849264,0.000360713340342,moderate_11__rho_0.800,heft,0.0003423616290092,,moderate_11,moderate,True,,0.8,7,4,19,0,True
174.397219077684,9,0.6724271975625173,0.8,31.0,,72,259.3547966379956,1.0,0.9640684596921508,0.847779149366446,0.810580065820032,30,24.0,18,13,225.8747509179229,12,0.8709102505368207,259.3547966379956,9,1.0,7.628567831590772,moderate_11__rho_0.800,replica,7.628506980836391,,moderate_11,moderate,True,7.576225725933909,0.8,7,4,19,0,True
214.556,13,0.8904179514527246,0.8,,,72,240.961,1.0,0.9572676096469146,0.9432549942383484,0.7830709395565217,30,,18,11,226.346,11,0.9393470312623204,240.961,6,1.0,0.0470870425924658,moderate_12__rho_0.800,cpsat,0.0467684604227542,OPTIMAL,moderate_12,moderate,True,,0.8,5,8,17,0,True
47.08016156591475,8,0.149596947589604,0.8,,,72,314.7133836919711,0.9310083318471092,0.9572676096469146,0.6154196576798429,0.7830709395565217,30,,18,8,293.00078236102127,16,0.9310083318471092,240.96146464999765,6,0.7656536936028152,0.0011460892856121,moderate_12__rho_0.800,easy,0.0011210292577743,,moderate_12,moderate,True,,0.8,5,8,17,0,True
219.4151845248416,7,0.5202242483705707,0.8,,,72,421.770390772992,0.9496857526246208,0.9572676096469146,0.518734428951525,0.7830709395565217,30,,18,14,400.5493309960293,10,0.9496857526246208,36.39595289799763,13,0.0862932858593833,0.0005122041329741,moderate_12__rho_0.800,heft,0.0004844246432185,,moderate_12,moderate,True,,0.8,5,8,17,0,True
228.72239692229775,8,0.9492073649806312,0.8,31.0,,72,240.96146464999765,1.0,0.9572676096469146,0.9383850311565428,0.7830709395565217,30,26.0,18,10,208.6600329670473,16,0.8659477284889974,240.96146464999765,6,1.0,8.47608689777553,moderate_12__rho_0.800,replica,8.476021256297827,,moderate_12,moderate,True,8.423379342071712,0.8,5,8,17,0,True
202.352,15,0.8670531624524915,0.8,,,72,233.379,1.0,0.9338923094994328,0.9504396996587812,0.8091527591716133,30,,18,9,233.379,7,1.0,229.707,8,0.9842659365238516,0.0325503768399357,moderate_13__rho_0.800,cpsat,0.0323688462376594,OPTIMAL,moderate_13,moderate,True,,0.8,9,0,21,0,True
375.7709442647174,7,0.9689350051068588,0.8,,,72,387.8185247557194,0.9689350051068588,0.9338923094994328,0.612173327049765,0.8091527591716133,30,,18,9,238.6199395880103,12,0.615287626444129,97.84558592099349,11,0.2522973495983071,0.0009383372962474,moderate_13__rho_0.800,easy,0.00091989710927,,moderate_13,moderate,True,,0.8,9,0,21,0,True
198.0683868266642,14,0.8469152291289614,0.8,,,72,233.8703804280085,1.0,0.9338923094994328,0.9456669527245564,0.8091527591716133,30,,18,7,233.8703804280085,8,1.0,231.55170272098985,8,0.9900856290447076,0.0003547025844454,moderate_13__rho_0.800,heft,0.0003374433144927,,moderate_13,moderate,True,,0.8,9,0,21,0,True
202.353123376146,15,0.8670585746010026,0.8,31.0,,72,233.3788388740213,1.0,0.9338923094994328,0.9504432518727818,0.8091527591716133,30,26.0,18,9,233.3788388740213,7,1.0,229.70806536298915,8,0.9842711810173428,8.445052999071777,moderate_13__rho_0.800,replica,8.444983378052711,,moderate_13,moderate,True,8.373992964625359,0.8,9,0,21,0,True
346.133,6,0.986800204126433,0.8,,,72,350.763,0.986800204126433,0.8819266134882395,0.6840269165599945,0.7903996787172843,30,,18,13,32.91800000000004,6,0.093846842454877,340.743,18,0.9714337030986736,0.1234115492552518,moderate_14__rho_0.800,cpsat,0.1231730282306671,OPTIMAL,moderate_14,moderate,True,,0.8,0,18,12,0,True
366.02500610332936,8,0.9687392423037816,0.8,,,72,377.8364601323228,0.9687392423037816,0.8819266134882395,0.6368685137263511,0.7903996787172843,30,,18,5,20.7454434769752,4,0.0549058803634511,335.1259848079899,18,0.8869604185118206,0.0014581615105271,moderate_14__rho_0.800,easy,0.0014338204637169,,moderate_14,moderate,True,,0.8,0,18,12,0,True
338.9518655659631,1,0.9663264276246653,0.8,,,72,350.76331959495656,0.9729403927499292,0.8819266134882395,0.6806236820400766,0.7903996787172843,30,,18,11,35.98979882700951,7,0.1026042257456357,341.27180192898595,22,0.9729403927499292,0.0003599626943469,moderate_14__rho_0.800,heft,0.0003424724563956,,moderate_14,moderate,True,,0.8,0,18,12,0,True
338.9518655659631,1,0.9663264276246653,0.8,31.0,,72,350.76331959495656,0.9726228068685911,0.8819266134882395,0.6806346266061644,0.7903996787172843,30,22.0,18,14,36.112713162001455,10,0.1029546453252368,341.16040445099134,19,0.9726228068685911,7.4894740441814065,moderate_14__rho_0.800,replica,7.4893984431400895,,moderate_14,moderate,True,7.320500220172107,0.8,0,18,12,0,True
181.51800000000003,12,0.7388331257479182,0.8,,,72,245.682,0.9935363600100944,0.953086903517938,0.8929293422662901,0.7658584940317135,30,,18,13,232.518,5,0.9464185410408577,244.094,13,0.9935363600100944,0.0450710179284215,moderate_15__rho_0.800,cpsat,0.0448472267016768,OPTIMAL,moderate_15,moderate,True,,0.8,7,4,19,0,True
362.18730603624135,6,0.9684184674116748,0.8,,,72,373.9987600652348,0.9684184674116748,0.953086903517938,0.632147816747225,0.7658584940317135,30,,18,5,80.40967921499396,2,0.2149998550823229,266.670513672987,22,0.7130251277476773,0.0011012181639671,moderate_15__rho_0.800,easy,0.0010791597887873,,moderate_15,moderate,True,,0.8,7,4,19,0,True
183.36687852814796,7,0.7003002894964085,0.8,,,72,261.8403580269951,1.0,0.953086903517938,0.8415798451156699,0.7658584940317135,30,,18,10,215.8714673050272,9,0.8244392458506009,261.8403580269951,14,1.0,0.0003462322056293,moderate_15__rho_0.800,heft,0.00032839179039,,moderate_15,moderate,True,,0.8,7,4,19,0,True
186.6474196612835,9,0.7554451487293918,0.8,31.0,,72,247.06945299101065,0.9900347546197652,0.953086903517938,0.8843097017772993,0.7658584940317135,30,23.0,18,14,224.20297795100487,7,0.9074492019827408,244.6073452659948,14,0.9900347546197652,7.37429007422179,moderate_15__rho_0.800,replica,7.374225484207272,,moderate_15,moderate,True,7.32578903529793,0.8,7,4,19,0,True
352.813,3,0.995241184767278,0.8,,,72,354.5,0.995241184767278,0.8912299927857164,0.6514132581100142,0.624016274258326,30,,18,7,332.5930000000001,25,0.9382031029619184,7.371999999999957,2,0.0207954866008461,0.0398744782432913,moderate_16__rho_0.800,cpsat,0.0396779756993055,OPTIMAL,moderate_16,moderate,True,,0.8,0,18,12,0,True
361.3146531954408,7,0.9385305506717396,0.8,,,72,384.97910689943456,0.9385305506717396,0.8912299927857164,0.6140475044893794,0.624016274258326,30,,18,7,234.9543088680075,18,0.6103040519790676,112.91741755299518,5,0.2933079108173312,0.000897167250514,moderate_16__rho_0.800,easy,0.0008777463808655,,moderate_16,moderate,True,,0.8,0,18,12,0,True
348.527977979742,2,0.9831556437678334,0.8,,,72,354.49929030977,0.9831556437678334,0.8912299927857164,0.66332148373121,0.624016274258326,30,,18,11,241.50894614707795,21,0.6812677845872177,115.40406156299288,7,0.3255410228385789,0.0003690728917717,moderate_16__rho_0.800,heft,0.000350291840732,,moderate_16,moderate,True,,0.8,0,18,12,0,True
348.527977979742,2,0.9831556437678334,0.8,31.0,,72,354.49929030977,0.9831556437678334,0.8912299927857164,0.6636591097658253,0.624016274258326,30,26.0,18,12,240.2737684600579,21,0.6777834964072873,116.99830381899665,7,0.3300381891223554,8.760179749689996,moderate_16__rho_0.800,replica,8.760118758305907,,moderate_16,moderate,True,8.680338342674077,0.8,0,18,12,0,True
339.06,3,0.9666355915532712,0.8,,,72,350.763,0.9687224707280984,0.8509723737353411,0.6796878043959406,0.7515925056883505,30,,18,11,36.37599999999997,7,0.1037053509064524,339.792,20,0.9687224707280984,0.0906636733561754,moderate_17__rho_0.800,cpsat,0.0904261516407132,OPTIMAL,moderate_17,moderate,True,,0.8,0,18,12,0,True
369.4392870441079,12,0.9690191971935636,0.8,,,72,381.2507410731014,0.9690191971935636,0.8509723737353411,0.6324402387906113,0.7515925056883505,30,,18,6,32.97797366301529,4,0.0864994349130774,320.93766846298604,14,0.8418020842651927,0.0011332994326949,moderate_17__rho_0.800,easy,0.0011108685284852,,moderate_17,moderate,True,,0.8,0,18,12,0,True
338.9518655659631,1,0.9663264276246653,0.8,,,72,350.76331959495656,0.968889608033774,0.8509723737353411,0.6796406799993032,0.7515925056883505,30,,18,11,36.376262344041606,7,0.1037060043394704,339.8509352349829,22,0.968889608033774,0.0003714626654982,moderate_17__rho_0.800,heft,0.0003505535423755,,moderate_17,moderate,True,,0.8,0,18,12,0,True
338.9518655659631,1,0.9663264276246653,0.8,31.0,,72,350.76331959495656,0.9687473318457837,0.8509723737353411,0.6796461311308472,0.7515925056883505,30,24.0,18,13,36.43190378302825,8,0.1038646339220929,339.80102996698406,21,0.9687473318457837,7.766977604478598,moderate_17__rho_0.800,replica,7.766907985322177,,moderate_17,moderate,True,7.673441614955664,0.8,0,18,12,0,True
360.041,11,0.9999861128855756,0.8,,,72,360.046,0.9999861128855756,0.9202928297755884,0.6697931190273835,0.8588507021851162,30,,18,18,3.8430000000000177,7,0.0106736361464924,359.585,12,0.9987196080500824,0.0479416223242878,moderate_18__rho_0.800,cpsat,0.0476515302434563,OPTIMAL,moderate_18,moderate,True,,0.8,0,18,12,0,True
505.2015414824709,6,0.9552690640516628,0.8,,,72,528.8578480074684,0.9552690640516628,0.9202928297755884,0.4999574197962893,0.8588507021851162,30,,18,6,3.704479428037303,4,0.0070046789359264,284.313194475988,20,0.5375985164012788,0.0009835474193096,moderate_18__rho_0.800,easy,0.0009642066434025,,moderate_18,moderate,True,,0.8,0,18,12,0,True
360.1903824368492,7,0.9895383712447076,0.8,,,72,363.9983985500003,1.0,0.9202928297755884,0.666869742207457,0.8588507021851162,30,,18,19,4.029773628048133,12,0.0110708553776633,363.9983985500003,11,1.0,0.0005750255659222,moderate_18__rho_0.800,heft,0.0005467738956212,,moderate_18,moderate,True,,0.8,0,18,12,0,True
360.7208576723933,6,0.99264708206002,0.8,31.0,,72,363.3928555189996,1.0,0.9202928297755884,0.6678804052917166,0.8588507021851162,30,21.0,18,15,3.995189681038028,11,0.0109941338151298,363.3928555189996,13,1.0,7.005906393751502,moderate_18__rho_0.800,replica,7.005856663919985,,moderate_18,moderate,True,6.821553804911673,0.8,0,18,12,0,True
238.836,13,0.9970610336478248,0.8,,,72,239.54,0.9998330132754446,0.8969622331691297,0.9495282625031308,0.8381568144499177,30,,18,17,204.014,11,0.8516907405861234,239.5,6,0.9998330132754446,0.1141871726140379,moderate_19__rho_0.800,cpsat,0.1139935618266463,OPTIMAL,moderate_19,moderate,True,,0.8,1,16,13,0,True
206.53412535320967,10,0.7807322518810784,0.8,,,72,264.53899509798794,1.0,0.8969622331691297,0.8456628735202539,0.8381568144499177,30,,18,4,200.05929980697687,3,0.7562563686796834,264.53899509798794,17,1.0,0.0008980873972177,moderate_19__rho_0.800,easy,0.0008785370737314,,moderate_19,moderate,True,,0.8,1,16,13,0,True
235.58933993335813,12,0.9654461225505184,0.8,,,72,244.0212192379804,0.997985660609671,0.8969622331691297,0.9310851003051818,0.8381568144499177,30,,18,10,202.49454655501177,11,0.8298235177553557,243.5296776839932,7,0.997985660609671,0.0003762226551771,moderate_19__rho_0.800,heft,0.0003543831408023,,moderate_19,moderate,True,,0.8,1,16,13,0,True
238.7358283791691,13,0.9929737252025488,0.8,31.0,,72,240.4251213499847,0.9979555316381784,0.8969622331691297,0.9465299234771866,0.8381568144499177,30,24.0,18,13,204.0393069650163,12,0.8486605135908327,239.9335797959975,5,0.9979555316381784,7.6666800966486335,moderate_19__rho_0.800,replica,7.666643346659839,,moderate_19,moderate,True,7.567054885439575,0.8,1,16,13,0,True
231.788,16,0.9974224031464756,0.8,,,72,232.387,0.9981711541523408,1.0,0.9764889315380524,0.7928912095591478,30,,18,9,217.02,7,0.9338732373153404,231.962,7,0.9981711541523408,0.0616737436503171,moderate_20__rho_0.800,cpsat,0.06144087202847,OPTIMAL,moderate_20,moderate,True,,0.8,0,18,12,0,True
362.9875941975042,7,0.9684859017521956,0.8,,,72,374.7990482264977,0.9684859017521956,1.0,0.6310086802139032,0.7928912095591478,30,,18,4,80.40967921499396,2,0.2145407775059262,266.1070848879899,21,0.7099993613835879,0.0012207496911287,moderate_20__rho_0.800,easy,0.0011967690661549,,moderate_20,moderate,True,,0.8,0,18,12,0,True
233.51873163320124,16,0.9883714712129956,0.8,,,72,236.266159469993,1.0,1.0,0.9620998263906344,0.7928912095591478,30,,18,9,212.1500019209925,5,0.897928007958908,236.266159469993,9,1.0,0.0005531441420316,moderate_20__rho_0.800,heft,0.0005268342792987,,moderate_20,moderate,True,,0.8,0,18,12,0,True
235.88531746529043,15,0.999868881296083,0.8,31.0,,72,235.91625049828872,0.999868881296083,1.0,0.9653139175721552,0.7928912095591478,30,25.0,18,13,212.2600060220284,8,0.8997260916689929,235.05439647499225,7,0.99634677975139,8.098202185705304,moderate_20__rho_0.800,replica,8.098135843873024,,moderate_20,moderate,True,7.932476054877043,0.8,0,18,12,0,True
232.72000000000003,16,0.9812950125655688,0.8,,,72,237.156,0.9812950125655688,0.8759127053133506,0.9559361770311524,0.7825949925543496,30,,18,12,230.024,11,0.9699269679029836,217.374,3,0.9165865506249052,0.0586666110903024,nominal_01__rho_0.800,cpsat,0.0582784479483962,OPTIMAL,nominal_01,nominal,True,,0.8,0,18,12,0,True
361.3146531954408,7,0.9374359971318064,0.8,,,72,385.42860984741856,0.9374359971318064,0.8759127053133506,0.6186904686980322,0.7825949925543496,30,,18,9,267.98105986995506,16,0.6952806642351796,86.08730876299524,7,0.2233547447271104,0.0019470350816845,nominal_01__rho_0.800,easy,0.0019092848524451,,nominal_01,nominal,True,,0.8,0,18,12,0,True
237.02587757166475,12,0.9994508257421262,0.8,,,72,237.1561176065516,0.9994508257421262,0.8759127053133506,0.960095980346116,0.7825949925543496,30,,18,12,226.16726528396248,11,0.953664057105118,219.88476282999545,7,0.9271730581911036,0.0007067145779728,nominal_01__rho_0.800,heft,0.0006731357425451,,nominal_01,nominal,True,,0.8,0,18,12,0,True
237.0805332409218,13,0.9995175801473988,0.8,31.0,,72,237.19496079894816,0.9995175801473988,0.8759127053133506,0.959973186102514,0.7825949925543496,30,26.0,18,12,226.16726528396248,11,0.9535078844936634,219.8546082119974,6,0.9268940936664803,9.033152570016682,nominal_01__rho_0.800,replica,9.03311114013195,,nominal_01,nominal,True,8.953251176513731,0.8,0,18,12,0,True
34.94400000000002,8,0.1292044887319517,0.8,,,72,270.455,0.9998964707622342,0.8853225902191869,0.7095413285019689,0.7453133552271483,30,,18,12,270.427,5,0.9998964707622342,270.326,17,0.9995230260117208,0.0502089411020278,severe_01__rho_0.800,cpsat,0.0498184980824589,OPTIMAL,severe_01,severe,True,,0.8,0,18,12,0,True
0.0,0,0.0,0.8,,,72,313.0008118990554,0.9244209419730618,0.8853225902191869,0.6052959828012145,0.7453133552271483,30,,18,1,289.3445053740579,13,0.9244209419730618,279.0298967939925,17,0.8914670064305817,0.0010365294292569,severe_01__rho_0.800,easy,0.0010085282847285,,severe_01,severe,True,,0.8,0,18,12,0,True
21.690774891525507,7,0.0780006084996038,0.8,,,72,278.0846881679863,1.0,0.8853225902191869,0.692124577863285,0.7453133552271483,30,,18,9,277.63227916602045,8,0.998373125090251,278.0846881679863,15,1.0,0.0003816941753029,severe_01__rho_0.800,heft,0.000360413454473,,severe_01,severe,True,,0.8,0,18,12,0,True
35.067712075077,10,0.1296429689506937,0.8,31.0,,72,270.4945155059977,1.0,0.8853225902191869,0.7095200856488352,0.7453133552271483,30,24.0,18,11,270.4945155059977,7,1.0,270.2016478469923,13,0.9989172879958118,7.800333110615611,severe_01__rho_0.800,replica,7.80020865984261,,severe_01,severe,True,7.667141134850681,0.8,0,18,12,0,True
16.015000000000043,11,0.0575148141497577,0.8,,,72,278.45,0.999996408690968,0.9222500078940796,0.6827748847788353,0.8723920661162968,30,,18,19,278.449,4,0.999996408690968,275.892,15,0.9908134314957804,0.0674815420061349,severe_02__rho_0.800,cpsat,0.0671352194622159,OPTIMAL,severe_02,severe,True,,0.8,0,18,12,0,True
337.27892456389964,1,0.9344583058472034,0.8,,,72,360.9352310888971,0.9344583058472034,0.9222500078940796,0.6517376858186963,0.8723920661162968,30,,18,1,89.39645536305034,12,0.2476800480057107,279.0298967939925,17,0.7730747036031748,0.0009994180873036,severe_02__rho_0.800,easy,0.0009792977944016,,severe_02,severe,True,,0.8,0,18,12,0,True
6.991523222066462,5,0.0244245847002497,0.8,,,72,286.2494207320124,0.9999020978839824,0.9222500078940796,0.672793877562666,0.8723920661162968,30,,18,14,286.22139630801394,7,0.9999020978839824,284.5476536429924,18,0.9940549501037657,0.0003781430423259,severe_02__rho_0.800,heft,0.0003573633730411,,severe_02,severe,True,,0.8,0,18,12,0,True
11.935571623966098,8,0.0425537427028468,0.8,31.0,,72,280.48229993099085,1.0,0.9222500078940796,0.68081992259983,0.8723920661162968,30,23.0,18,16,280.45594163396163,6,0.9999060250966436,280.48229993099085,16,1.0,7.410331416875124,severe_02__rho_0.800,replica,7.410254926420748,,severe_02,severe,True,7.286270343698561,0.8,0,18,12,0,True
4.585000000000008,11,0.0164169805645866,0.8,,,72,279.284,1.0,1.0,0.671215202684961,0.9075516110912378,30,,18,17,278.51,11,0.9972286274902966,279.284,8,1.0,0.0363184679299593,severe_03__rho_0.800,cpsat,0.0361259561032056,OPTIMAL,severe_03,severe,True,,0.8,0,18,12,0,True
0.0,0,0.0,0.8,,,72,313.0008118990554,0.9244209419730618,1.0,0.6052959828012145,0.9075516110912378,30,,18,1,289.3445053740579,13,0.9244209419730618,279.0298967939925,17,0.8914670064305817,0.0010276790708303,severe_03__rho_0.800,easy,0.0010086772963404,,severe_03,severe,True,,0.8,0,18,12,0,True
4.519179379567504,10,0.0157736297091738,0.8,,,72,286.50218515901724,0.9998906200593886,1.0,0.670560828265801,0.9075516110912378,30,,18,16,286.4708475670195,9,0.9998906200593886,285.36140079399047,11,0.9960182350288408,0.0003545628860592,severe_03__rho_0.800,heft,0.0003343932330608,,severe_03,severe,True,,0.8,0,18,12,0,True
4.585593565367162,11,0.0164167795749165,0.8,31.0,,72,279.32357527499335,1.0,1.0,0.6711176428910175,0.9075516110912378,30,23.0,18,16,278.4677694869752,10,0.996936149098136,279.32357527499335,9,1.0,7.496407059952617,severe_03__rho_0.800,replica,7.496343739330769,,severe_03,severe,True,7.325908829458058,0.8,0,18,12,0,True
163.483,10,0.6767100606411822,0.8,,,72,241.585,1.0,0.8950465243568692,0.8921897744755124,0.7834935904746546,30,,18,19,241.551,12,0.999859262785355,241.585,8,1.0,0.1506637148559093,severe_04__rho_0.800,cpsat,0.1504243230447173,OPTIMAL,severe_04,severe,True,,0.8,0,18,12,0,True
150.55532564409077,1,0.5764700183074501,0.8,,,72,261.1676598310005,1.0,0.8950465243568692,0.8331361543277763,0.7834935904746546,30,,18,1,241.04167376406255,17,0.9229384446758788,261.1676598310005,12,1.0,0.0009967684745788,severe_04__rho_0.800,easy,0.0009777685627341,,severe_04,severe,True,,0.8,0,18,12,0,True
159.05612547695637,8,0.6450543078873464,0.8,,,72,246.5778827179529,0.9997199085895172,0.8950465243568692,0.880875414713325,0.7834935904746546,30,,18,14,246.5088183709886,10,0.9997199085895172,246.0482402469861,12,0.9978520276631112,0.0004465347155928,severe_04__rho_0.800,heft,0.0004291133955121,,severe_04,severe,True,,0.8,0,18,12,0,True
159.32474282942712,11,0.6450824684418585,0.8,31.0,,72,246.98352632999377,1.0,0.8950465243568692,0.8816280535941745,0.7834935904746546,30,23.0,18,17,246.93454760499296,9,0.9998016923406652,246.98352632999377,10,1.0,7.338634229265153,severe_04__rho_0.800,replica,7.338554078713059,,severe_04,severe,True,7.232611537910998,0.8,0,18,12,0,True
179.95499999999998,10,0.7509451756399235,0.8,,,72,239.638,1.0,0.8807471264367815,0.9169733792915424,0.7854083643948122,30,,18,15,239.632,9,0.999974962234704,239.638,11,1.0,0.1267650695517659,severe_05__rho_0.800,cpsat,0.1265324773266911,OPTIMAL,severe_05,severe,True,,0.8,0,18,12,0,True
150.55532564409077,1,0.5764700183074501,0.8,,,72,261.1676598310005,1.0,0.8807471264367815,0.8331361543277763,0.7854083643948122,30,,18,1,241.04167376406255,17,0.9229384446758788,261.1676598310005,12,1.0,0.0010287379845976,severe_05__rho_0.800,easy,0.0010100379586219,,severe_05,severe,True,,0.8,0,18,12,0,True
156.41276215948164,5,0.6307345671312797,0.8,,,72,247.9850801120374,0.999873631139488,0.8807471264367815,0.8761798042124332,0.7854083643948122,30,,18,11,247.95374252003967,11,0.999873631139488,247.4720521409872,14,0.997931214366532,0.0004716143012046,severe_05__rho_0.800,heft,0.0004531741142272,,severe_05,severe,True,,0.8,0,18,12,0,True
175.60003342851996,8,0.729203057611019,0.8,31.0,,72,240.8108846989926,1.0,0.8807471264367815,0.9080620944558728,0.7854083643948122,30,24.0,18,12,239.6027908551041,17,0.9949832257565993,240.8108846989926,5,1.0,7.724595411680639,severe_05__rho_0.800,replica,7.724536431953311,,severe_05,severe,True,7.592123730108142,0.8,0,18,12,0,True
218.292,10,0.9477111697693804,0.8,,,72,230.336,0.9986975548763546,0.9649698960043788,0.9804662174678151,0.882031269654993,30,,18,10,230.03600000000003,12,0.9986975548763546,229.182,8,0.9949899277577104,0.0449224896728992,severe_06__rho_0.800,cpsat,0.0447372971102595,OPTIMAL,severe_06,severe,True,,0.8,8,2,20,0,True
170.2918575676158,3,0.6569238538560098,0.8,,,72,259.2261744919706,0.99957083887772,0.9649698960043788,0.8364193629551572,0.882031269654993,30,,18,8,221.05859292601235,21,0.8527633961317418,259.11492469600125,6,0.99957083887772,0.0009969677776098,severe_06__rho_0.800,easy,0.0009774779900908,,severe_06,severe,True,,0.8,8,2,20,0,True
210.5381558453664,8,0.896217501743419,0.8,,,72,234.91859446596936,0.999526432566046,0.9649698960043788,0.944789533968896,0.882031269654993,30,,18,9,220.50038764302732,18,0.9386246675972232,234.80734467,4,0.999526432566046,0.0004620440304279,severe_06__rho_0.800,heft,0.0004442241042852,,severe_06,severe,True,,0.8,8,2,20,0,True
209.4785160627216,7,0.9012546507084174,0.8,31.0,,72,232.4298863790209,0.9998651739994114,0.9649698960043788,0.9666874072704904,0.882031269654993,30,27.0,18,10,232.3985487870232,12,0.9998651739994114,232.1840678579865,11,0.998942397103643,8.565987412817776,severe_06__rho_0.800,replica,8.565904293209314,,severe_06,severe,True,8.485763368196785,0.8,8,2,20,0,True
50.44399999999998,7,0.1868130240274937,0.8,,,72,270.024,0.9996703996681774,0.8267531122223847,0.718107773136215,0.8223348282362797,30,,18,10,269.93499999999995,4,0.9996703996681774,261.34000000000003,19,0.9678398957129738,0.049807378090918,severe_07__rho_0.800,cpsat,0.049598217010498,OPTIMAL,severe_07,severe,True,,0.8,0,18,12,0,True
338.9518655659631,1,0.9663264276246653,0.8,,,72,350.76331959495656,0.9663264276246653,0.8267531122223847,0.666477361048721,0.8223348282362797,30,,18,1,89.39645536305034,12,0.2548626106808453,272.979113859994,17,0.7782430448406527,0.0010199882090091,severe_07__rho_0.800,easy,0.0009987587109208,,severe_07,severe,True,,0.8,0,18,12,0,True
47.82809336390346,6,0.1759638128271228,0.8,,,72,271.8064163049967,0.9996734912067092,0.8267531122223847,0.7216464808917413,0.8223348282362797,30,,18,10,271.7176691200002,4,0.9996734912067092,268.8986689469857,20,0.989302138641392,0.000484874472022,severe_07__rho_0.800,heft,0.0004587741568684,,severe_07,severe,True,,0.8,0,18,12,0,True
53.53837221022695,9,0.1982723491097437,0.8,31.0,,72,270.024400530976,0.9996713364243308,0.8267531122223847,0.7195156798855483,0.8223348282362797,30,24.0,18,11,269.9356533459795,4,0.9996713364243308,259.386344844992,17,0.9606033541225708,7.629633174277842,severe_07__rho_0.800,replica,7.629552953876555,,severe_07,severe,True,7.477525368332863,0.8,0,18,12,0,True
5.746999999999986,9,0.0205776199137794,0.8,,,72,279.284,1.0,1.0,0.6714204895375318,0.6352039437725634,30,,18,14,277.52000000000004,13,0.9936838486988158,279.284,8,1.0,0.0765694472938776,severe_08__rho_0.800,cpsat,0.0763875776901841,OPTIMAL,severe_08,severe,True,,0.8,0,18,12,0,True
0.0,0,0.0,0.8,,,72,313.0008118990554,0.9244209419730618,1.0,0.6052959828012145,0.6352039437725634,30,,18,1,289.3445053740579,13,0.9244209419730618,279.0298967939925,17,0.8914670064305817,0.0010007880628108,severe_08__rho_0.800,easy,0.0009809182956814,,severe_08,severe,True,,0.8,0,18,12,0,True
5.855110106058419,11,0.02049477620407,0.8,,,72,285.68792592600585,0.9998903083079336,1.0,0.6730547494885109,0.6352039437725634,30,,18,17,285.6565883340081,7,0.9998903083079336,285.33914780799387,12,0.9987791639535292,0.0004564635455608,severe_08__rho_0.800,heft,0.0004388131201267,,severe_08,severe,True,,0.8,0,18,12,0,True
5.658526551909745,8,0.0202608183439008,0.8,31.0,,72,279.28420539899525,1.0,1.0,0.6713708021813581,0.6352039437725634,30,25.0,18,12,277.5670510950149,14,0.9938515882001736,279.28420539899525,8,1.0,7.845542695373297,severe_08__rho_0.800,replica,7.845460793934762,,severe_08,severe,True,7.616491549648344,0.8,0,18,12,0,True
45.828,9,0.1697182472669096,0.8,,,72,270.024,0.9996703996681774,0.8871917032489407,0.71602277328435,0.8715529549809249,30,,18,12,269.93499999999995,4,0.9996703996681774,264.26700000000005,17,0.9786796729179632,0.0448098592460155,severe_09__rho_0.800,cpsat,0.0443456033244729,OPTIMAL,severe_09,severe,True,,0.8,0,18,12,0,True
338.9518655659631,1,0.9663264276246653,0.8,,,72,350.76331959495656,0.9663264276246653,0.8871917032489407,0.666477361048721,0.8715529549809249,30,,18,1,89.39645536305034,12,0.2548626106808453,272.979113859994,17,0.7782430448406527,0.0009783776476979,severe_09__rho_0.800,easy,0.0009585879743099,,severe_09,severe,True,,0.8,0,18,12,0,True
17.28122860658914,6,0.0627353341582877,0.8,,,72,275.462446138994,1.0,0.8871917032489407,0.6874632603191441,0.8715529549809249,30,,18,14,275.3672592090152,11,0.9996544467991444,275.462446138994,13,1.0,0.0003668628633022,severe_09__rho_0.800,heft,0.0003484720364212,,severe_09,severe,True,,0.8,0,18,12,0,True
45.82863122411072,9,0.1697203331772732,0.8,31.0,,72,270.024400530976,0.9996713364243308,0.8871917032489407,0.7160235405127698,0.8715529549809249,30,24.0,18,12,269.9356533459795,4,0.9996713364243308,264.2671973089928,17,0.9786789519367056,7.534354032017291,severe_09__rho_0.800,replica,7.534258310683072,,severe_09,severe,True,7.464808646589518,0.8,0,18,12,0,True
221.79,15,0.943590485388153,0.8,,,72,235.049,0.995464775429804,0.878352490421456,0.9627226663376572,0.8094115239971212,30,,18,6,233.983,11,0.995464775429804,223.088,4,0.9491127381950146,0.0368332332000136,severe_10__rho_0.800,cpsat,0.0366275208070874,OPTIMAL,severe_10,severe,True,,0.8,0,18,12,0,True
361.3146531954408,7,0.9382104927112886,0.8,,,72,385.1104373724229,0.9382104927112886,0.878352490421456,0.6096901925894882,0.8094115239971212,30,,18,8,236.04653848000453,17,0.612932072395988,107.0329785139984,6,0.277928012661188,0.001008229330182,severe_10__rho_0.800,easy,0.0009885979816317,,severe_10,severe,True,,0.8,0,18,12,0,True
216.2013097209856,5,0.9198092454066826,0.8,,,72,235.05015936798367,0.9551566145187532,0.878352490421456,0.94135951130299,0.8094115239971212,30,,18,9,224.50971446401672,21,0.9551566145187532,223.08908527800304,4,0.9491126739835348,0.0003578728064894,severe_10__rho_0.800,heft,0.0003393637016415,,severe_10,severe,True,,0.8,0,18,12,0,True
218.61293678544465,16,0.929567755917622,0.8,31.0,,72,235.17697918603156,0.9998452238559812,0.878352490421456,0.959337947399006,0.8094115239971212,30,27.0,18,8,235.14057940003116,10,0.9998452238559812,223.08908527800304,4,0.948600862423415,8.585129574872553,severe_10__rho_0.800,replica,8.585025914013386,,severe_10,severe,True,8.504336869344115,0.8,0,18,12,0,True
219.341,9,0.9523025958745608,0.8,,,72,230.327,0.9952675978065968,0.928951123387962,0.9737431275244908,0.8352000385821199,30,,18,14,224.26,12,0.973659188892314,229.237,9,0.9952675978065968,0.0640942370519042,severe_11__rho_0.800,cpsat,0.0637942655012011,OPTIMAL,severe_11,severe,True,,0.8,0,18,12,0,True
9.610927134752274,1,0.0297295405306269,0.8,,,72,323.27869732299587,1.0,0.928951123387962,0.600918223022157,0.8352000385821199,30,,18,1,249.9025565510092,17,0.7730251285358443,323.27869732299587,12,1.0,0.0009958483278751,severe_11__rho_0.800,easy,0.000976437702775,,severe_11,severe,True,,0.8,0,18,12,0,True
196.80419040843844,8,0.8358547178593634,0.8,,,72,235.45262855303008,0.994919923729908,0.928951123387962,0.941786703947838,0.8352000385821199,30,,18,12,234.17776329201297,12,0.9945854702542428,234.25651124198703,10,0.994919923729908,0.0004676142707467,severe_11__rho_0.800,heft,0.0004481440410017,,severe_11,severe,True,,0.8,0,18,12,0,True
196.8588460776955,9,0.8398544271525987,0.8,31.0,,72,234.3963902710093,0.999880440035932,0.928951123387962,0.9455898341649768,0.8352000385821199,30,25.0,18,15,234.3683658470109,11,0.999880440035932,233.70131949099232,10,0.9970346353063998,8.002479562535882,severe_11__rho_0.800,replica,8.002393931150436,,severe_11,severe,True,7.858833473175764,0.8,0,18,12,0,True
221.626,14,0.9429168279846666,0.8,,,72,235.043,0.9942606246516594,0.9251768138575664,0.9621757153655572,0.8252187658402244,30,,18,5,233.694,11,0.9942606246516594,223.138,5,0.9493496934603456,0.033925199881196,severe_12__rho_0.800,cpsat,0.0335234953090548,OPTIMAL,severe_12,severe,True,,0.8,7,4,19,0,True
361.3146531954408,7,0.9382244674454115,0.8,,,72,385.1047012014351,0.9382244674454115,0.9251768138575664,0.6140822831532088,0.8252187658402244,30,,18,6,246.8352169239952,15,0.6409561247991209,101.30805238099856,8,0.2630662572150938,0.0010194377973675,severe_12__rho_0.800,easy,0.0009929277002811,,severe_12,severe,True,,0.8,7,4,19,0,True
66.78594649676234,12,0.1573262575104504,0.8,,,72,424.5060395740111,0.999927991264787,0.9251768138575664,0.4653251726378593,0.8252187658402244,30,,18,8,424.4754714310111,9,0.999927991264787,101.33862052399854,9,0.2387212691383405,0.0004654033109545,severe_12__rho_0.800,heft,0.0004474837332963,,severe_12,severe,True,,0.8,7,4,19,0,True
217.3957255780697,14,0.9235700333719497,0.8,31.0,,72,235.38629202201264,1.0,0.9251768138575664,0.957179794880712,0.8252187658402244,30,27.0,18,5,235.38629202201264,11,1.0,223.13899054600188,5,0.947969351270186,8.54781055264175,severe_12__rho_0.800,replica,8.547733281739056,,severe_12,severe,True,8.49169459193945,0.8,7,4,19,0,True
25.980000000000047,10,0.0951244159990628,0.8,,,72,273.116,1.0,0.93671438536269,0.6983027968579897,0.8485279853401241,30,,18,15,273.057,10,0.999783974574906,273.116,10,1.0,0.0751219987869262,severe_13__rho_0.800,cpsat,0.0748808570206165,OPTIMAL,severe_13,severe,True,,0.8,0,18,12,0,True
0.0,0,0.0,0.8,,,72,313.0008118990554,0.9244209419730618,0.93671438536269,0.6052959828012145,0.8485279853401241,30,,18,1,289.3445053740579,13,0.9244209419730618,279.0298967939925,17,0.8914670064305817,0.0010184086859226,severe_13__rho_0.800,easy,0.0009996090084314,,severe_13,severe,True,,0.8,0,18,12,0,True
26.676031226292253,9,0.0962641720834732,0.8,,,72,277.11276842604275,0.9998816014353832,0.93671438536269,0.6971544091853296,0.8485279853401241,30,,18,12,277.0799586720241,11,0.9998816014353832,275.8151751509904,10,0.9953174540371328,0.0004596738144755,severe_13__rho_0.800,heft,0.000442094169557,,severe_13,severe,True,,0.8,0,18,12,0,True
26.72758596483618,10,0.0976936697377815,0.8,31.0,,72,273.58564824696805,0.9998975661765228,0.93671438536269,0.6971519471473052,0.8485279853401241,30,25.0,18,14,273.5576238229696,7,0.9998975661765228,271.9070923729887,13,0.9938646055276112,7.981005328707397,severe_13__rho_0.800,replica,7.980934049002826,,severe_13,severe,True,7.869460644200444,0.8,0,18,12,0,True
338.952,1,0.966327691347149,0.8,,,72,350.763,0.966327691347149,0.9778466412531048,0.6797410217155173,0.8443202412348918,30,,18,8,50.52899999999995,15,0.1440545325476175,325.803,14,0.9288408412517856,0.0336111765354871,severe_14__rho_0.800,cpsat,0.0334182549268007,OPTIMAL,severe_14,severe,True,,0.8,4,10,16,0,True
348.56279270071536,2,0.967224478063627,0.8,,,72,360.3742467297088,0.967224478063627,0.9778466412531048,0.6608397236420487,0.8443202412348918,30,,18,5,23.19416899001226,7,0.0643613388040143,342.6918911589892,21,0.9509333540585048,0.0010312385857105,severe_14__rho_0.800,easy,0.0009853485971689,,severe_14,severe,True,,0.8,4,10,16,0,True
164.98542927764356,3,0.3510979481190772,0.8,,,72,469.9128267809974,1.0,0.9778466412531048,0.4691858122371677,0.8443202412348918,30,,18,10,26.53103788307635,13,0.0564594885924259,469.9128267809974,14,1.0,0.0003727227449417,severe_14__rho_0.800,heft,0.0003521731123328,,severe_14,severe,True,,0.8,4,10,16,0,True
338.9518655659631,1,0.9663264276246653,0.8,31.0,,72,350.76331959495656,0.9663264276246653,0.9778466412531048,0.6797380087746343,0.8443202412348918,30,25.0,18,7,50.49526861601044,14,0.1439582356396894,325.8343470559957,15,0.9289293630595482,7.977999280206859,severe_14__rho_0.800,replica,7.977933209389448,,severe_14,severe,True,7.937327703461051,0.8,4,10,16,0,True
214.222,7,0.9282037505632778,0.8,,,72,230.792,0.9994800513016048,0.91645332011614,0.9755624111754306,0.9589025178606198,30,,18,9,230.562,15,0.9990034316614096,230.672,8,0.9994800513016048,0.1053066477179527,severe_15__rho_0.800,cpsat,0.1051130760461092,OPTIMAL,severe_15,severe,True,,0.8,0,18,12,0,True
164.87838776316494,4,0.6313124215680319,0.8,,,72,261.1676598310005,1.0,0.91645332011614,0.8352543050094012,0.9589025178606198,30,,18,3,228.3781890150567,14,0.8744504934601719,261.1676598310005,12,1.0,0.0010416386649012,severe_15__rho_0.800,easy,0.0010221088305115,,severe_15,severe,True,,0.8,0,18,12,0,True
201.33854071237147,8,0.8570855068897401,0.8,,,72,234.9106817159991,1.0,0.91645332011614,0.9473461039652684,0.9589025178606198,30,,18,5,231.3759348820604,16,0.9849528050060656,234.9106817159991,6,1.0,0.00037532299757,severe_15__rho_0.800,heft,0.0003528026863932,,severe_15,severe,True,,0.8,0,18,12,0,True
201.33854071237147,8,0.8530409948967145,0.8,31.0,,72,236.0244606260094,1.0,0.91645332011614,0.9507624363223725,0.9589025178606198,30,26.0,18,11,236.0244606260094,6,1.0,235.8465723109948,16,0.9992463140704028,8.292629672214389,severe_15__rho_0.800,replica,8.292530951090157,,severe_15,severe,True,8.163629982620478,0.8,0,18,12,0,True
2.462000000000017,7,0.008815241559818,0.8,,,72,279.289,1.0,1.0,0.6695215350407643,0.8097074311260125,30,,18,13,279.219,15,0.9997493635624748,279.289,8,1.0,0.080942926928401,severe_16__rho_0.800,cpsat,0.0807064147666096,OPTIMAL,severe_16,severe,True,,0.8,0,18,12,0,True
0.0,0,0.0,0.8,,,72,313.0008118990554,0.9244209419730618,1.0,0.6052959828012145,0.8097074311260125,30,,18,1,289.3445053740579,13,0.9244209419730618,279.0298967939925,17,0.8914670064305817,0.0010340586304664,severe_16__rho_0.800,easy,0.0010150680318474,,severe_16,severe,True,,0.8,0,18,12,0,True
0.5705830305814743,9,0.0019854015504426,0.8,,,72,287.38923390800846,0.9998909576689022,1.0,0.6663700019123203,0.8097074311260125,30,,18,14,287.35789631601074,8,0.9998909576689022,286.59421369998745,13,0.9972336465176164,0.0003514531999826,severe_16__rho_0.800,heft,0.0003337319940328,,severe_16,severe,True,,0.8,0,18,12,0,True
2.7265240773558617,11,0.0097100422369332,0.8,31.0,,72,280.79425514600007,1.0,1.0,0.669709925153776,0.8097074311260125,30,21.0,18,16,280.63131956895813,5,0.9994197332243951,280.79425514600007,14,1.0,6.820239740423858,severe_16__rho_0.800,replica,6.820182379335165,,severe_16,severe,True,6.7151091089472175,0.8,0,18,12,0,True
47.75099999999999,15,0.1601436735350933,0.8,,,72,298.176,1.0,0.9434181718664476,0.6524904754239107,0.847754031045292,30,,18,13,298.176,7,1.0,237.744,8,0.7973277527366387,0.0437036417424678,severe_17__rho_0.800,cpsat,0.0435188887640833,OPTIMAL,severe_17,severe,True,,0.8,6,6,18,0,True
346.8898516986519,2,0.9361466833369168,0.8,,,72,370.5507458106404,0.9361466833369168,0.9434181718664476,0.6400003264296338,0.847754031045292,30,,18,7,123.66537701501512,23,0.33373398492149,240.9025661189953,5,0.6501203110304947,0.0009998474270105,severe_17__rho_0.800,easy,0.0009805373847484,,severe_17,severe,True,,0.8,6,6,18,0,True
37.77378116361797,6,0.1252915481893818,0.8,,,72,301.48706524498994,0.9998884845060748,0.9434181718664476,0.6440249752287738,0.847754031045292,30,,18,10,301.4534447659971,8,0.9998884845060748,243.26837324898588,16,0.8068948929908644,0.000465553253889,severe_17__rho_0.800,heft,0.0004478627815842,,severe_17,severe,True,,0.8,6,6,18,0,True
37.77378116361797,6,0.1266830055310219,0.8,31.0,,72,298.17559983898536,1.0,0.9434181718664476,0.6428120441468023,0.847754031045292,30,23.0,18,10,298.17559983898536,7,1.0,239.06321953898805,17,0.801753126909385,7.235030092298984,severe_17__rho_0.800,replica,7.234971841797233,,severe_17,severe,True,7.193452850915492,0.8,6,6,18,0,True
22.456000000000017,12,0.0816561032991888,0.8,,,72,275.007,1.0,0.9040728856002502,0.6921205642038203,0.7994180747401664,30,,18,10,273.551,9,0.994705589312272,275.007,9,1.0,0.0801891917362809,severe_18__rho_0.800,cpsat,0.0797557281330227,OPTIMAL,severe_18,severe,True,,0.8,0,18,12,0,True
0.0,0,0.0,0.8,,,72,313.0008118990554,0.9244209419730618,0.9040728856002502,0.6052959828012145,0.7994180747401664,30,,18,1,289.3445053740579,13,0.9244209419730618,279.0298967939925,17,0.8914670064305817,0.000986318103969,severe_18__rho_0.800,easy,0.0009599076583981,,severe_18,severe,True,,0.8,0,18,12,0,True
14.915815639309583,8,0.0532133133186586,0.8,,,72,280.3023286670541,0.9998882007432948,0.9040728856002502,0.6834956353110463,0.7994180747401664,30,,18,10,280.2709910750564,13,0.9998882007432948,279.5694479199956,9,0.9973853918711856,0.0003583133220672,severe_18__rho_0.800,heft,0.0003406414762139,,severe_18,severe,True,,0.8,0,18,12,0,True
18.171413191594183,11,0.0659951156600068,0.8,31.0,,72,275.34481923191925,0.9999476355467428,0.9040728856002502,0.6886270945080889,0.7994180747401664,30,24.0,18,13,275.33040095100296,10,0.9999476355467428,275.3278944239973,9,0.999938532317517,7.618249972350895,severe_18__rho_0.800,replica,7.6180485701188445,,severe_18,severe,True,7.40325559861958,0.8,0,18,12,0,True
337.279,1,0.9332826032817731,0.8,,,72,361.39,0.9332826032817731,0.9870689655172414,0.6326775321213463,0.9103932628740476,30,,18,15,316.38899999999995,12,0.8754780154403828,32.26199999999997,17,0.0892719776418826,0.03182980325073,severe_19__rho_0.800,cpsat,0.0316310310736298,OPTIMAL,severe_19,severe,True,,0.8,5,8,17,0,True
350.4835732290521,3,0.9356324635090888,0.8,,,72,374.5953533020474,0.9356324635090888,0.9870689655172414,0.6239062065083585,0.9103932628740476,30,,18,9,250.40039103897288,15,0.6684556784586368,100.25313329499112,12,0.2676304775573498,0.0010263985022902,severe_19__rho_0.800,easy,0.0010058181360363,,severe_19,severe,True,,0.8,5,8,17,0,True
50.42672014795244,6,0.1170809719202624,0.8,,,72,430.6995348680175,0.9995191406207068,0.9870689655172414,0.4498697306797934,0.9103932628740476,30,,18,13,430.492428957019,9,0.9995191406207068,100.35690215999055,15,0.233009079498411,0.0003534434363245,severe_19__rho_0.800,heft,0.0003329832106828,,severe_19,severe,True,,0.8,5,8,17,0,True
337.27892456389964,1,0.9332805748359756,0.8,31.0,,72,361.39070463689495,0.9332805748359756,0.9870689655172414,0.6490559939469468,0.9103932628740476,30,26.0,18,12,231.18362153696944,13,0.6397055003649021,135.22586290299296,16,0.3741819066399627,8.219289400614798,severe_19__rho_0.800,replica,8.219242841005325,,severe_19,severe,True,8.149203464388847,0.8,5,8,17,0,True
2.7089999999999748,10,0.0096998037839617,0.8,,,72,279.284,1.0,1.0,0.6696660030649805,0.8885797922456931,30,,18,15,279.088,12,0.9992982054109796,279.284,8,1.0,0.0541142765432596,severe_20__rho_0.800,cpsat,0.0536656128242611,OPTIMAL,severe_20,severe,True,,0.8,0,18,12,0,True
0.0,0,0.0,0.8,,,72,313.0008118990554,0.9244209419730618,1.0,0.6052959828012145,0.8885797922456931,30,,18,1,289.3445053740579,13,0.9244209419730618,279.0298967939925,17,0.8914670064305817,0.0013241795822978,severe_20__rho_0.800,easy,0.0012933816760778,,severe_20,severe,True,,0.8,0,18,12,0,True
0.7691711550578475,11,0.0026764090797641,0.8,,,72,287.38923390800846,0.9998909576689022,1.0,0.6664804805097984,0.8885797922456931,30,,18,16,287.35789631601074,8,0.9998909576689022,286.4908766539884,11,0.9968740747807288,0.0004657944664359,severe_20__rho_0.800,heft,0.0004478534683585,,severe_20,severe,True,,0.8,0,18,12,0,True
2.7774538984522223,11,0.0099449014471987,0.8,31.0,,72,279.28420539899525,1.0,1.0,0.6697006543469494,0.8885797922456931,30,23.0,18,15,279.0487860159774,11,0.9991570615936496,279.28420539899525,8,1.0,7.483180698007345,severe_20__rho_0.800,replica,7.483106185682118,,severe_20,severe,True,7.316290881484747,0.8,0,18,12,0,True
361.896,7,0.9999834209261071,0.7,,,63,361.902,1.0,1.0,0.6667817991242564,0.7880221801324373,30,,27,14,0.1309999999999149,3,0.0003619764466621,361.902,20,1.0,0.0663012620061636,high_01__rho_0.700,cpsat,0.0660690097138285,OPTIMAL,high_01,high,True,,0.7,0,27,3,0,True
520.4252427425236,13,0.956520660263438,0.7,,,63,544.081549267521,0.956520660263438,1.0,0.4897887952108135,0.7880221801324373,30,,27,1,0.0,0,0.0,279.0298967939925,17,0.5128457253690025,0.0010922579094767,high_01__rho_0.700,easy,0.0010682474821805,,high_01,high,True,,0.7,0,27,3,0,True
364.0328243551776,14,0.9958735944754664,0.7,,,63,365.5411955639975,1.0,1.0,0.6653800493396828,0.7880221801324373,30,,27,11,0.0974363010027445,2,0.0002665535435818,365.5411955639975,14,1.0,0.000353192910552,high_01__rho_0.700,heft,0.0003348626196384,,high_01,high,True,,0.7,0,27,3,0,True
365.2676413655281,8,0.9999142138527538,0.7,31.0,,63,365.2989789575258,0.9999142138527538,1.0,0.666529684665457,0.7880221801324373,30,27.0,27,9,0.0974363010027445,2,0.0002667302856438,365.08276209298856,20,0.9994081098579736,8.78149170614779,high_01__rho_0.700,replica,8.781455934979022,,high_01,high,True,8.55384337157011,0.7,0,27,3,0,True
358.74,4,0.9998104836012576,0.7,,,63,358.808,0.9998104836012576,1.0,0.6452438815931268,0.7789117340468849,30,,27,10,335.69999999999993,23,0.9355978684979152,0.1159999999999854,3,0.0003232926802077,0.1586229847744107,high_02__rho_0.700,cpsat,0.1578128281980753,OPTIMAL,high_02,high,True,,0.7,0,27,3,0,True
385.9993778755888,11,0.9996916430513504,0.7,,,63,386.11844017962,0.9996916430513504,1.0,0.6067128755317351,0.7789117340468849,30,,27,9,316.6738161940302,16,0.8201468338231023,0.1158933419974346,3,0.0003001497207528,0.0021153567358851,high_02__rho_0.700,easy,0.0020686667412519,,high_02,high,True,,0.7,0,27,3,0,True
358.6883974894881,3,0.9996681721609144,0.7,,,63,358.80745979351923,0.9996681721609144,1.0,0.645225067934025,0.7789117340468849,30,,27,9,335.7304120300396,24,0.935684035731142,0.1158933419974346,3,0.0003229959100185,0.0003742827102541,high_02__rho_0.700,heft,0.0003529731184244,,high_02,high,True,,0.7,0,27,3,0,True
358.6883974894881,3,0.9996681721609144,0.7,31.0,,63,358.80745979351923,0.9996681721609144,1.0,0.645225067934025,0.7789117340468849,30,26.0,27,9,335.7304120300396,24,0.935684035731142,0.1158933419974346,3,0.0003229959100185,8.453911874443293,high_02__rho_0.700,replica,8.453817402943969,,high_02,high,True,8.302410373464227,0.7,0,27,3,0,True
361.896,7,0.9999585533459884,0.7,,,63,361.911,1.0,0.8806330961503376,0.6667661386362945,0.7340224956246298,30,,27,12,0.1229999999999904,3,0.0003398625628952,361.911,20,1.0,0.059774880297482,high_03__rho_0.700,cpsat,0.0595490289852023,OPTIMAL,high_03,high,True,,0.7,0,27,3,0,True
520.4252427425236,13,0.956520660263438,0.7,,,63,544.081549267521,0.956520660263438,0.8806330961503376,0.4897887952108135,0.7340224956246298,30,,27,1,0.0,0,0.0,279.0298967939925,17,0.5128457253690025,0.000911246985197,high_03__rho_0.700,easy,0.0008927471935749,,high_03,high,True,,0.7,0,27,3,0,True
363.98809020686895,13,0.9957512166180552,0.7,,,63,365.5411955639975,1.0,0.8806330961503376,0.6653620057068902,0.7340224956246298,30,,27,11,0.1223833760013803,3,0.0003348005026151,365.5411955639975,14,1.0,0.0003553330898284,high_03__rho_0.700,heft,0.0003374423831701,,high_03,high,True,,0.7,0,27,3,0,True
364.8426432749257,8,0.9999564965531104,0.7,31.0,,63,364.8585158779933,1.0,0.8806330961503376,0.6667639744981488,0.7340224956246298,30,27.0,27,9,0.1223833760013803,3,0.000335426941336,364.8585158779933,19,1.0,8.646191773936152,high_03__rho_0.700,replica,8.646107182838023,,high_03,high,True,8.419254112057388,0.7,0,27,3,0,True
237.73900000000003,22,0.9998738271179172,0.7,,,63,237.769,1.0,0.879087143856052,0.946534942177772,0.8289963231876339,30,,27,8,199.662,2,0.839730999415399,237.769,6,1.0,0.1039194064214825,high_04__rho_0.700,cpsat,0.1036849245429039,OPTIMAL,high_04,high,True,,0.7,0,27,3,0,True
203.08323352690783,17,0.7775971713278795,0.7,,,63,261.1676598310005,1.0,0.879087143856052,0.8454555310351722,0.8289963231876339,30,,27,1,198.1660342369869,1,0.7587694217776372,261.1676598310005,12,1.0,0.001081109046936,high_04__rho_0.700,easy,0.0010582683607935,,high_04,high,True,,0.7,0,27,3,0,True
241.56926758680493,16,0.9986157509794978,0.7,,,63,241.90412313230627,0.9986157509794978,0.879087143856052,0.9424077181957654,0.8289963231876339,30,,27,10,201.44387916399864,2,0.8327426442988802,240.9037913589891,12,0.9958647593089184,0.0003528427332639,high_04__rho_0.700,heft,0.0003349632024765,,high_04,high,True,,0.7,0,27,3,0,True
241.24561101570723,20,1.0,0.7,31.0,,63,241.24561101570723,1.0,0.879087143856052,0.9445368889166192,0.8289963231876339,30,27.0,27,7,201.44387916399864,2,0.8350157265695617,240.90664650098915,8,0.998594940180296,8.610912597738206,high_04__rho_0.700,replica,8.610828866250813,,high_04,high,True,8.34406554326415,0.7,0,27,3,0,True
0.2149999999999465,3,0.0007675665640862,0.7,,,63,280.106,1.0000000000000002,0.8999145672018385,0.6669177620853058,0.7964427729115264,30,,27,14,280.10200000000003,11,0.999985719691831,280.10600000000005,16,1.0000000000000002,0.0612178323790431,high_05__rho_0.700,cpsat,0.0609370004385709,OPTIMAL,high_05,high,True,,0.7,0,27,3,0,True
0.0,0,0.0,0.7,,,63,313.0008118990554,0.9244209419730618,0.8999145672018385,0.6052959828012145,0.7964427729115264,30,,27,1,289.3445053740579,13,0.9244209419730618,279.0298967939925,17,0.8914670064305817,0.0008785175159573,high_05__rho_0.700,easy,0.0008595967665314,,high_05,high,True,,0.7,0,27,3,0,True
0.0,0,0.0,0.7,,,63,288.034764579028,0.9997833276616026,0.8999145672018385,0.6649456585050335,0.7964427729115264,30,,27,10,287.9723554130469,12,0.9997833276616026,286.61004320298525,18,0.9950536478534978,0.0003600222989916,high_05__rho_0.700,heft,0.0003400221467018,,high_05,high,True,,0.7,0,27,3,0,True
0.2152968514710664,3,0.0007683401373901,0.7,31.0,,63,280.2103404390364,0.9998999879021075,0.8999145672018385,0.6666822854436217,0.7964427729115264,30,26.0,27,12,280.18231601503794,13,0.9998999879021075,280.0361976399872,14,0.9993785282913674,8.38709944859147,high_05__rho_0.700,replica,8.387018068693578,,high_05,high,True,8.156225960701704,0.7,0,27,3,0,True
3.268000000000029,3,0.0116995073891626,0.7,,,63,279.328,1.0,0.8064175149144828,0.6704770019475313,0.7464452468506209,30,,27,11,279.253,18,0.9997314984534312,279.328,9,1.0,0.0505584888160228,high_06__rho_0.700,cpsat,0.0502913761883974,OPTIMAL,high_06,high,True,,0.7,0,27,3,0,True
0.0,0,0.0,0.7,,,63,313.0008118990554,0.9244209419730618,0.8064175149144828,0.6052959828012145,0.7464452468506209,30,,27,1,289.3445053740579,13,0.9244209419730618,279.0298967939925,17,0.8914670064305817,0.0008848272264003,high_06__rho_0.700,easy,0.0008660163730382,,high_06,high,True,,0.7,0,27,3,0,True
3.1464884458109736,1,0.0109793696324233,0.7,,,63,286.58188504001373,0.9998906504785068,0.8064175149144828,0.6697949034920186,0.7464452468506209,30,,27,11,286.550547448016,11,0.9998906504785068,286.1562222049833,18,0.9985146903651256,0.0004232237115502,high_06__rho_0.700,heft,0.0004008430987596,,high_06,high,True,,0.7,0,27,3,0,True
3.268072412349284,3,0.011695625110709,0.7,31.0,,63,279.4269123209924,1.0,0.8064175149144828,0.670227587545248,0.7464452468506209,30,26.0,27,9,279.14389128700714,16,0.998987137525035,279.4269123209924,11,1.0,8.307222516275942,high_06__rho_0.700,replica,8.307145345024765,,high_06,high,True,8.147562273778021,0.7,0,27,3,0,True
0.1989999999999838,2,0.0007104174327155,0.7,,,63,280.117,1.0,0.783519392408536,0.6668927626670283,0.7676705971790088,30,,27,13,280.108,11,0.9999678705683696,280.117,17,1.0,0.0491539668291807,high_07__rho_0.700,cpsat,0.048872984945774,OPTIMAL,high_07,high,True,,0.7,0,27,3,0,True
338.9518655659631,1,0.9663264276246653,0.7,,,63,350.76331959495656,0.9663264276246653,0.783519392408536,0.666477361048721,0.7676705971790088,30,,27,1,89.39645536305034,12,0.2548626106808453,272.979113859994,17,0.7782430448406527,0.0008587976917624,high_07__rho_0.700,easy,0.0008395472541451,,high_07,high,True,,0.7,0,27,3,0,True
0.1985881244763732,2,0.0006993711866603,0.7,,,63,283.95239647299604,1.0,0.783519392408536,0.6659016779237454,0.7676705971790088,30,,27,8,283.10214718803763,14,0.997005662584576,283.95239647299604,14,1.0,0.0003212429583072,high_07__rho_0.700,heft,0.000303971581161,,high_07,high,True,,0.7,0,27,3,0,True
0.1985881244763732,2,0.0007046863665774,0.7,31.0,,63,281.8106520789879,0.9999005558384976,0.783519392408536,0.6660885746724907,0.7676705971790088,30,28.0,27,9,281.7826276549895,9,0.9999005558384976,281.15135093298886,19,0.997660481812397,9.012669172137976,high_07__rho_0.700,replica,9.012600092217326,,high_07,high,True,8.849772998131812,0.7,0,27,3,0,True
3.2920000000000016,3,0.0117850481676254,0.7,,,63,279.337,1.0,0.883187374566685,0.6704661394659497,0.7650116653415922,30,,27,12,279.229,18,0.9996133702302236,279.337,9,1.0,0.0578835885971784,high_08__rho_0.700,cpsat,0.0576126761734485,OPTIMAL,high_08,high,True,,0.7,0,27,3,0,True
0.0,0,0.0,0.7,,,63,313.0008118990554,0.9244209419730618,0.883187374566685,0.6052959828012145,0.7650116653415922,30,,27,1,289.3445053740579,13,0.9244209419730618,279.0298967939925,17,0.8914670064305817,0.0009037069976329,high_08__rho_0.700,easy,0.0008843475952744,,high_08,high,True,,0.7,0,27,3,0,True
3.1464884458109736,1,0.0109793696324233,0.7,,,63,286.58188504001373,0.9998906504785068,0.883187374566685,0.6697949034920186,0.7650116653415922,30,,27,11,286.550547448016,11,0.9998906504785068,286.1562222049833,18,0.9985146903651256,0.0003531221300363,high_08__rho_0.700,heft,0.0003325417637825,,high_08,high,True,,0.7,0,27,3,0,True
3.2919583013281226,3,0.0116377064392667,0.7,31.0,,63,282.87002413299706,1.0,0.883187374566685,0.6702997014521074,0.7650116653415922,30,26.0,27,13,282.6610957439698,13,0.9992613979170551,282.87002413299706,14,1.0,8.319897217676044,high_08__rho_0.700,replica,8.319807696156204,,high_08,high,True,8.168114339001477,0.7,0,27,3,0,True
217.367,18,0.9222815295056092,0.7,,,63,235.684,0.9999236265508054,0.7870046608698847,0.9507051815142308,0.7839180362134451,30,,27,9,219.165,3,0.9299103884862782,235.666,9,0.9999236265508054,0.030294275842607,high_09__rho_0.700,cpsat,0.0299768820405006,OPTIMAL,high_09,high,True,,0.7,0,27,3,0,True
369.4392870441079,12,0.9690191971935636,0.7,,,63,381.2507410731014,0.9690191971935636,0.7870046608698847,0.6228619934612472,0.7839180362134451,30,,27,3,219.12472657501348,2,0.5747522639778904,123.83577616098772,16,0.3248145192122875,0.0009488882496953,high_09__rho_0.700,easy,0.000929438509047,,high_09,high,True,,0.7,0,27,3,0,True
242.3695557480678,17,0.9987356366828232,0.7,,,63,242.6763868695707,0.9987356366828232,0.7870046608698847,0.9402145334188924,0.7839180362134451,30,,27,10,199.9480500110076,1,0.8239287414414656,242.1859917979928,12,0.9979792221323884,0.0005198735743761,high_09__rho_0.700,heft,0.0004910537973046,,high_09,high,True,,0.7,0,27,3,0,True
241.3528736177832,22,0.9946259728658576,0.7,31.0,,63,242.6569184819928,1.0,0.7870046608698847,0.939594680056541,0.7839180362134451,30,27.0,27,9,199.98765695400647,2,0.8241580673037655,242.6569184819928,6,1.0,8.62967216130346,high_09__rho_0.700,replica,8.629596579819918,,high_09,high,True,8.411792353726923,0.7,0,27,3,0,True
3.367000000000018,3,0.0120523761114532,0.7,,,63,279.364,1.0,0.8364328102181494,0.6706578752690636,0.8171699569194388,30,,27,9,279.364,18,1.0,279.342,9,0.9999212496957376,0.0666351392865181,high_10__rho_0.700,cpsat,0.0663984576240181,OPTIMAL,high_10,high,True,,0.7,0,27,3,0,True
0.0,0,0.0,0.7,,,63,313.0008118990554,0.9244209419730618,0.8364328102181494,0.6052959828012145,0.8171699569194388,30,,27,1,289.3445053740579,13,0.9244209419730618,279.0298967939925,17,0.8914670064305817,0.0009807478636503,high_10__rho_0.700,easy,0.000952417962253,,high_10,high,True,,0.7,0,27,3,0,True
0.0,0,0.0,0.7,,,63,288.181164879039,0.9997949345578966,0.8364328102181494,0.6642154038520406,0.8171699569194388,30,,27,12,288.1220688810572,10,0.9997949345578966,286.1210375569899,20,0.9928512769982252,0.0003606928512454,high_10__rho_0.700,heft,0.0003389129415154,,high_10,high,True,,0.7,0,27,3,0,True
0.1423689248040318,2,0.0005051935537345,0.7,31.0,,63,281.8106520789879,0.9999005558384976,0.8364328102181494,0.6660482106746336,0.8171699569194388,30,27.0,27,9,281.7826276549895,9,0.9999005558384976,281.17344511899137,19,0.9977388826316688,8.548831555061042,high_10__rho_0.700,replica,8.548742634244263,,high_10,high,True,8.380753206089139,0.7,0,27,3,0,True
359.853,9,0.999924974991664,0.7,,,63,359.88,1.0,0.887667499664281,0.6695731910636881,0.8402339109918703,30,,27,13,3.1650000000000773,3,0.0087945981994,359.88,18,1.0,0.0699315685778856,high_11__rho_0.700,cpsat,0.0697010057047009,OPTIMAL,high_11,high,True,,0.7,0,27,3,0,True
509.5941627761349,9,0.9556375326664016,0.7,,,63,533.2504693011324,0.9556375326664016,0.887667499664281,0.4967994054587175,0.8402339109918703,30,,27,5,3.1231159470335115,2,0.0058567523646563,282.03826960498554,19,0.5289039313450945,0.0009761275723576,high_11__rho_0.700,easy,0.0009565986692905,,high_11,high,True,,0.7,0,27,3,0,True
360.4985901778564,15,0.9891107717426528,0.7,,,63,364.4673584362208,0.9987901921749208,0.887667499664281,0.6655282081438167,0.8402339109918703,30,,27,16,3.164910809049616,3,0.0086836605138768,364.0264229739987,12,0.9987901921749208,0.000347482971847,high_11__rho_0.700,heft,0.0003303326666355,,high_11,high,True,,0.7,0,27,3,0,True
360.6771281007677,12,0.99220213056541,0.7,31.0,,63,363.5117452279956,1.0,0.887667499664281,0.6669695396697701,0.8402339109918703,30,25.0,27,12,3.164910809049616,3,0.0087064884439004,363.5117452279956,15,1.0,8.016159117221832,high_11__rho_0.700,replica,8.016097016632557,,high_11,high,True,7.802467752248049,0.7,0,27,3,0,True
0.2110000000000127,3,0.0007532808773759,0.7,,,63,280.108,1.0,0.8552029475937017,0.6669153802580908,0.8472127049048946,30,,27,14,280.108,11,1.0,280.106,16,0.9999928598968968,0.1621665265411138,high_12__rho_0.700,cpsat,0.1618815939873457,OPTIMAL,high_12,high,True,,0.7,0,27,3,0,True
0.0,0,0.0,0.7,,,63,313.0008118990554,0.9244209419730618,0.8552029475937017,0.6052959828012145,0.8472127049048946,30,,27,1,289.3445053740579,13,0.9244209419730618,279.0298967939925,17,0.8914670064305817,0.0009788880124688,high_12__rho_0.700,easy,0.0009594885632395,,high_12,high,True,,0.7,0,27,3,0,True
0.0532290749251842,1,0.000184800869447,0.7,,,63,288.034764579028,0.9997833276616026,0.8552029475937017,0.6649748270337741,0.8472127049048946,30,,27,11,287.9723554130469,12,0.9997833276616026,286.5820187789868,17,0.9949563525702726,0.0004279846325516,high_12__rho_0.700,heft,0.0003340924158692,,high_12,high,True,,0.7,0,27,3,0,True
0.21142961923033,3,0.0007503521085818,0.7,31.0,,63,281.77387230898967,0.9998887846068164,0.8552029475937017,0.666173337280057,0.8472127049048946,30,26.0,27,11,281.74253471699194,8,0.9998887846068164,281.17675828699066,19,0.9978808751247732,8.46841917000711,high_12__rho_0.700,replica,8.46833966858685,,high_12,high,True,8.308646615594625,0.7,0,27,3,0,True
10.429999999999922,3,0.0376388903925195,0.7,,,63,277.107,1.0,0.8056285284801011,0.6792105576546242,0.885352949133833,30,,27,15,277.107,10,1.0,277.105,17,0.9999927825713532,0.0591773511841893,high_13__rho_0.700,cpsat,0.0589510891586542,OPTIMAL,high_13,high,True,,0.7,0,27,3,0,True
0.0,0,0.0,0.7,,,63,313.0008118990554,0.9244209419730618,0.8056285284801011,0.6052959828012145,0.885352949133833,30,,27,1,289.3445053740579,13,0.9244209419730618,279.0298967939925,17,0.8914670064305817,0.000983128324151,high_13__rho_0.700,easy,0.0009637782350182,,high_13,high,True,,0.7,0,27,3,0,True
10.43085401225835,3,0.0370537619313867,0.7,,,63,281.50593808999474,1.0,0.8056285284801011,0.6779200368108803,0.885352949133833,30,,27,12,280.5787556350988,15,0.9967063485012542,281.50593808999474,12,1.0,0.0004319539293646,high_13__rho_0.700,heft,0.0004118829965591,,high_13,high,True,,0.7,0,27,3,0,True
10.43085401225835,3,0.0375727114874691,0.7,31.0,,63,277.6178135489936,1.0,0.8056285284801011,0.6785274360712301,0.885352949133833,30,26.0,27,10,277.06524214404635,14,0.9980095967262212,277.6178135489936,13,1.0,8.298515488393605,high_13__rho_0.700,replica,8.298441937193274,,high_13,high,True,8.148887489922345,0.7,0,27,3,0,True
359.046,8,0.9999136675420592,0.7,,,63,359.077,1.0,0.7864658297517839,0.6703538980961373,0.7847783725280105,30,,27,10,4.003000000000043,3,0.0111480267463525,359.077,19,1.0,0.0625825589522719,high_14__rho_0.700,cpsat,0.0623304368928074,OPTIMAL,high_14,high,True,,0.7,0,27,3,0,True
506.0004412457347,8,0.9553365332839348,0.7,,,63,529.6567477707322,0.9553365332839348,0.7864658297517839,0.4991667883492707,0.7847783725280105,30,,27,6,4.002646015986102,3,0.0075570565896362,283.1580858749876,19,0.5346067751742412,0.0009817080572247,high_14__rho_0.700,easy,0.0009620878845453,,high_14,high,True,,0.7,0,27,3,0,True
358.8216624977067,15,0.9868094591009536,0.7,,,63,363.61798033899686,1.0,0.7864658297517839,0.6659085425849841,0.7847783725280105,30,,27,12,3.9693151990068154,2,0.0109161686539985,363.61798033899686,13,1.0,0.0003376929089426,high_14__rho_0.700,heft,0.0003185328096151,,high_14,high,True,,0.7,0,27,3,0,True
361.82302817422897,9,0.999679736182992,0.7,31.0,,63,361.9389441219973,1.0,0.7864658297517839,0.6702462115331324,0.7847783725280105,30,26.0,27,7,4.002646015986102,3,0.0110588984164051,361.9389441219973,18,1.0,8.280735031701624,high_14__rho_0.700,replica,8.280667161569,,high_14,high,True,8.066492243669927,0.7,0,27,3,0,True
360.748,10,0.9999639650627424,0.7,,,63,360.761,1.0,1.0,0.6682466600695012,0.8305449306717041,30,,27,11,1.7230000000000132,3,0.0047760151457613,360.761,17,1.0,0.1009605722501874,high_15__rho_0.700,cpsat,0.1007240293547511,OPTIMAL,high_15,high,True,,0.7,0,27,3,0,True
505.1470880452544,5,0.9552644578913444,0.7,,,63,528.8033945702518,0.9552644578913444,1.0,0.5000229071379235,0.8305449306717041,30,,27,5,1.6676139120245352,2,0.0031535612841134,286.4267300149804,23,0.5416507022383126,0.0010954989120364,high_15__rho_0.700,easy,0.001073089428246,,high_15,high,True,,0.7,0,27,3,0,True
362.2605688991025,13,0.9931786016421638,0.7,,,63,364.748664842482,0.9997437355102372,1.0,0.6658822490776122,0.8305449306717041,30,,27,16,1.7232222690072376,3,0.0047244100804355,364.65519271199446,14,0.9997437355102372,0.0003304835408926,high_15__rho_0.700,heft,0.0003116717562079,,high_15,high,True,,0.7,0,27,3,0,True
363.0331530682743,10,0.9960877726970364,0.7,31.0,,63,364.4589995169954,1.0,1.0,0.6669386458839726,0.8305449306717041,30,26.0,27,9,1.7232222690072376,3,0.0047281649548809,364.4589995169954,17,1.0,8.304242823272943,high_15__rho_0.700,replica,8.304160482250154,,high_15,high,True,8.072374011389911,0.7,0,27,3,0,True
170.015,3,0.700959817931444,0.7,,,63,242.546,0.9977035284028596,0.801328162875145,0.8967755944576837,0.87231948183801,30,,27,7,240.524,13,0.9916634370387474,241.989,14,0.9977035284028596,0.1600755332037806,high_16__rho_0.700,cpsat,0.1597857922315597,OPTIMAL,high_16,high,True,,0.7,0,27,3,0,True
150.55532564409077,1,0.5764700183074501,0.7,,,63,261.1676598310005,1.0,0.801328162875145,0.8331361543277763,0.87231948183801,30,,27,1,241.04167376406255,17,0.9229384446758788,261.1676598310005,12,1.0,0.001233079470694,high_16__rho_0.700,easy,0.0012063095346093,,high_16,high,True,,0.7,0,27,3,0,True
150.55532564409077,1,0.6029015249943995,0.7,,,63,249.71793800901287,0.9998745080459674,0.801328162875145,0.8664268729274113,0.87231948183801,30,,27,6,249.68660041701517,12,0.9998745080459674,248.8450703679846,17,0.996504585741867,0.0004321234300732,high_16__rho_0.700,heft,0.0004136627539992,,high_16,high,True,,0.7,0,27,3,0,True
169.9636737080291,2,0.6989550298634973,0.7,31.0,,63,243.1682532440209,0.9998711279470917,0.801328162875145,0.8989817596651565,0.87231948183801,30,27.0,27,9,243.1369156520232,12,0.9998711279470917,242.7108832279846,16,0.9981191211848804,8.633593491278589,high_16__rho_0.700,replica,8.63353028241545,,high_16,high,True,8.353857434354722,0.7,0,27,3,0,True
10.269999999999982,3,0.0370238185364235,0.7,,,63,277.389,1.0,0.7765583027365913,0.6789827041927882,0.7337108267745972,30,,27,9,277.389,12,1.0,277.368,15,0.999924294041941,0.0674365600571036,high_17__rho_0.700,cpsat,0.0670289173722267,OPTIMAL,high_17,high,True,,0.7,0,27,3,0,True
0.0,0,0.0,0.7,,,63,313.0008118990554,0.9244209419730618,0.7765583027365913,0.6052959828012145,0.7337108267745972,30,,27,1,289.3445053740579,13,0.9244209419730618,279.0298967939925,17,0.8914670064305817,0.0009666876867413,high_17__rho_0.700,easy,0.0009476887062191,,high_17,high,True,,0.7,0,27,3,0,True
10.270492701791229,3,0.0364842879154603,0.7,,,63,281.50454040899785,1.0,0.7765583027365913,0.6782744892446422,0.7337108267745972,30,,27,8,281.03701198709314,15,0.998339179818466,281.50454040899785,12,1.0,0.0003387527540326,high_17__rho_0.700,heft,0.0003211526200175,,high_17,high,True,,0.7,0,27,3,0,True
10.217263626866044,2,0.0367525983935341,0.7,31.0,,63,278.00112300804176,0.9998991931266492,0.7765583027365913,0.6777904729393818,0.7337108267745972,30,28.0,27,7,277.9730985840433,13,0.9998991931266492,277.08917571299025,15,0.996719627297962,9.066102492623031,high_17__rho_0.700,replica,9.066025502048433,,high_17,high,True,8.957765172235668,0.7,0,27,3,0,True
358.68800000000005,3,0.999676703715678,0.7,,,63,358.804,0.999676703715678,0.8102536033570517,0.6452854483227612,0.7676872157658091,30,,27,6,333.791,24,0.9302878451745245,2.1139999999999475,3,0.0058917960780814,0.026899448595941,high_18__rho_0.700,cpsat,0.0264251865446567,OPTIMAL,high_18,high,True,,0.7,0,27,3,0,True
512.7406512219459,10,0.955068397641784,0.7,,,63,536.86275505292,0.955068397641784,0.8102536033570517,0.4863911619973611,0.7676872157658091,30,,27,4,269.08436139894184,18,0.5012162957223909,1.5508851689955918,2,0.0028887926279086,0.0009452681988477,high_18__rho_0.700,easy,0.0009196680039167,,high_18,high,True,,0.7,0,27,3,0,True
358.6883974894881,3,0.9996783440221002,0.7,,,63,358.8038088795074,0.9996783440221002,0.8102536033570517,0.6452847831499143,0.7676872157658091,30,,27,6,333.789202575048,24,0.930283331209397,2.114313953992678,3,0.0058926742182458,0.0003652134910225,high_18__rho_0.700,heft,0.0003465032204985,,high_18,high,True,,0.7,0,27,3,0,True
358.6883974894881,3,0.9996783440221002,0.7,31.0,,63,358.8038088795074,0.9996783440221002,0.8102536033570517,0.6452847831499143,0.7676872157658091,30,27.0,27,6,333.789202575048,24,0.930283331209397,2.114313953992678,3,0.0058926742182458,8.593178793787956,high_18__rho_0.700,replica,8.593139233998954,,high_18,high,True,8.481076586991549,0.7,0,27,3,0,True
238.574,16,0.9999916169271008,0.7,,,63,238.576,1.0,0.8744422214749322,0.9613442536829634,0.8370735559482883,30,,27,9,210.911,3,0.8840411441217894,238.576,11,1.0,0.1399354832246899,high_19__rho_0.700,cpsat,0.1396149098873138,OPTIMAL,high_19,high,True,,0.7,0,27,3,0,True
221.1575149744749,17,0.8660156077279605,0.7,,,63,255.37359026899503,1.0,0.8744422214749322,0.8829928400739161,0.8370735559482883,30,,27,1,199.9480500110076,1,0.7829629124937878,255.37359026899503,12,1.0,0.0013854224234819,high_19__rho_0.700,easy,0.0013565002009272,,high_19,high,True,,0.7,0,27,3,0,True
242.3695557480678,17,0.9943096781648496,0.7,,,63,243.7566093044552,0.9943096781648496,0.8744422214749322,0.936047914776216,0.8370735559482883,30,,27,10,199.9480500110076,1,0.8202774504516915,242.1859917979928,12,0.9935566157121068,0.0003666030243039,high_19__rho_0.700,heft,0.0003463933244347,,high_19,high,True,,0.7,0,27,3,0,True
238.84984337165952,19,0.9998826830452856,0.7,31.0,,63,238.87786779565795,0.9998826830452856,0.8744422214749322,0.960313221072942,0.8370735559482883,30,27.0,27,8,210.87684825100587,2,0.8827810219379351,238.46603237498857,9,0.9982759582356048,8.752209696918726,high_19__rho_0.700,replica,8.752169136889279,,high_19,high,True,8.631002045236528,0.7,0,27,3,0,True
0.1770000000000209,3,0.0006318607764391,0.7,,,63,280.125,1.0,0.8480584351915404,0.666857057861074,0.7993473391729079,30,,27,13,280.108,11,0.9999393128067828,280.125,16,1.0,0.0688010025769472,high_20__rho_0.700,cpsat,0.0685634715482592,OPTIMAL,high_20,high,True,,0.7,0,27,3,0,True
0.0,0,0.0,0.7,,,63,313.0008118990554,0.9244209419730618,0.8480584351915404,0.6052959828012145,0.7993473391729079,30,,27,1,289.3445053740579,13,0.9244209419730618,279.0298967939925,17,0.8914670064305817,0.000972437672317,high_20__rho_0.700,easy,0.0009523974731564,,high_20,high,True,,0.7,0,27,3,0,True
0.1100731920450925,2,0.0003821524537358,0.7,,,63,288.034764579028,0.9997833276616026,0.8480584351915404,0.6650048130948426,0.7993473391729079,30,,27,11,287.9723554130469,12,0.9997833276616026,286.55108574598853,16,0.9948489591691896,0.0004343930631875,high_20__rho_0.700,heft,0.0003269230946898,,high_20,high,True,,0.7,0,27,3,0,True
0.1774595500901341,3,0.0006297941985747,0.7,31.0,,63,281.77387230898967,0.9998887846068164,0.8480584351915404,0.6661555951167912,0.7993473391729079,30,26.0,27,11,281.74253471699194,8,0.9998887846068164,281.1957305219912,19,0.9979482065449828,8.32914849743247,high_20__rho_0.700,replica,8.329083597287536,,high_20,high,True,8.196827272884548,0.7,0,27,3,0,True
358.783,17,0.999947046003088,0.7,,,63,358.802,1.0,0.81221492428389,0.6797806775510357,0.7924493740307371,30,,27,13,14.134999999999993,3,0.0393949866500186,358.802,10,1.0,0.168473420664668,moderate_01__rho_0.700,cpsat,0.1680372571572661,OPTIMAL,moderate_01,moderate,True,,0.7,0,27,3,0,True
506.0004412457347,8,0.9553365332839348,0.7,,,63,529.6567477707322,0.9553365332839348,0.81221492428389,0.4992685571304797,0.7924493740307371,30,,27,3,3.360954626026796,2,0.0063455334802637,283.96148482998615,20,0.5361236046272406,0.0019038943573832,moderate_01__rho_0.700,easy,0.001864043995738,,moderate_01,moderate,True,,0.7,0,27,3,0,True
361.0007677879185,15,0.9928049541864506,0.7,,,63,363.6170088250001,1.0,0.81221492428389,0.6673493571265653,0.7924493740307371,30,,27,10,3.360954626026796,2,0.0092431171932453,363.6170088250001,13,1.0,0.0007899552583694,moderate_01__rho_0.700,heft,0.0007536960765719,,moderate_01,moderate,True,,0.7,0,27,3,0,True
361.9310650192201,13,0.9975070361421752,0.7,31.0,,63,362.8356010589923,1.0,0.81221492428389,0.6689233531467926,0.7924493740307371,30,28.0,27,9,3.360954626026796,2,0.0092630232982026,362.8356010589923,15,1.0,9.391513481736183,moderate_01__rho_0.700,replica,9.391464681364596,,moderate_01,moderate,True,9.233513819053767,0.7,0,27,3,0,True
358.688,3,0.999679489859338,0.7,,,63,358.803,0.999679489859338,0.8869129642030602,0.6452435830618287,0.7972649600651543,30,,27,4,335.82,26,0.9359453516274948,0.0380000000000109,1,0.0001059076986536,0.0335594303905963,moderate_02__rho_0.700,cpsat,0.0332044372335076,OPTIMAL,moderate_02,moderate,True,,0.7,0,27,3,0,True
385.199089714326,10,0.9997030273974388,0.7,,,63,385.3135172723523,0.9997030273974388,0.8869129642030602,0.6077796265707536,0.7972649600651543,30,,27,7,316.720716217038,17,0.8219818460019644,0.6373109899977862,3,0.0016540063128574,0.0010435488075017,moderate_02__rho_0.700,easy,0.0010198978707194,,moderate_02,moderate,True,,0.7,0,27,3,0,True
358.6883974894881,3,0.9996810851252044,0.7,,,63,358.8028250475145,0.9996810851252044,0.8869129642030602,0.6453047286594079,0.7972649600651543,30,,27,7,335.28577049906016,24,0.9344568857691128,0.6373109899977862,3,0.0017762150839068,0.0004580141976475,moderate_02__rho_0.700,heft,0.0004300931468605,,moderate_02,moderate,True,,0.7,0,27,3,0,True
358.6883974894881,3,0.9996810851252044,0.7,31.0,,63,358.8028250475145,0.9996810851252044,0.8869129642030602,0.6453047286594079,0.7972649600651543,30,27.0,27,7,335.28577049906016,24,0.9344568857691128,0.6373109899977862,3,0.0017762150839068,9.029238421469929,moderate_02__rho_0.700,replica,9.029174662195146,,moderate_02,moderate,True,8.912896603345871,0.7,0,27,3,0,True
49.75099999999997,7,0.1827770532155255,0.7,,,63,272.195,0.9926376311100495,0.8825031928480203,0.7126533061469411,0.7344983970599734,30,,27,14,270.191,5,0.9926376311100495,262.0,18,0.9625452341152484,0.0361426910385489,moderate_03__rho_0.700,cpsat,0.0357376486063003,OPTIMAL,moderate_03,moderate,True,,0.7,13,1,16,0,True
338.9518655659631,1,0.9663264276246653,0.7,,,63,350.76331959495656,0.9663264276246653,0.8825031928480203,0.6658916944110191,0.7344983970599734,30,,27,5,102.77654432301642,5,0.2930082439683188,258.98273377797886,24,0.7383404116400735,0.0009334273636341,moderate_03__rho_0.700,easy,0.0009067570790648,,moderate_03,moderate,True,,0.7,13,1,16,0,True
49.537191201001406,4,0.1817027754857856,0.7,,,63,272.62759783697766,0.989376619711383,0.8825031928480203,0.7114995347877873,0.7344983970599734,30,,27,9,269.7313711879833,5,0.989376619711383,262.65466470497995,21,0.9634192091661932,0.0003575133159756,moderate_03__rho_0.700,heft,0.0003369832411408,,moderate_03,moderate,True,,0.7,13,1,16,0,True
69.9891768861562,7,0.2561196584877928,0.7,31.0,,63,273.267492621977,0.9809807729849944,0.8825031928480203,0.719693423454875,0.7344983970599734,30,20.0,27,14,268.07015614397824,5,0.9809807729849944,251.9471188219868,18,0.9219798388918378,6.39477155636996,moderate_03__rho_0.700,replica,6.394693905487657,,moderate_03,moderate,True,6.338665167801082,0.7,13,1,16,0,True
247.63799999999992,10,0.5512597334947975,0.7,,,63,449.222,0.9905659117318386,0.8901660280970626,0.520020539213722,0.7177353521800892,30,,27,14,8.192000000000007,7,0.01823597241453,444.984,13,0.9905659117318386,0.0351587729528546,moderate_04__rho_0.700,cpsat,0.0346984900534153,OPTIMAL,moderate_04,moderate,True,,0.7,13,1,16,0,True
160.13143805786967,2,0.3374181301912022,0.7,,,63,474.5786421349949,0.9923284290573312,0.8901660280970626,0.4673132703393012,0.7177353521800892,30,,27,10,34.261375396017684,5,0.0721932517693705,470.9378784139808,23,0.9923284290573312,0.0011693388223648,moderate_04__rho_0.700,easy,0.0011396296322345,,moderate_04,moderate,True,,0.7,13,1,16,0,True
49.00286352448165,4,0.1082497900172388,0.7,,,63,452.6832201399921,1.0,0.8901660280970626,0.4423932703187603,0.7177353521800892,30,,27,12,99.10594686400144,11,0.218930020939042,452.6832201399921,15,1.0,0.0004492346197366,moderate_04__rho_0.700,heft,0.000426772981882,,moderate_04,moderate,True,,0.7,13,1,16,0,True
52.28101397771388,6,0.1159641853987634,0.7,31.0,,63,450.8375909159913,1.0,0.8901660280970626,0.445238806881799,0.7177353521800892,30,23.0,27,14,99.07256833699648,10,0.2197522352466336,450.8375909159913,14,1.0,8.022347500547767,moderate_04__rho_0.700,replica,8.022290400229394,,moderate_04,moderate,True,7.897931985557079,0.7,13,1,16,0,True
358.68800000000005,3,0.999676703715678,0.7,,,63,358.804,0.999676703715678,0.8646196488892854,0.6452399267195089,0.7865743998748926,30,,27,5,335.772,25,0.9358089653404088,0.0839999999999463,2,0.0002341111024401,0.0376539034768939,moderate_05__rho_0.700,cpsat,0.0370253389701247,OPTIMAL,moderate_05,moderate,True,,0.7,0,27,3,0,True
506.0004412457347,8,0.9545010365846844,0.7,,,63,530.1203684977263,0.9545010365846844,0.8646196488892854,0.4907377470682646,0.7865743998748926,30,,27,6,272.2077488369832,19,0.5134829088125308,2.2420358519993897,3,0.0042292958075784,0.0015502721071243,moderate_05__rho_0.700,easy,0.0014840308576822,,moderate_05,moderate,True,,0.7,0,27,3,0,True
358.6883974894881,3,0.9996783440221002,0.7,,,63,358.8038088795074,0.9996783440221002,0.8646196488892854,0.645639383867226,0.7865743998748926,30,,27,7,334.0431769410497,24,0.9309911675247218,2.2420358519993897,3,0.006248640054856,0.0006841961294412,moderate_05__rho_0.700,heft,0.0006469246000051,,moderate_05,moderate,True,,0.7,0,27,3,0,True
358.6883974894881,3,0.9996783440221002,0.7,31.0,,63,358.8038088795074,0.9996783440221002,0.8646196488892854,0.645639383867226,0.7865743998748926,30,27.0,27,7,334.0431769410497,24,0.9309911675247218,2.2420358519993897,3,0.006248640054856,8.698639093898237,moderate_05__rho_0.700,replica,8.698568113148212,,moderate_05,moderate,True,8.449263220652938,0.7,0,27,3,0,True
361.459,8,1.0,0.7,,,63,361.459,1.0,0.8986042692939245,0.6680628600569728,0.8109246286242563,30,,27,8,1.5840000000000032,2,0.0043822397560995,361.389,20,0.9998063404148188,0.0545292757451534,moderate_06__rho_0.700,cpsat,0.0542791038751602,OPTIMAL,moderate_06,moderate,True,,0.7,0,27,3,0,True
512.7406512219459,10,0.955897761567548,0.7,,,63,536.3969577469434,0.955897761567548,0.8986042692939245,0.4951102803120993,0.8109246286242563,30,,27,3,1.5447604100045282,1,0.0028798828697557,282.44153269398885,19,0.526553196498994,0.0011824686080217,moderate_06__rho_0.700,easy,0.0011591091752052,,moderate_06,moderate,True,,0.7,0,27,3,0,True
364.3561389790848,12,0.9995449528990014,0.7,,,63,364.52201366465306,0.9995449528990014,0.8986042692939245,0.6676434285527845,0.8109246286242563,30,,27,16,1.6262546990183182,3,0.0044613346740545,364.1297872799987,15,0.9989239980852976,0.0003973431885242,moderate_06__rho_0.700,heft,0.0003731735050678,,moderate_06,moderate,True,,0.7,0,27,3,0,True
362.8170830318704,8,0.9943771728676128,0.7,31.0,,63,364.86867652599904,1.0,0.8986042692939245,0.666278089604585,0.8109246286242563,30,26.0,27,8,1.6262546990183182,3,0.0044570959461422,364.86867652599904,19,1.0,8.699512318708003,moderate_06__rho_0.700,replica,8.69945245794952,,moderate_06,moderate,True,8.568268896080554,0.7,0,27,3,0,True
358.74300000000005,4,0.9998299907470376,0.7,,,63,358.804,0.9998299907470376,0.7656286811891574,0.6452622230149795,0.878157009930409,30,,27,5,335.794,25,0.9358702801529526,0.030999999999949,1,8.639814494807491e-05,0.032876537181437,moderate_07__rho_0.700,cpsat,0.0323942033573985,OPTIMAL,moderate_07,moderate,True,,0.7,0,27,3,0,True
382.72412612102926,9,0.9996985384770612,0.7,,,63,382.83953751104855,0.9996985384770612,0.7656286811891574,0.6103944095601396,0.878157009930409,30,,27,5,318.26412659397465,19,0.8313251255685411,0.0610876509963418,2,0.0001595646348166,0.0011951886117458,moderate_07__rho_0.700,easy,0.0011648787185549,,moderate_07,moderate,True,,0.7,0,27,3,0,True
358.6883974894881,3,0.9996783440221002,0.7,,,63,358.8038088795074,0.9996783440221002,0.7656286811891574,0.6452375275961625,0.878157009930409,30,,27,5,335.79156246001367,25,0.9358639851361732,0.0610876509963418,2,0.0001702536302139,0.0004849629476666,moderate_07__rho_0.700,heft,0.0004619229584932,,moderate_07,moderate,True,,0.7,0,27,3,0,True
358.6883974894881,3,0.9996783440221002,0.7,31.0,,63,358.8038088795074,0.9996783440221002,0.7656286811891574,0.6455624963417118,0.878157009930409,30,27.0,27,7,334.2957333070226,24,0.9316950518194888,1.906716874997073,3,0.0053140931835463,8.937555865384638,moderate_07__rho_0.700,replica,8.937495774589479,,moderate_07,moderate,True,8.675258140079677,0.7,0,27,3,0,True
76.82100000000003,7,0.1796835346813711,0.7,,,63,427.535,0.9981288081677524,0.8684546615581098,0.4657154774852741,0.7143995641144769,30,,27,13,426.735,14,0.9981288081677524,93.773,9,0.2193340896066988,0.0391099471598863,moderate_08__rho_0.700,cpsat,0.0388522557914257,OPTIMAL,moderate_08,moderate,True,,0.7,13,1,16,0,True
16.24206057097763,3,0.0351770609650822,0.7,,,63,461.7230696760016,0.9997761925864532,0.8684546615581098,0.4113277165464764,0.7143995641144769,30,,27,9,461.61973263000255,20,0.9997761925864532,91.896694578998,7,0.1990298960878939,0.0011166576296091,moderate_08__rho_0.700,easy,0.0010930579155683,,moderate_08,moderate,True,,0.7,13,1,16,0,True
52.54058558959514,4,0.1187639935307085,0.7,,,63,442.3949046139969,0.9998842635268642,0.8684546615581098,0.4421920280348115,0.7143995641144769,30,,27,12,442.3437033880036,16,0.9998842635268642,91.9862112129922,10,0.207927827046862,0.0003766724839806,moderate_08__rho_0.700,heft,0.0003549130633473,,moderate_08,moderate,True,,0.7,13,1,16,0,True
71.94893365353346,5,0.1674277669473134,0.7,31.0,,63,429.73119074194256,0.9929459504424384,0.8684546615581098,0.4617838931695053,0.7143995641144769,30,23.0,27,15,426.6998456260189,13,0.9929459504424384,96.68004755199216,12,0.2249779621187641,7.969356978312135,moderate_08__rho_0.700,replica,7.969284928403795,,moderate_08,moderate,True,7.907919610850513,0.7,13,1,16,0,True
358.742,4,0.9998160576129852,0.7,,,63,358.808,0.9998160576129852,0.8540283752167169,0.6452587456244008,0.7873367737899757,30,,27,5,335.8299999999999,26,0.935960179260217,0.0,0,0.0,0.037672116421163,moderate_09__rho_0.700,cpsat,0.0372961433604359,OPTIMAL,moderate_09,moderate,True,,0.7,0,27,3,0,True
508.48972615785897,8,0.954709785865102,0.7,,,63,532.611829988833,0.954709785865102,0.8540283752167169,0.4890861124597029,0.7873367737899757,30,,27,7,270.8461102680012,19,0.508524398103737,2.1433117119995586,3,0.0040241534102697,0.0012199589982628,moderate_09__rho_0.700,easy,0.0011948691681027,,moderate_09,moderate,True,,0.7,0,27,3,0,True
358.6883974894881,3,0.9996681721609144,0.7,,,63,358.80745979351923,0.9996681721609144,0.8540283752167169,0.6452324661488545,0.7873367737899757,30,,27,7,335.7871030160459,25,0.9358420340794454,0.067165960001148,2,0.0001871922062038,0.0004383539780974,moderate_09__rho_0.700,heft,0.0004131533205509,,moderate_09,moderate,True,,0.7,0,27,3,0,True
358.6883974894881,3,0.9996681721609144,0.7,31.0,,63,358.80745979351923,0.9996681721609144,0.8540283752167169,0.6456430023616311,0.7873367737899757,30,27.0,27,9,334.1528676310263,24,0.9312874036212048,2.1433117119995586,3,0.0059734313027743,8.895771533250809,moderate_09__rho_0.700,replica,8.895710851997137,,moderate_09,moderate,True,8.770634535700083,0.7,0,27,3,0,True
30.889000000000124,9,0.0544859300391417,0.7,,,63,566.917,1.0,0.9099616858237548,0.3553459618721377,0.7158171772189447,30,,27,14,6.548999999999891,8,0.0115519555772712,566.917,13,1.0,0.0225382577627897,moderate_10__rho_0.700,cpsat,0.0223382450640201,OPTIMAL,moderate_10,moderate,True,,0.7,13,1,16,0,True
9.610927134752274,1,0.0167747722918251,0.7,,,63,572.9393500879887,1.0,0.9099616858237548,0.3458890369492314,0.7158171772189447,30,,27,5,11.970042874017963,10,0.0208923385558692,572.9393500879887,19,1.0,0.0011180192232131,moderate_10__rho_0.700,easy,0.0010938588529825,,moderate_10,moderate,True,,0.7,13,1,16,0,True
19.18703954853117,2,0.0337739194924624,0.7,,,63,568.1022468479932,0.9980741559374692,0.9099616858237548,0.3510238041202802,0.7158171772189447,30,,27,10,12.057025396061364,12,0.0212233369309089,567.0081705089906,16,0.9980741559374692,0.000676704570651,moderate_10__rho_0.700,heft,0.0006418051198124,,moderate_10,moderate,True,,0.7,13,1,16,0,True
19.18703954853117,2,0.0338443855672339,0.7,31.0,,63,566.9194233239941,1.0,0.9099616858237548,0.351762445739253,0.7158171772189447,30,25.0,27,9,12.156425784080056,15,0.0214429516505252,566.9194233239941,13,1.0,8.22700677998364,moderate_10__rho_0.700,replica,8.226936688646674,,moderate_10,moderate,True,8.12501538451761,0.7,13,1,16,0,True
338.952,1,0.966327691347149,0.7,,,63,350.763,0.966327691347149,0.943478589986338,0.6685425771817437,0.7974773822836488,30,,27,11,85.84399999999998,9,0.244735049021704,278.70399999999995,20,0.7945649911763782,0.0513946143910288,moderate_11__rho_0.700,cpsat,0.0511554535478353,OPTIMAL,moderate_11,moderate,True,,0.7,11,5,14,0,True
338.9518655659631,1,0.9663264276246653,0.7,,,63,350.76331959495656,0.9663264276246653,0.943478589986338,0.6693527394106189,0.7974773822836488,30,,27,4,82.11098719699658,3,0.234092285623862,283.2903138039801,26,0.8076395049833295,0.0011038389056921,moderate_11__rho_0.700,easy,0.0010808194056153,,moderate_11,moderate,True,,0.7,11,5,14,0,True
338.9518655659631,1,0.9663264276246653,0.7,,,63,350.76331959495656,0.9663264276246653,0.943478589986338,0.6685382003229415,0.7974773822836488,30,,27,11,85.803483864991,8,0.2446193175616893,278.74068583298504,21,0.7946688557824702,0.0006579253822565,moderate_11__rho_0.700,heft,0.0006251847371459,,moderate_11,moderate,True,,0.7,11,5,14,0,True
338.9518655659631,1,0.9663264276246653,0.7,31.0,,63,350.76331959495656,0.9663264276246653,0.943478589986338,0.6685512985321355,0.7974773822836488,30,23.0,27,15,85.9331603210012,11,0.2449890154427561,278.6247924909876,18,0.794338452528985,7.550041247159243,moderate_11__rho_0.700,replica,7.549969056621194,,moderate_11,moderate,True,7.511031169444323,0.7,11,5,14,0,True
207.065,10,0.8572345270130407,0.7,,,63,241.55,0.9952349410060028,0.9284887087595792,0.9322624715379838,0.7705195156381807,30,,27,14,228.1,9,0.944317946594908,240.399,11,0.9952349410060028,0.036170195788145,moderate_12__rho_0.700,cpsat,0.0357206426560878,OPTIMAL,moderate_12,moderate,True,,0.7,10,7,13,0,True
173.19871988426894,8,0.6974369361979675,0.7,,,63,248.3360299620072,0.982561164758668,0.9284887087595792,0.8850605257201356,0.7705195156381807,30,,27,13,244.0053388510132,11,0.982561164758668,242.1731929649941,11,0.9751834762037714,0.001038278453052,moderate_12__rho_0.700,easy,0.001007568091154,,moderate_12,moderate,True,,0.7,10,7,13,0,True
202.76761924568564,7,0.4714874934028259,0.7,,,63,430.0593803289848,0.952339483777172,0.9284887087595792,0.5077287518122175,0.7705195156381807,30,,27,15,409.5625282560359,9,0.952339483777172,42.730389636992186,14,0.0993592782566549,0.0004072031006217,moderate_12__rho_0.700,heft,0.0003860034048557,,moderate_12,moderate,True,,0.7,10,7,13,0,True
216.5905925240368,10,0.8966685182114376,0.7,31.0,,63,241.55034789898127,0.9786277778322868,0.9284887087595792,0.9376279506584382,0.7705195156381807,30,23.0,27,16,226.4746003210312,9,0.9375875559315902,236.38788019899584,11,0.9786277778322868,7.460962124168873,moderate_12__rho_0.700,replica,7.460884924046695,,moderate_12,moderate,True,7.381419332697988,0.7,10,7,13,0,True
33.55200000000005,11,0.1124894390279884,0.7,,,63,298.268,0.9883996942347152,0.9096775221512364,0.6588582527570285,0.8017105894168662,30,,27,13,261.189,15,0.8756856250083817,294.808,4,0.9883996942347152,0.0299306968227028,moderate_13__rho_0.700,cpsat,0.0297265145927667,OPTIMAL,moderate_13,moderate,True,,0.7,11,5,14,0,True
359.41980715375394,4,0.9675675957251908,0.7,,,63,371.467387644756,0.9675675957251908,0.9096775221512364,0.6357293317705032,0.8017105894168662,30,,27,12,253.56978551406064,16,0.6826165470993004,95.46854969799097,10,0.2570038524870184,0.0009152870625257,moderate_13__rho_0.700,easy,0.0008967462927103,,moderate_13,moderate,True,,0.7,11,5,14,0,True
33.334081755019724,7,0.1092388995682726,0.7,,,63,305.14845798301394,1.0,0.9096775221512364,0.6322105386151015,0.8017105894168662,30,,27,15,305.14845798301394,10,1.0,240.27167319899308,13,0.7873927162770319,0.0003305627033114,moderate_13__rho_0.700,heft,0.0003115618601441,,moderate_13,moderate,True,,0.7,11,5,14,0,True
30.440634870901704,9,0.1003427889032325,0.7,31.0,,63,303.36644220899325,1.0,0.9096775221512364,0.62627253007682,0.8017105894168662,30,23.0,27,14,303.36644220899325,10,1.0,236.16313082799388,11,0.7784748013272276,7.641528504900634,moderate_13__rho_0.700,replica,7.641472994349897,,moderate_13,moderate,True,7.590337826870382,0.7,11,5,14,0,True
360.993,13,0.9999833794553448,0.7,,,63,360.999,1.0,0.8357528643808873,0.6681265045055526,0.7971131519388702,30,,27,14,1.586999999999989,3,0.0043961340613131,360.999,14,1.0,0.0838221851736307,moderate_14__rho_0.700,cpsat,0.083342800848186,OPTIMAL,moderate_14,moderate,True,,0.7,0,27,3,0,True
520.4767974810675,14,0.95652477978121,0.7,,,63,544.133104006065,0.95652477978121,0.8357528643808873,0.489540488487504,0.7971131519388702,30,,27,3,1.495829152991064,1,0.0027490133240898,277.15292997799406,15,0.5093476723572122,0.0012155594304203,moderate_14__rho_0.700,easy,0.0011844905093312,,moderate_14,moderate,True,,0.7,0,27,3,0,True
363.92742900457233,12,0.9974213053665766,0.7,,,63,364.8683129651217,0.9974213053665766,0.8357528643808873,0.666243544296001,0.7971131519388702,30,,27,10,1.5860545389878098,3,0.0043469232120998,363.7599905499956,15,0.9969624043093264,0.0005967849865555,moderate_14__rho_0.700,heft,0.0005686255171895,,moderate_14,moderate,True,,0.7,0,27,3,0,True
362.79942532256246,13,0.9967522717512648,0.7,31.0,,63,363.9815384469948,1.0,0.8357528643808873,0.6670365951491926,0.7971131519388702,30,26.0,27,9,1.5860545389878098,3,0.0043575136963128,363.9815384469948,14,1.0,8.899142525158823,moderate_14__rho_0.700,replica,8.899068095721304,,moderate_14,moderate,True,8.663827195763588,0.7,0,27,3,0,True
168.192,7,0.6840103948497506,0.7,,,63,245.891,1.0,0.9247213514454892,0.884025848851727,0.7512682435647305,30,,27,11,238.039,10,0.9680671517054305,245.891,13,1.0,0.0504135712981224,moderate_15__rho_0.700,cpsat,0.0501790791749954,OPTIMAL,moderate_15,moderate,True,,0.7,11,5,14,0,True
355.4297418314964,6,0.9680814384782828,0.7,,,63,367.14859690956655,0.9680814384782828,0.9247213514454892,0.6417117443454591,0.7512682435647305,30,,27,8,80.40967921499396,2,0.2190112665330433,270.971278623987,22,0.7380425280250512,0.0013375608250498,moderate_15__rho_0.700,easy,0.0013084802776575,,moderate_15,moderate,True,,0.7,11,5,14,0,True
176.60931432340294,7,0.6744126613059797,0.7,,,63,261.8712910599934,1.0,0.9247213514454892,0.8376010059520196,0.7512682435647305,30,,27,10,219.55036508201735,8,0.8383903565500791,261.8712910599934,15,1.0,0.0004164036363363,moderate_15__rho_0.700,heft,0.0003935433924198,,moderate_15,moderate,True,,0.7,11,5,14,0,True
176.66396999266,8,0.7150376861808478,0.7,31.0,,63,247.06945299101065,0.997394560508309,0.9247213514454892,0.8783471341751795,0.7512682435647305,30,23.0,27,14,227.94853945699288,8,0.9226091558363816,246.42572848099732,14,0.997394560508309,7.575986980460584,moderate_15__rho_0.700,replica,7.575922000221908,,moderate_15,moderate,True,7.528265908360481,0.7,11,5,14,0,True
358.68800000000005,3,0.9996655592963368,0.7,,,63,358.808,0.9996655592963368,0.8382270973324537,0.6596406248838748,0.6085584125200969,30,,27,6,266.02399999999994,25,0.7414104479275823,85.34100000000001,2,0.237845867427705,0.026194829493761,moderate_16__rho_0.700,cpsat,0.0260019972920417,OPTIMAL,moderate_16,moderate,True,,0.7,0,27,3,0,True
361.3146531954408,7,0.937416182055203,0.7,,,63,385.43675702641485,0.937416182055203,0.8382270973324537,0.618104496546882,0.6085584125200969,30,,27,2,269.91075870598434,22,0.7002724929202503,83.49516605600002,1,0.2166248146651926,0.0008812565356492,moderate_16__rho_0.700,easy,0.0008626766502857,,moderate_16,moderate,True,,0.7,0,27,3,0,True
358.6883974894881,3,0.9996681721609144,0.7,,,63,358.80745979351923,0.9996681721609144,0.8382270973324537,0.6597177201742958,0.6085584125200969,30,,27,6,266.0281392990437,25,0.7414231004342365,85.41838128100062,2,0.2380618879277365,0.0004215845838189,moderate_16__rho_0.700,heft,0.0003864942118525,,moderate_16,moderate,True,,0.7,0,27,3,0,True
358.6883974894881,3,0.9996681721609144,0.7,31.0,,63,358.80745979351923,0.9996681721609144,0.8382270973324537,0.6600426856132445,0.6085584125200969,30,26.0,27,8,264.5323101460526,24,0.7372542095370075,87.26401050500135,3,0.2432056751418118,8.70471419300884,moderate_16__rho_0.700,replica,8.704651452600956,,moderate_16,moderate,True,8.580733604729176,0.7,0,27,3,0,True
361.896,7,0.9999309241519558,0.7,,,63,361.921,1.0,0.8081516359733383,0.6667449526277834,0.7557471264367817,30,,27,14,0.1100000000000136,3,0.0003039337313944,361.921,20,1.0,0.0591178927570581,moderate_17__rho_0.700,cpsat,0.058674638159573,OPTIMAL,moderate_17,moderate,True,,0.7,0,27,3,0,True
515.978168011643,9,0.9561623512928634,0.7,,,63,539.6344745366405,0.9561623512928634,0.8081516359733383,0.4926215343589241,0.7557471264367817,30,,27,3,0.0333785270049702,1,6.185395592753939e-05,281.4951419789868,20,0.5216403978279813,0.0011613592505455,moderate_17__rho_0.700,easy,0.0011314181610941,,moderate_17,moderate,True,,0.7,0,27,3,0,True
364.0667944243178,14,0.9960498193804452,0.7,,,63,365.5106274209975,1.0,0.8081516359733383,0.6654500347727583,0.7557471264367817,30,,27,13,0.1097573360311798,3,0.0003002849378296,365.5106274209975,13,1.0,0.0003309734165668,moderate_17__rho_0.700,heft,0.0003141015768051,,moderate_17,moderate,True,,0.7,0,27,3,0,True
365.0289371209219,10,0.9999141577592292,0.7,31.0,,63,365.0602747129197,0.9999141577592292,0.8081516359733383,0.666347255272505,0.7557471264367817,30,26.0,27,10,0.1097573360311798,3,0.0003006553811353,364.6320417349889,17,0.9988269526771504,8.675265532918274,moderate_17__rho_0.700,replica,8.675194520503283,,moderate_17,moderate,True,8.527312703430653,0.7,0,27,3,0,True
361.896,7,0.9999723685155816,0.7,,,63,361.906,1.0,0.8992428388980114,0.6667771926043411,0.8590946800482958,30,,27,14,0.1299999999999954,3,0.0003592092974418,361.906,20,1.0,0.0683551356196403,moderate_18__rho_0.700,cpsat,0.0681008538231253,OPTIMAL,moderate_18,moderate,True,,0.7,0,27,3,0,True
516.0326214488596,10,0.9561667744161256,0.7,,,63,539.6889279738571,0.9561667744161256,0.8992428388980114,0.4925871859078961,0.8590946800482958,30,,27,3,0.0339420790260192,1,6.289193138248591e-05,281.46498736098874,19,0.5215318913761802,0.0011157291010022,moderate_18__rho_0.700,easy,0.0010913489386439,,moderate_18,moderate,True,,0.7,0,27,3,0,True
364.0389480767772,14,0.9958903469555532,0.7,,,63,365.5411955639975,1.0,0.8992428388980114,0.6653840815323464,0.8590946800482958,30,,27,11,0.0957343769841827,2,0.0002618976414859,365.5411955639975,14,1.0,0.0003756424412131,moderate_18__rho_0.700,heft,0.0003545228391885,,moderate_18,moderate,True,,0.7,0,27,3,0,True
364.0378820616752,13,0.9965000394787452,0.7,31.0,,63,365.3164753029996,1.0,0.8992428388980114,0.6656183365538412,0.8590946800482958,30,26.0,27,11,0.1296764560102019,3,0.0003549701827782,365.3164753029996,14,1.0,8.633584175258875,moderate_18__rho_0.700,replica,8.633508364669979,,moderate_18,moderate,True,8.411406815983355,0.7,0,27,3,0,True
360.865,11,0.9984395275420624,0.7,,,63,361.429,1.0,0.883689107827039,0.6676332004349402,0.8354445226366406,30,,27,10,1.6120000000000232,3,0.0044600737627584,361.429,16,1.0,0.050427253358066,moderate_19__rho_0.700,cpsat,0.0501934308558702,OPTIMAL,moderate_19,moderate,True,,0.7,1,25,4,0,True
501.5533665148541,4,0.9549583571298724,0.7,,,63,525.2096730398516,0.9549583571298724,0.883689107827039,0.502815745138769,0.8354445226366406,30,,27,4,0.0673206060309894,2,0.0001281785341868,290.63039218998165,24,0.553360699752248,0.0012038294225931,moderate_19__rho_0.700,easy,0.0011790599673986,,moderate_19,moderate,True,,0.7,1,25,4,0,True
364.2316447179765,12,0.9947418566067012,0.7,,,63,366.1569504679901,1.0,0.883689107827039,0.665011736812441,0.8354445226366406,30,,27,12,0.1074135440285317,3,0.0002933538306216,366.1569504679901,15,1.0,0.0006426749750971,moderate_19__rho_0.700,heft,0.000611525028944,,moderate_19,moderate,True,,0.7,1,25,4,0,True
363.9474532371387,13,0.9999360725588148,0.7,31.0,,63,363.9707209539956,1.0,0.883689107827039,0.6681584590402462,0.8354445226366406,30,26.0,27,11,1.65217395403306,4,0.0045393045619235,363.9707209539956,13,1.0,8.384129459038377,moderate_19__rho_0.700,replica,8.384040478616953,,moderate_19,moderate,True,8.256642702035606,0.7,1,25,4,0,True
349.782,5,0.9972032397943912,0.7,,,63,350.763,0.9972032397943912,1.0,0.6733216825415832,0.763304239496169,30,,27,3,68.343,1,0.1948409609907544,290.40399999999994,24,0.8279208468396039,0.0329861547797918,moderate_20__rho_0.700,cpsat,0.0327765718102455,OPTIMAL,moderate_20,moderate,True,,0.7,0,27,3,0,True
362.9875941975042,7,0.9684859017521956,0.7,,,63,374.7990482264977,0.9684859017521956,1.0,0.6307225428215029,0.763304239496169,30,,27,2,68.34306862499216,1,0.1823458969503338,277.8519634109907,22,0.7413358297619792,0.000902296975255,moderate_20__rho_0.700,easy,0.0008823974058032,,moderate_20,moderate,True,,0.7,0,27,3,0,True
338.9518655659631,1,0.9663264276246653,0.7,,,63,350.76331959495656,0.9663264276246653,1.0,0.6692720534112198,0.763304239496169,30,,27,6,70.01691095301067,3,0.1996129784433064,295.29948498098383,26,0.8418767541656879,0.0004244334995746,moderate_20__rho_0.700,heft,0.0004004128277301,,moderate_20,moderate,True,,0.7,0,27,3,0,True
338.9518655659631,1,0.9663264276246653,0.7,31.0,,63,350.76331959495656,0.9663264276246653,1.0,0.6692720534112198,0.763304239496169,30,26.0,27,6,70.01691095301067,3,0.1996129784433064,295.29948498098383,26,0.8418767541656879,8.43839518725872,moderate_20__rho_0.700,replica,8.43832478672266,,moderate_20,moderate,True,8.290973448194563,0.7,0,27,3,0,True
358.76,4,0.9998801570778394,0.7,,,63,358.803,0.9998801570778394,0.8294547226545961,0.64526587941944,0.7891744547282445,30,,27,9,335.691,23,0.9355858228610128,0.1189999999999713,3,0.0003316583194677,0.0392890824005007,nominal_01__rho_0.700,cpsat,0.0390924299135804,OPTIMAL,nominal_01,nominal,True,,0.7,0,27,3,0,True
382.72412612102926,9,0.9997011075375594,0.7,,,63,382.8385536790556,0.9997011075375594,0.8294547226545961,0.6103916893618916,0.7891744547282445,30,,27,7,318.20099686903995,18,0.8311623628580439,0.1192916089967184,3,0.0003115976900715,0.0008826972916722,nominal_01__rho_0.700,easy,0.0008641574531793,,nominal_01,nominal,True,,0.7,0,27,3,0,True
358.6883974894881,3,0.9996810851252044,0.7,,,63,358.8028250475145,0.9996810851252044,0.8294547226545961,0.6452347207147267,0.7891744547282445,30,,27,7,335.72843273507897,24,0.9356906058100856,0.1192916089967184,3,0.00033247120889,0.0003287233412265,nominal_01__rho_0.700,heft,0.0003119120374321,,nominal_01,nominal,True,,0.7,0,27,3,0,True
358.6883974894881,3,0.9996810851252044,0.7,31.0,,63,358.8028250475145,0.9996810851252044,0.8294547226545961,0.6452347207147267,0.7891744547282445,30,27.0,27,7,335.72843273507897,24,0.9356906058100856,0.1192916089967184,3,0.00033247120889,9.828337287530305,nominal_01__rho_0.700,replica,9.828250216320155,,nominal_01,nominal,True,9.673436049371958,0.7,0,27,3,0,True
0.1920000000000072,3,0.0006854303217238,0.7,,,63,280.116,1.0,0.8759293458604103,0.6668856235749953,0.7293377120963327,30,,27,15,280.108,11,0.9999714404032616,280.116,16,1.0,0.0469193235039711,severe_01__rho_0.700,cpsat,0.0466563003137707,OPTIMAL,severe_01,severe,True,,0.7,0,27,3,0,True
0.0,0,0.0,0.7,,,63,313.0008118990554,0.9244209419730618,0.8759293458604103,0.6052959828012145,0.7293377120963327,30,,27,1,289.3445053740579,13,0.9244209419730618,279.0298967939925,17,0.8914670064305817,0.000961847603321,severe_01__rho_0.700,easy,0.000938887707889,,severe_01,severe,True,,0.7,0,27,3,0,True
0.0,0,0.0,0.7,,,63,288.034764579028,0.9997833276616026,0.8759293458604103,0.6649456585050335,0.7293377120963327,30,,27,10,287.9723554130469,12,0.9997833276616026,286.61004320298525,18,0.9950536478534978,0.0003715632483363,severe_01__rho_0.700,heft,0.0003487830981612,,severe_01,severe,True,,0.7,0,27,3,0,True
0.1920712552964687,3,0.0006855533139389,0.7,31.0,,63,280.1696839490178,0.9998999733889712,0.8759293458604103,0.6667624012576142,0.7293377120963327,30,27.0,27,12,280.1416595250193,12,0.9998999733889712,280.08610290798606,15,0.9997016770699326,8.716268704272807,severe_01__rho_0.700,replica,8.71617136336863,,severe_01,severe,True,8.491825034841895,0.7,0,27,3,0,True
0.9820000000000276,3,0.0035059283034092,0.7,,,63,280.097,0.9999000346308602,0.9005476243103389,0.6672117159412633,0.8745705245410735,30,,27,14,280.069,10,0.9999000346308602,279.60099999999994,17,0.9982291848895204,0.048189453780651,severe_02__rho_0.700,cpsat,0.0480050528421998,OPTIMAL,severe_02,severe,True,,0.7,0,27,3,0,True
0.0,0,0.0,0.7,,,63,313.0008118990554,0.9244209419730618,0.9005476243103389,0.6052959828012145,0.8745705245410735,30,,27,1,289.3445053740579,13,0.9244209419730618,279.0298967939925,17,0.8914670064305817,0.0010053589940071,severe_02__rho_0.700,easy,0.0009860079735517,,severe_02,severe,True,,0.7,0,27,3,0,True
0.1812840178608894,2,0.0006304530805203,0.7,,,63,287.5456135629829,0.9998647089362784,0.9005476243103389,0.665819193882546,0.8745705245410735,30,,27,14,287.5067112110555,12,0.9998647089362784,286.67217065198565,16,0.9969624196308392,0.0004392638802528,severe_02__rho_0.700,heft,0.0004216339439153,,severe_02,severe,True,,0.7,0,27,3,0,True
0.9815721791237592,3,0.0035020328153813,0.7,31.0,,63,280.28640246104624,0.9999000150426408,0.9005476243103389,0.6667820459860794,0.8745705245410735,30,26.0,27,11,280.2583780370478,15,0.9999000150426408,279.42987246899065,12,0.996944090100216,8.313509655185044,severe_02__rho_0.700,replica,8.313437443226576,,severe_02,severe,True,8.172027701511979,0.7,0,27,3,0,True
0.1910000000000309,3,0.0006818433331073,0.7,,,63,280.123,1.0000000000000002,1.0,0.6668689587550233,0.894344698389986,30,,27,12,280.102,11,0.999925032931962,280.12300000000005,16,1.0000000000000002,0.0577018121257424,severe_03__rho_0.700,cpsat,0.0573613699525594,OPTIMAL,severe_03,severe,True,,0.7,0,27,3,0,True
0.0,0,0.0,0.7,,,63,313.0008118990554,0.9244209419730618,1.0,0.6052959828012145,0.894344698389986,30,,27,1,289.3445053740579,13,0.9244209419730618,279.0298967939925,17,0.8914670064305817,0.0008983677253127,severe_03__rho_0.700,easy,0.0008793165907263,,severe_03,severe,True,,0.7,0,27,3,0,True
0.0688322382047772,1,0.0002389719807099,0.7,,,63,288.034764579028,0.9997833276616026,1.0,0.6649831915348302,0.894344698389986,30,,27,11,287.9723554130469,12,0.9997833276616026,286.57364341698485,17,0.9949272749621784,0.0003413129597902,severe_03__rho_0.700,heft,0.000324192456901,,severe_03,severe,True,,0.7,0,27,3,0,True
0.1362185962498188,2,0.0004834323180271,0.7,31.0,,63,281.77387230898967,0.9998887846068164,1.0,0.6661334931351669,0.894344698389986,30,27.0,27,10,281.74253471699194,8,0.9998887846068164,281.2182881929876,20,0.9980282624806572,8.613575317896903,severe_03__rho_0.700,replica,8.613493206910789,,severe_03,severe,True,8.399657792411745,0.7,0,27,3,0,True
2.2260000000000275,3,0.0079691259021652,0.7,,,63,279.328,1.0,0.8824119686188653,0.6693123019055257,0.7729722666649114,30,,27,11,279.319,18,0.999967779814412,279.328,9,1.0,0.0624188315123319,severe_04__rho_0.700,cpsat,0.062179259955883,OPTIMAL,severe_04,severe,True,,0.7,0,27,3,0,True
0.0,0,0.0,0.7,,,63,313.0008118990554,0.9244209419730618,0.8824119686188653,0.6052959828012145,0.7729722666649114,30,,27,1,289.3445053740579,13,0.9244209419730618,279.0298967939925,17,0.8914670064305817,0.0010363794863224,severe_04__rho_0.700,easy,0.0010088281705975,,severe_04,severe,True,,0.7,0,27,3,0,True
0.0,0,0.0,0.7,,,63,287.59904534098314,0.9998242717813908,0.8824119686188653,0.6655957519170329,0.7729722666649114,30,,27,11,287.5485060730716,13,0.9998242717813908,286.7256024299859,17,0.996962983969708,0.0003294628113508,severe_04__rho_0.700,heft,0.0003122929483652,,severe_04,severe,True,,0.7,0,27,3,0,True
2.2259702747687697,3,0.007967621595812,0.7,31.0,,63,279.3770070529936,1.0,0.8824119686188653,0.6691909262959679,0.7729722666649114,30,26.0,27,10,279.26669707900146,17,0.9996051572920918,279.3770070529936,10,1.0,8.29168526828289,severe_04__rho_0.700,replica,8.291639178059995,,severe_04,severe,True,8.13261167705059,0.7,0,27,3,0,True
2.2110000000000127,3,0.0079151705645869,0.7,,,63,279.337,1.0,0.8266283524904215,0.6692823841214496,0.7949823015086852,30,,27,12,279.31800000000004,18,0.9999319817997616,279.337,9,1.0,0.0914347702637314,severe_05__rho_0.700,cpsat,0.0911945961415767,OPTIMAL,severe_05,severe,True,,0.7,0,27,3,0,True
0.0,0,0.0,0.7,,,63,313.0008118990554,0.9244209419730618,0.8266283524904215,0.6052959828012145,0.7949823015086852,30,,27,1,289.3445053740579,13,0.9244209419730618,279.0298967939925,17,0.8914670064305817,0.0009953090921044,severe_05__rho_0.700,easy,0.0009757578372955,,severe_05,severe,True,,0.7,0,27,3,0,True
0.0,0,0.0,0.7,,,63,287.59904534098314,0.9998242717813908,0.8266283524904215,0.6655957519170329,0.7949823015086852,30,,27,11,287.5485060730716,13,0.9998242717813908,286.7256024299859,17,0.996962983969708,0.0004771640524268,severe_05__rho_0.700,heft,0.0004478143528103,,severe_05,severe,True,,0.7,0,27,3,0,True
2.210596716031432,3,0.0078676013427024,0.7,31.0,,63,280.974673187,1.0,0.8266283524904215,0.6690069934045662,0.7949823015086852,30,26.0,27,10,280.73679409196484,8,0.9991533788709958,280.974673187,19,1.0,8.383198831230402,severe_05__rho_0.700,replica,8.383111450821161,,severe_05,severe,True,8.107825776562095,0.7,0,27,3,0,True
10.457999999999942,6,0.0367127711858454,0.7,,,63,284.86,0.9999017061012426,0.9324484583105273,0.6614758126799128,0.8841206534738743,30,,27,13,284.832,11,0.9999017061012426,269.994,13,0.9478129607526504,0.0521093187853693,severe_06__rho_0.700,cpsat,0.0516546936705708,OPTIMAL,severe_06,severe,True,,0.7,8,11,11,0,True
0.0,0,0.0,0.7,,,63,314.6175844999925,0.9251377842836404,0.9324484583105273,0.6018330450100243,0.8841206534738743,30,,27,4,291.0646150209941,19,0.9251377842836404,276.9771616589933,11,0.8803613507464325,0.0010444689542055,severe_06__rho_0.700,easy,0.0010125879198312,,severe_06,severe,True,,0.7,8,11,11,0,True
0.9626263426616788,4,0.0033140110015045,0.7,,,63,290.47167985400665,0.999892114811284,0.9324484583105273,0.6522855838491721,0.8841206534738743,30,,27,9,290.4403422620089,14,0.999892114811284,277.008499250991,12,0.953650625734728,0.0003629736602306,severe_06__rho_0.700,heft,0.000341972336173,,severe_06,severe,True,,0.7,8,11,11,0,True
12.416191031225026,5,0.0425682923791376,0.7,31.0,,63,291.6769815579937,0.9768735506073672,0.9324484583105273,0.6466004875942071,0.8841206534738743,30,24.0,27,11,284.93152860499686,14,0.9768735506073672,268.447715849994,11,0.9203596197961164,7.640851059928536,severe_06__rho_0.700,replica,7.640799758955836,,severe_06,severe,True,7.562378807924688,0.7,8,11,11,0,True
3.128000000000007,2,0.0111965408129662,0.7,,,63,279.372,1.0,0.7627768037108912,0.6703964606331342,0.8491220627431904,30,,27,11,279.36999999999995,18,0.9999928410864364,279.372,10,1.0,0.060941319912672,severe_07__rho_0.700,cpsat,0.0607213675975799,OPTIMAL,severe_07,severe,True,,0.7,0,27,3,0,True
337.27892456389964,1,0.9344583058472034,0.7,,,63,360.9352310888971,0.9344583058472034,0.7627768037108912,0.6517376858186963,0.8491220627431904,30,,27,1,89.39645536305034,12,0.2476800480057107,279.0298967939925,17,0.7730747036031748,0.0009872987866401,severe_07__rho_0.700,easy,0.0009670685976743,,severe_07,severe,True,,0.7,0,27,3,0,True
3.037411905825138,1,0.0105862883011477,0.7,,,63,286.9194395070299,0.999915924194444,0.7627768037108912,0.669237533609412,0.8491220627431904,30,,27,11,286.89531652402366,10,0.999915924194444,286.1190456909899,19,0.9972103883326442,0.0004519438371062,severe_07__rho_0.700,heft,0.0004302840679883,,severe_07,severe,True,,0.7,0,27,3,0,True
3.1282260920852423,2,0.0111457416453127,0.7,31.0,,63,280.6655843669941,1.0,0.7627768037108912,0.6703808046363334,0.8491220627431904,30,27.0,27,11,280.6646503859374,6,0.9999966722636876,280.6655843669941,22,1.0,8.606808414682746,severe_07__rho_0.700,replica,8.606733703054488,,severe_07,severe,True,8.386212418787181,0.7,0,27,3,0,True
0.2539999999999622,3,0.0009068157557451,0.7,,,63,280.101,1.0,1.0,0.6669665584914012,0.5830902214543582,30,,27,14,280.101,11,1.0,280.099,16,0.9999928597184586,0.0949200298637151,severe_08__rho_0.700,cpsat,0.0946775376796722,OPTIMAL,severe_08,severe,True,,0.7,0,27,3,0,True
0.0,0,0.0,0.7,,,63,313.0008118990554,0.9244209419730618,1.0,0.6052959828012145,0.5830902214543582,30,,27,1,289.3445053740579,13,0.9244209419730618,279.0298967939925,17,0.8914670064305817,0.0009850291535258,severe_08__rho_0.700,easy,0.0009660180658102,,severe_08,severe,True,,0.7,0,27,3,0,True
0.2529268460348248,3,0.0008783604525338,0.7,,,63,287.95336277401293,0.9997832664102968,1.0,0.6652703367687116,0.5830902214543582,30,,27,15,287.89095360803185,10,0.9997832664102968,286.556611424985,17,0.995149383443304,0.0004507536068558,severe_08__rho_0.700,heft,0.0004322826862335,,severe_08,severe,True,,0.7,0,27,3,0,True
0.2529268460348248,3,0.0009025146766344,0.7,31.0,,63,280.2467955180473,0.9999000009118868,1.0,0.6666326587345149,0.5830902214543582,30,26.0,27,13,280.21877109404886,14,0.9999000009118868,279.99330125398774,13,0.9990954606150234,8.40589930769056,severe_08__rho_0.700,replica,8.405829868279397,,severe_08,severe,True,8.242553735151887,0.7,0,27,3,0,True
6.739999999999981,2,0.0241260568573125,0.7,,,63,279.366,1.0,0.8257219249479262,0.6725526131788885,0.895663038785929,30,,27,7,277.559,18,0.9935317826793528,279.366,10,1.0,0.0513872718438506,severe_09__rho_0.700,cpsat,0.051114079542458,OPTIMAL,severe_09,severe,True,,0.7,0,27,3,0,True
338.9518655659631,1,0.9663264276246653,0.7,,,63,350.76331959495656,0.9663264276246653,0.8257219249479262,0.666477361048721,0.895663038785929,30,,27,1,89.39645536305034,12,0.2548626106808453,272.979113859994,17,0.7782430448406527,0.0009521981701254,severe_09__rho_0.700,easy,0.0009331973269581,,severe_09,severe,True,,0.7,0,27,3,0,True
6.74020997621119,2,0.0238846030638155,0.7,,,63,282.19895294899834,1.0,0.8257219249479262,0.6736854692657461,0.895663038785929,30,,27,10,281.400839206035,13,0.997171804733423,282.19895294899834,15,1.0,0.0003464631736278,severe_09__rho_0.700,heft,0.0003247922286391,,severe_09,severe,True,,0.7,0,27,3,0,True
6.74020997621119,2,0.0238881467785729,0.7,31.0,,63,282.1570898189966,1.0,0.8257219249479262,0.6737906895778157,0.895663038785929,30,28.0,27,10,281.44716056002653,14,0.9974839219548746,282.1570898189966,14,1.0,8.944852655753493,severe_09__rho_0.700,replica,8.94478450436145,,severe_09,severe,True,8.791225294582546,0.7,0,27,3,0,True
358.68800000000005,3,0.9996655592963368,0.7,,,63,358.808,0.9996655592963368,0.7891094389239053,0.6457074535684822,0.8378098365783093,30,,27,6,325.9189999999999,25,0.9083381641434972,10.447999999999997,2,0.0291186372656128,0.0312922671437263,severe_10__rho_0.700,cpsat,0.0310003347694873,OPTIMAL,severe_10,severe,True,,0.7,0,27,3,0,True
382.72412612102926,9,0.9996890050348788,0.7,,,63,382.8431884250604,0.9996890050348788,0.7891094389239053,0.6103931699782486,0.8378098365783093,30,,27,5,318.2770442630281,20,0.8313509391987765,0.0534317780002311,1,0.0001395657010904,0.0009879181161522,severe_10__rho_0.700,easy,0.0009687077254056,,severe_10,severe,True,,0.7,0,27,3,0,True
358.6883974894881,3,0.9996681721609144,0.7,,,63,358.80745979351923,0.9996681721609144,0.7891094389239053,0.645707112470583,0.8378098365783093,30,,27,6,325.9168968110462,25,0.9083336700931458,10.448292088000017,2,0.0291194951576888,0.0004466827958822,severe_10__rho_0.700,heft,0.0004291934892535,,severe_10,severe,True,,0.7,0,27,3,0,True
358.6883974894881,3,0.9996681721609144,0.7,31.0,,63,358.80745979351923,0.9996681721609144,0.7891094389239053,0.6463405289194237,0.8378098365783093,30,26.0,27,8,324.1916543090483,24,0.903525401884367,12.855358230997808,3,0.0358280127129898,8.406165222637355,severe_10__rho_0.700,replica,8.406082682311535,,severe_10,severe,True,8.275081437081099,0.7,0,27,3,0,True
3.203000000000032,2,0.0114652463077111,0.7,,,63,279.366,1.0,0.9050150346395937,0.6703511999790001,0.8320653502163002,30,,27,8,279.251,18,0.9995883536292892,279.366,10,1.0,0.0526572028174996,severe_11__rho_0.700,cpsat,0.0523747205734252,OPTIMAL,severe_11,severe,True,,0.7,0,27,3,0,True
0.0,0,0.0,0.7,,,63,313.0008118990554,0.9244209419730618,0.9050150346395937,0.6052959828012145,0.8320653502163002,30,,27,1,289.3445053740579,13,0.9244209419730618,279.0298967939925,17,0.8914670064305817,0.0009882180020213,severe_11__rho_0.700,easy,0.0009690085425972,,severe_11,severe,True,,0.7,0,27,3,0,True
3.203332562930882,2,0.0111777217268412,0.7,,,63,286.58188504001373,0.9998906504785068,0.9050150346395937,0.6698250415729352,0.8320653502163002,30,,27,11,286.550547448016,11,0.9998906504785068,286.12528917198506,17,0.9984067525134572,0.0004447642713785,severe_11__rho_0.700,heft,0.0004269545897841,,severe_11,severe,True,,0.7,0,27,3,0,True
3.2579882321879268,3,0.0115155840703262,0.7,31.0,,63,282.9199294009959,1.0,0.9050150346395937,0.6701594931051439,0.8320653502163002,30,26.0,27,12,282.6265117969597,12,0.9989628952451054,282.9199294009959,15,1.0,8.344109014607966,severe_11__rho_0.700,replica,8.344039583578706,,severe_11,severe,True,8.191163372248411,0.7,0,27,3,0,True
337.279,1,0.9341071423625824,0.7,,,63,361.071,0.9341071423625824,0.8760174053471432,0.6361555852819344,0.8320073626279282,30,,27,9,319.64500000000004,20,0.8852691021987366,32.168000000000035,9,0.0890905112844843,0.0228540683165192,severe_12__rho_0.700,cpsat,0.02242689486593,OPTIMAL,severe_12,severe,True,,0.7,7,13,10,0,True
361.3146531954408,7,0.9382185935816654,0.7,,,63,385.1071122094436,0.9382185935816654,0.8760174053471432,0.61408453714266,0.8320073626279282,30,,27,5,246.91671121300897,17,0.6411637266224295,101.233603845998,6,0.262871291223885,0.0010153576731681,severe_12__rho_0.700,easy,0.0009886976331472,,severe_12,severe,True,,0.7,7,13,10,0,True
66.9248079629615,14,0.1576533705624543,0.7,,,63,424.5060395740111,0.999927991264787,0.8760174053471432,0.4653757513695253,0.8320073626279282,30,,27,9,424.4754714310111,9,0.999927991264787,101.264171988998,7,0.2385458922813345,0.0004456741735339,severe_12__rho_0.700,heft,0.000426372513175,,severe_12,severe,True,,0.7,7,13,10,0,True
337.27892456389964,1,0.9341059411071564,0.7,31.0,,63,361.07138357790245,0.9341059411071564,0.8760174053471432,0.6501409656538456,0.8320073626279282,30,25.0,27,10,251.3006368400238,19,0.6959860245634912,115.66233256399936,10,0.3203309312908892,7.989906976930797,severe_12__rho_0.700,replica,7.989840127527714,,severe_12,severe,True,7.854714706540108,0.7,7,13,10,0,True
0.268999999999977,3,0.0009603678673049,0.7,,,63,280.101,1.0,0.910190542622746,0.666970128632172,0.8472972893683051,30,,27,13,280.101,11,1.0,280.08700000000005,16,0.999950018029211,0.0905336560681462,severe_13__rho_0.700,cpsat,0.090290923602879,OPTIMAL,severe_13,severe,True,,0.7,0,27,3,0,True
0.0,0,0.0,0.7,,,63,313.0008118990554,0.9244209419730618,0.910190542622746,0.6052959828012145,0.8472972893683051,30,,27,1,289.3445053740579,13,0.9244209419730618,279.0298967939925,17,0.8914670064305817,0.0010073976591229,severe_13__rho_0.700,easy,0.0009821280837059,,severe_13,severe,True,,0.7,0,27,3,0,True
0.1985881244763732,2,0.0006894588740585,0.7,,,63,288.034764579028,0.9997833276616026,0.910190542622746,0.665055889502805,0.8472972893683051,30,,27,12,287.9723554130469,12,0.9997833276616026,286.5067061569862,16,0.994694881972754,0.0003383522853255,severe_13__rho_0.700,heft,0.0003178222104907,,severe_13,severe,True,,0.7,0,27,3,0,True
0.2686173524707556,3,0.0009585133735086,0.7,31.0,,63,280.24371896604134,0.9998999998140838,0.910190542622746,0.6666424494416775,0.8472972893683051,30,27.0,27,10,280.2156945420429,14,0.9998999998140838,279.982765861987,13,0.9990688351374398,8.78612592164427,severe_13__rho_0.700,replica,8.785943781025708,,severe_13,severe,True,8.56716053839773,0.7,0,27,3,0,True
359.592,5,0.9984672797547648,0.7,,,63,360.144,1.0,0.9852310941687364,0.6694266737749346,0.8220802756970191,30,,27,16,3.5340000000001623,11,0.0098127415700391,360.144,14,1.0,0.0606337497010827,severe_14__rho_0.700,cpsat,0.0603797081857919,OPTIMAL,severe_14,severe,True,,0.7,5,17,8,0,True
168.55917850043625,4,0.3399374042343951,0.7,,,63,495.8535789259913,1.0,0.9852310941687364,0.4488496752446396,0.8220802756970191,30,,27,6,3.278396183042787,5,0.0066116214995235,495.8535789259913,21,1.0,0.0010443488135933,severe_14__rho_0.700,easy,0.0010255090892314,,severe_14,severe,True,,0.7,5,17,8,0,True
210.54600041732192,8,0.4480533163131696,0.7,,,63,469.9128267809974,1.0,0.9852310941687364,0.4850944307904609,0.8220802756970191,30,,27,11,3.397458487073891,8,0.0072299760582131,469.9128267809974,14,1.0,0.000345422886312,severe_14__rho_0.700,heft,0.0003256713971495,,severe_14,severe,True,,0.7,5,17,8,0,True
362.713782417588,4,0.999826554967074,0.7,31.0,,63,362.7767042349988,1.0,0.9852310941687364,0.6698549254028161,0.8220802756970191,30,22.0,27,13,3.532799807057017,11,0.0097382212413742,362.7767042349988,15,1.0,6.9073103023692966,severe_14__rho_0.700,replica,6.907231261953712,,severe_14,severe,True,6.801842862740159,0.7,5,17,8,0,True
47.90300000000002,3,0.1774027493852399,0.7,,,63,270.024,0.9996703996681774,0.8670892056884162,0.7173387056952962,0.9861227380074268,30,,27,10,269.93499999999995,4,0.9996703996681774,263.25800000000004,23,0.9749429680324714,0.0351681904867291,severe_15__rho_0.700,cpsat,0.0343767432495951,OPTIMAL,severe_15,severe,True,,0.7,0,27,3,0,True
0.0,0,0.0,0.7,,,63,313.0008118990554,0.9244209419730618,0.8670892056884162,0.6052959828012145,0.9861227380074268,30,,27,1,289.3445053740579,13,0.9244209419730618,279.0298967939925,17,0.8914670064305817,0.0010300781577825,severe_15__rho_0.700,easy,0.0010064886882901,,severe_15,severe,True,,0.7,0,27,3,0,True
18.33542836923152,1,0.0657695517604564,0.7,,,63,278.7829303750186,1.0,0.8670892056884162,0.6885649475376892,0.9861227380074268,30,,27,9,278.7829303750186,12,1.0,278.7621027399837,17,0.999925290852611,0.0003508236259222,severe_15__rho_0.700,heft,0.0003324830904603,,severe_15,severe,True,,0.7,0,27,3,0,True
47.904195942915976,3,0.1774069152592031,0.7,31.0,,63,270.024400530976,0.9996713364243308,0.8670892056884162,0.717341537297136,0.9861227380074268,30,27.0,27,10,269.9356533459795,4,0.9996713364243308,263.2593064649882,23,0.9749463602078742,8.584557199850678,severe_15__rho_0.700,replica,8.584491078741848,,severe_15,severe,True,8.442059440538287,0.7,0,27,3,0,True
2.176999999999964,3,0.0077926447742386,0.7,,,63,279.366,1.0,1.0,0.6691926242515791,0.7825227784297285,30,,27,10,279.306,17,0.9997852279804988,279.366,10,1.0,0.0856254752725362,severe_16__rho_0.700,cpsat,0.0853318236768245,OPTIMAL,severe_16,severe,True,,0.7,0,27,3,0,True
0.0,0,0.0,0.7,,,63,313.0008118990554,0.9244209419730618,1.0,0.6052959828012145,0.7825227784297285,30,,27,1,289.3445053740579,13,0.9244209419730618,279.0298967939925,17,0.8914670064305817,0.0010723285377025,severe_16__rho_0.700,easy,0.0010510794818401,,severe_16,severe,True,,0.7,0,27,3,0,True
0.0568441171199083,1,0.0001976505765257,0.7,,,63,287.59904534098314,0.9998242717813908,1.0,0.665625783407681,0.7825227784297285,30,,27,11,287.5485060730716,13,0.9998242717813908,286.6946693969876,16,0.9968554278651264,0.0003730431199073,severe_16__rho_0.700,heft,0.0003517335280776,,severe_16,severe,True,,0.7,0,27,3,0,True
2.1766266468912363,3,0.0077453248354922,0.7,31.0,,63,281.02457845499885,1.0,1.0,0.6688660689953898,0.7825227784297285,30,26.0,27,9,280.70221014495473,7,0.9988528821506774,281.02457845499885,20,1.0,8.341912850737572,severe_16__rho_0.700,replica,8.341847480274737,,severe_16,severe,True,8.217621937394142,0.7,0,27,3,0,True
348.528,2,0.9692830106821148,0.7,,,63,359.573,0.9692830106821148,0.9154807516876484,0.6445969710369429,0.8460609052903265,30,,27,12,344.4849999999999,19,0.9580391186212532,2.3260000000000502,9,0.0064687838074606,0.025343588553369,severe_17__rho_0.700,cpsat,0.0251500271260738,OPTIMAL,severe_17,severe,True,,0.7,7,13,10,0,True
358.13890511449426,3,0.9700847379283296,0.7,,,63,369.18311474451184,0.9700847379283296,0.9154807516876484,0.6281191242101509,0.8460609052903265,30,,27,10,333.4015817840118,19,0.9030791725529967,4.132437220989232,8,0.0111934621491262,0.0009976392611861,severe_17__rho_0.700,easy,0.0009784577414393,,severe_17,severe,True,,0.7,7,13,10,0,True
348.527977979742,2,0.9692851393667752,0.7,,,63,359.5721876097596,0.9692851393667752,0.9154807516876484,0.6452283040711319,0.8460609052903265,30,,27,10,342.7580166050466,18,0.9532383994532936,4.732463822987484,10,0.013161373393327,0.0004742937162518,severe_17__rho_0.700,heft,0.0004548933357,,severe_17,severe,True,,0.7,7,13,10,0,True
348.527977979742,2,0.9692851393667752,0.7,31.0,,63,359.5721876097596,0.9692851393667752,0.9154807516876484,0.6456379671672651,0.8460609052903265,30,25.0,27,10,341.123781220027,17,0.9486934556524864,6.808609574985894,11,0.0189353064825336,7.863845037296414,severe_17__rho_0.700,replica,7.863763447850943,,severe_17,severe,True,7.78592468611896,0.7,7,13,10,0,True
0.1989999999999554,3,0.0007104275774418,0.7,,,63,280.113,1.0,0.8884295427811194,0.6668975258794366,0.7911716772540677,30,,27,14,280.108,11,0.9999821500608684,280.113,16,1.0,0.0871170684695243,severe_18__rho_0.700,cpsat,0.0868748277425766,OPTIMAL,severe_18,severe,True,,0.7,0,27,3,0,True
0.0,0,0.0,0.7,,,63,313.0008118990554,0.9244209419730618,0.8884295427811194,0.6052959828012145,0.7911716772540677,30,,27,1,289.3445053740579,13,0.9244209419730618,279.0298967939925,17,0.8914670064305817,0.0010523181408643,severe_18__rho_0.700,easy,0.0010269982740283,,severe_18,severe,True,,0.7,0,27,3,0,True
0.1435393076390028,2,0.000498486421119,0.7,,,63,287.950286222007,0.9997832640946468,0.8884295427811194,0.6652091084959101,0.7911716772540677,30,,27,11,287.8878770560259,10,0.9997832640946468,286.61004320298525,18,0.9953455749719644,0.0004518730565905,severe_18__rho_0.700,heft,0.0004340726882219,,severe_18,severe,True,,0.7,0,27,3,0,True
0.1981949768960476,3,0.0007073092848432,0.7,31.0,,63,280.2097768870153,0.9998999877009654,0.8884295427811194,0.666675144479194,0.7911716772540677,30,27.0,27,10,280.1817524630169,13,0.9998999877009654,280.046733031988,14,0.999418136451773,8.713803742080927,severe_18__rho_0.700,replica,8.713722380809486,,severe_18,severe,True,8.555033382959664,0.7,0,27,3,0,True
45.215000000000025,7,0.105562365026557,0.7,,,63,428.325,1.0,0.9502933643800544,0.454955154769548,0.915200562983814,30,,27,19,428.325,10,1.0,111.066,13,0.2593030992820872,0.0311143472790718,severe_19__rho_0.700,cpsat,0.030922245234251,OPTIMAL,severe_19,severe,True,,0.7,10,7,13,0,True
0.0,0,0.0,0.7,,,63,511.2688725019944,0.9997266862124508,0.9502933643800544,0.3587619595778932,0.915200562983814,30,,27,9,511.12913566999487,18,0.9997266862124508,39.14233203999174,12,0.0765591925212287,0.000999548472464,severe_19__rho_0.700,easy,0.0009791376069188,,severe_19,severe,True,,0.7,10,7,13,0,True
37.09881317988038,2,0.0861361812040239,0.7,,,63,430.6995348680175,0.9996927263131444,0.9502933643800544,0.4493275024492371,0.915200562983814,30,,27,13,430.5671922340116,11,0.9996927263131444,112.90943351099122,17,0.2621535998305429,0.0003655329346656,severe_19__rho_0.700,heft,0.0003434028476476,,severe_19,severe,True,,0.7,10,7,13,0,True
45.56326594762504,5,0.1053047970674025,0.7,31.0,,63,432.6798704000285,0.9899341882487164,0.9502933643800544,0.4503778483008988,0.915200562983814,30,21.0,27,14,428.324596276012,10,0.9899341882487164,110.72042487799264,15,0.2558945595865773,6.711971345357597,severe_19__rho_0.700,replica,6.711883395910263,,severe_19,severe,True,6.640562326647341,0.7,10,7,13,0,True
0.2660000000000195,3,0.0009496574449931,0.7,,,63,280.101,1.0,1.0,0.6669689385852484,0.8726626197093634,30,,27,12,280.101,11,1.0,280.089,16,0.9999571583107522,0.045513735152781,severe_20__rho_0.700,cpsat,0.0453221341595053,OPTIMAL,severe_20,severe,True,,0.7,0,27,3,0,True
0.0,0,0.0,0.7,,,63,313.0008118990554,0.9244209419730618,1.0,0.6052959828012145,0.8726626197093634,30,,27,1,289.3445053740579,13,0.9244209419730618,279.0298967939925,17,0.8914670064305817,0.0010280981659889,severe_20__rho_0.700,easy,0.0010018181055784,,severe_20,severe,True,,0.7,0,27,3,0,True
0.1985881244763732,2,0.0006894588740585,0.7,,,63,288.034764579028,0.9997833276616026,1.0,0.665055889502805,0.8726626197093634,30,,27,12,287.9723554130469,12,0.9997833276616026,286.5067061569862,16,0.994694881972754,0.0003450717777013,severe_20__rho_0.700,heft,0.000325652770698,,severe_20,severe,True,,0.7,0,27,3,0,True
0.2659744825214147,3,0.0009439288332232,0.7,31.0,,63,281.77387230898967,0.9998887846068164,1.0,0.6662078064202114,0.8726626197093634,30,27.0,27,11,281.74253471699194,8,0.9998887846068164,281.15135093298886,19,0.9977907058205944,8.806264047510922,severe_20__rho_0.700,replica,8.806200336664915,,severe_20,severe,True,8.645016201771796,0.7,0,27,3,0,True
362.005,9,0.9996879470227936,0.6,,,54,362.118,1.0,0.996647509578544,0.6665626490075979,0.7549275371021473,30,,36,6,0.0,0,0.0,362.118,21,1.0,0.1553027750924229,high_01__rho_0.600,cpsat,0.155053224414587,OPTIMAL,high_01,high,True,,0.6,6,24,0,0,True
505.9472121708095,7,0.955332044274832,0.6,,,54,529.603518695807,0.955332044274832,0.996647509578544,0.4998522543641104,0.7549275371021473,30,,36,3,0.0,0,0.0,288.22332604698386,23,0.5442247188174995,0.0011249091476202,high_01__rho_0.600,easy,0.0011015888303518,,high_01,high,True,,0.6,6,24,0,0,True
360.9156580939889,11,0.9803709135407032,0.6,,,54,368.1419482249912,1.0,0.996647509578544,0.6601236378469011,0.7549275371021473,30,,36,9,0.0,0,0.0,368.1419482249912,19,1.0,0.0005056839436292,high_01__rho_0.600,heft,0.0004684636369347,,high_01,high,True,,0.6,6,24,0,0,True
365.2695086169988,8,0.9999142142912536,0.6,31.0,,54,365.3008462089965,0.9999142142912536,0.996647509578544,0.6665180050683371,0.7549275371021473,30,29.0,36,5,0.0,0,0.0,365.16926517798856,22,0.999639800913758,9.257389270700514,high_01__rho_0.600,replica,9.257313568145037,,high_01,high,True,9.096513056196272,0.6,6,24,0,0,True
349.112,2,0.9697393932323352,0.6,,,54,360.006,0.9697393932323352,0.992816091954023,0.6442013003486978,0.746852961752017,30,,36,3,346.63699999999994,28,0.9628645078137584,0.0,0,0.0,0.0153836840763688,high_02__rho_0.600,cpsat,0.0151936011388897,OPTIMAL,high_02,high,True,,0.6,6,24,0,0,True
174.49170557782054,5,0.3753850114835603,0.6,,,54,464.833971095999,1.0,0.992816091954023,0.4584616704945201,0.746852961752017,30,,36,3,464.833971095999,25,1.0,0.0,0,0.0,0.0009325565770268,high_02__rho_0.600,easy,0.0009122667834162,,high_02,high,True,,0.6,6,24,0,0,True
226.81050143484023,15,0.5138425486606655,0.6,,,54,441.4007793360506,1.0,0.992816091954023,0.5046141828868885,0.746852961752017,30,,36,5,441.4007793360506,15,1.0,0.0,0,0.0,0.0004011830314993,high_02__rho_0.600,heft,0.0003792829811573,,high_02,high,True,,0.6,6,24,0,0,True
349.1122850757092,2,0.969740886463714,0.6,31.0,,54,360.00573962472845,0.969740886463714,0.992816091954023,0.6441996976048183,0.746852961752017,30,29.0,36,3,346.6344807310379,28,0.9628582063507408,0.0,0,0.0,9.3548919018358,high_02__rho_0.600,replica,9.354845670983195,,high_02,high,True,9.122739443555474,0.6,6,24,0,0,True
364.687,11,0.9994053230438692,0.6,,,54,364.904,1.0,0.8904282977558842,0.666468441014623,0.7030572611333143,30,,36,11,0.0,0,0.0,364.904,19,1.0,0.0461024194955825,high_03__rho_0.600,cpsat,0.0458830492570996,OPTIMAL,high_03,high,True,,0.6,6,24,0,0,True
378.4268316766247,5,0.9697327134173,0.6,,,54,390.2382857056182,0.9697327134173,0.8904282977558842,0.6277824275619028,0.7030572611333143,30,,36,2,0.0,0,0.0,356.5273833069805,25,0.9136145692684084,0.0011277887970209,high_03__rho_0.600,easy,0.0011054296046495,,high_03,high,True,,0.6,6,24,0,0,True
365.65908363088965,11,0.9987668569996186,0.6,,,54,366.11055029334966,0.9987668569996186,0.8904282977558842,0.6653265610804883,0.7030572611333143,30,,36,11,0.0,0,0.0,365.0901365749887,19,0.997212826241846,0.0004721637815237,high_03__rho_0.600,heft,0.0004434930160641,,high_03,high,True,,0.6,6,24,0,0,True
365.0660050604493,14,0.9999236515452228,0.6,31.0,,54,365.0938794139911,1.0,0.8904282977558842,0.666641217181741,0.7030572611333143,30,29.0,36,7,0.0,0,0.0,365.0938794139911,16,1.0,9.294885252602398,high_03__rho_0.600,replica,9.29483250156045,,high_03,high,True,9.137273501604795,0.6,6,24,0,0,True
362.063,10,0.9999254329034218,0.6,,,54,362.09,1.0,0.8700479765629001,0.6666418109678073,0.826673964604999,30,,36,9,0.0,0,0.0,362.09,20,1.0,0.0525367921218276,high_04__rho_0.600,cpsat,0.0521760899573564,OPTIMAL,high_04,high,True,,0.6,6,24,0,0,True
511.86997883953154,8,0.9558260590161418,0.6,,,54,535.526285364529,0.9558260590161418,0.8700479765629001,0.4953212985258939,0.826673964604999,30,,36,2,0.0,0,0.0,283.9027463449893,22,0.5301378365615399,0.001214469783008,high_04__rho_0.600,easy,0.0011913906782865,,high_04,high,True,,0.6,6,24,0,0,True
364.0581194348633,14,0.9957454884392772,0.6,,,54,365.6136268369992,1.0,0.8700479765629001,0.6652484961464257,0.826673964604999,30,,36,7,0.0,0,0.0,365.6136268369992,16,1.0,0.0004862435162067,high_04__rho_0.600,heft,0.0004598144441843,,high_04,high,True,,0.6,6,24,0,0,True
365.2695086169988,8,0.9999142142912536,0.6,31.0,,54,365.3008462089965,0.9999142142912536,0.8700479765629001,0.6665180050683371,0.826673964604999,30,29.0,36,5,0.0,0,0.0,365.16926517798856,22,0.999639800913758,9.219922967255116,high_04__rho_0.600,replica,9.219844246283174,,high_04,high,True,9.070922469720244,0.6,6,24,0,0,True
0.0,0,0.0,0.6,,,54,282.274,1.0,0.9101576002782262,0.6649650103563677,0.7723687851455493,30,,36,11,282.274,8,1.0,280.833,22,0.9948950310691032,0.0306084472686052,high_05__rho_0.600,cpsat,0.0304230758920311,OPTIMAL,high_05,high,True,,0.6,6,24,0,0,True
0.0,0,0.0,0.6,,,54,314.7458242390276,0.9974571385437582,0.9101576002782262,0.6071113378178973,0.7723687851455493,30,,36,4,313.9454692140571,23,0.9974571385437582,259.3118060650013,7,0.8238768749099337,0.0008740769699215,high_05__rho_0.600,easy,0.0008551767095923,,high_05,high,True,,0.6,6,24,0,0,True
0.0,0,0.0,0.6,,,54,286.31206599099096,1.0,0.9101576002782262,0.6638337695495774,0.7723687851455493,30,,36,10,286.31206599099096,11,1.0,283.8787881119897,19,0.9915013086487322,0.0003280732780694,high_05__rho_0.600,heft,0.0003072321414947,,high_05,high,True,,0.6,6,24,0,0,True
0.0,0,0.0,0.6,31.0,,54,282.3132661609852,1.0,0.9101576002782262,0.6648781498704168,0.7723687851455493,30,27.0,36,9,282.3132661609852,9,1.0,280.798500105986,21,0.9946344496112506,8.663698262535036,high_05__rho_0.600,replica,8.663617121055722,,high_05,high,True,8.544096389785409,0.6,6,24,0,0,True
0.0,0,0.0,0.6,,,54,282.134,1.0,0.8247775587364915,0.6658632659185587,0.7242098396253047,30,,36,11,282.134,10,1.0,281.45399999999995,20,0.997589797755676,0.03910718485713,high_06__rho_0.600,cpsat,0.0386475715786218,OPTIMAL,high_06,high,True,,0.6,6,24,0,0,True
0.0,0,0.0,0.6,,,54,314.6175844999925,0.9602529879096148,0.8247775587364915,0.6072229311349219,0.7242098396253047,30,,36,5,302.1124755650235,23,0.9602529879096148,271.01655997499984,7,0.8614158054951512,0.0009295977652072,high_06__rho_0.600,easy,0.000904438085854,,high_06,high,True,,0.6,6,24,0,0,True
0.0,0,0.0,0.6,,,54,288.631026610994,1.0,0.8247775587364915,0.6640283661614331,0.7242098396253047,30,,36,9,288.631026610994,15,1.0,286.3465404609924,15,0.9920850984842992,0.000322813168168,high_06__rho_0.600,heft,0.0003015026450157,,high_06,high,True,,0.6,6,24,0,0,True
0.0,0,0.0,0.6,31.0,,54,282.1820017259452,1.0,0.8247775587364915,0.6658541556220862,0.7242098396253047,30,28.0,36,13,282.1820017259452,11,1.0,281.4941737469926,19,0.9975624668662584,8.95916090067476,high_06__rho_0.600,replica,8.959088710136712,,high_06,high,True,8.744382730685174,0.6,6,24,0,0,True
0.0,0,0.0,0.6,,,54,301.748,0.9934448612749712,0.7954597413507369,0.6442749137249183,0.757068898679287,30,,36,11,283.456,23,0.939379879899784,299.77,7,0.9934448612749712,0.0367322470992803,high_07__rho_0.600,cpsat,0.0364269241690635,OPTIMAL,high_07,high,True,,0.6,6,24,0,0,True
0.0,0,0.0,0.6,,,54,356.8651412929903,0.9827795487120412,0.7954597413507369,0.5449144317190314,0.757068898679287,30,,36,4,232.66313449302103,6,0.6519637464450527,350.71976251098386,24,0.9827795487120412,0.0008869469165802,high_07__rho_0.600,easy,0.0008680364117026,,high_07,high,True,,0.6,6,24,0,0,True
0.0,0,0.0,0.6,,,54,314.9489176459865,0.9963111042714976,0.7954597413507369,0.6202310554836362,0.757068898679287,30,,36,8,272.2361949160113,19,0.8643820621794109,313.78710392898574,11,0.9963111042714976,0.0003682030364871,high_07__rho_0.600,heft,0.0003473330289125,,high_07,high,True,,0.6,6,24,0,0,True
0.0,0,0.0,0.6,31.0,,54,306.0863025859835,0.9984856652320842,0.7954597413507369,0.6296124151440309,0.757068898679287,30,25.0,36,11,272.52442318500835,22,0.8903515802000085,305.62278545599474,8,0.9984856652320842,8.110054752789438,high_07__rho_0.600,replica,8.109987711533904,,high_07,high,True,7.937513340264559,0.6,6,24,0,0,True
0.0,0,0.0,0.6,,,54,300.162,1.0,0.8947386425834701,0.6481055785431423,0.7376148684595533,30,,36,6,283.448,23,0.9443167356294268,300.162,7,1.0,0.027838404290378,high_08__rho_0.600,cpsat,0.0276723243296146,OPTIMAL,high_08,high,True,,0.6,6,24,0,0,True
0.0,0,0.0,0.6,,,54,350.4208362899953,0.982462861378138,0.8947386425834701,0.5539626675929109,0.7376148684595533,30,,36,4,238.08472624604477,9,0.6794251414005947,344.2754575079889,21,0.982462861378138,0.000884287059307,high_08__rho_0.600,easy,0.0008645374327898,,high_08,high,True,,0.6,6,24,0,0,True
0.0,0,0.0,0.6,,,54,312.1269012919911,1.0,0.8947386425834701,0.6261963056798431,0.7376148684595533,30,,36,4,274.2312361850345,20,0.8785889170395292,312.1269012919911,10,1.0,0.0003191828727722,high_08__rho_0.600,heft,0.0002963719889521,,high_08,high,True,,0.6,6,24,0,0,True
0.0,0,0.0,0.6,31.0,,54,306.0153955969945,1.0,0.8947386425834701,0.6301773755373778,0.7376148684595533,30,27.0,36,6,272.5165410170448,22,0.8905321266121334,306.0153955969945,8,1.0,8.656335352919996,high_08__rho_0.600,replica,8.656171292066574,,high_08,high,True,8.533633343875408,0.6,6,24,0,0,True
362.009,11,0.999442314010342,0.6,,,54,362.211,1.0,0.7956106385095565,0.6664807713367806,0.7776662803442576,30,,36,7,0.0,0,0.0,362.211,19,1.0,0.0573350545018911,high_09__rho_0.600,cpsat,0.0571101121604442,OPTIMAL,high_09,high,True,,0.6,6,24,0,0,True
501.5533665148541,4,0.9549583571298724,0.6,,,54,525.2096730398516,0.9549583571298724,0.7956106385095565,0.5028115577031781,0.7776662803442576,30,,36,3,0.0,0,0.0,290.6911149509797,26,0.5534763159796616,0.0009053368121385,high_09__rho_0.600,easy,0.0008860770612955,,high_09,high,True,,0.6,6,24,0,0,True
357.4517713468522,13,0.9671526458354096,0.6,,,54,369.5918869539892,1.0,0.7956106385095565,0.6557175486118032,0.7776662803442576,30,,36,8,0.0,0,0.0,369.5918869539892,17,1.0,0.000315292738378,high_09__rho_0.600,heft,0.0002972930669784,,high_09,high,True,,0.6,6,24,0,0,True
364.9219796685502,9,0.9992274101763866,0.6,31.0,,54,365.2041326649887,1.0,0.7956106385095565,0.6664091367254622,0.7776662803442576,30,29.0,36,6,0.0,0,0.0,365.2041326649887,21,1.0,9.226231538690628,high_09__rho_0.600,replica,9.226145087741315,,high_09,high,True,9.073136918246746,0.6,6,24,0,0,True
0.0,0,0.0,0.6,,,54,285.007,1.0,0.8463311758081113,0.6660304249837138,0.8073605709763458,30,,36,11,284.463,13,0.9980912749511416,285.007,17,1.0,0.0620676623657345,high_10__rho_0.600,cpsat,0.061583038419485,OPTIMAL,high_10,high,True,,0.6,6,24,0,0,True
0.0,0,0.0,0.6,,,54,303.6036370670517,0.9572691387942598,0.8463311758081113,0.6264502496786868,0.8073605709763458,30,,36,3,279.94733054205426,6,0.9220816102418004,290.63039218998165,24,0.9572691387942598,0.0009428085759282,high_10__rho_0.600,easy,0.0009143278002738,,high_10,high,True,,0.6,6,24,0,0,True
0.0,0,0.0,0.6,,,54,288.83706722600255,0.9973776880917868,0.8463311758081113,0.6628305285677055,0.8073605709763458,30,,36,13,288.07964634508244,16,0.9973776880917868,286.270431472989,14,0.9911138976113296,0.0005036145448684,high_10__rho_0.600,heft,0.0004757344722747,,high_10,high,True,,0.6,6,24,0,0,True
0.0,0,0.0,0.6,31.0,,54,286.2380642009921,1.0,0.8463311758081113,0.6648058692607817,0.8073605709763458,30,27.0,36,10,284.64017105899984,12,0.994417607782345,286.2380642009921,18,1.0,8.619839759543538,high_10__rho_0.600,replica,8.619758977554739,,high_10,high,True,8.421756932511926,0.6,6,24,0,0,True
364.819,7,0.999915033575442,0.6,,,54,364.85,0.9999780731807592,0.8949816584149795,0.6666310355854004,0.8274522070460028,30,,36,7,0.0,0,0.0,364.842,23,0.9999780731807592,0.0402427371591329,high_11__rho_0.600,cpsat,0.0400563450530171,OPTIMAL,high_11,high,True,,0.6,6,24,0,0,True
381.6505286926404,6,0.969980698141935,0.6,,,54,393.4619827216338,0.969980698141935,0.8949816584149795,0.6238063778379997,0.8274522070460028,30,,36,2,0.0,0,0.0,354.6817540829797,24,0.901438435372064,0.0009037470445036,high_11__rho_0.600,easy,0.000884287059307,,high_11,high,True,,0.6,6,24,0,0,True
364.3565854439512,14,0.994997921354228,0.6,,,54,366.1882880599878,1.0,0.8949816584149795,0.6649993071180761,0.8274522070460028,30,,36,9,0.0,0,0.0,366.1882880599878,16,1.0,0.0004707938060164,high_11__rho_0.600,heft,0.0004437733441591,,high_11,high,True,,0.6,6,24,0,0,True
365.3411514451727,9,0.999914231112254,0.6,31.0,,54,365.37248903717045,0.999914231112254,0.8949816584149795,0.666419285089129,0.8274522070460028,30,29.0,36,5,0.0,0,0.0,365.1326673609874,21,0.9993436241551328,9.13837761990726,high_11__rho_0.600,replica,9.138281130231915,,high_11,high,True,8.996856396086514,0.6,6,24,0,0,True
0.0,0,0.0,0.6,,,54,284.183,0.9998838776422234,0.8657768397725473,0.6655464964477115,0.8388317363375298,30,,36,13,283.261,19,0.9967556117009112,284.15,11,0.9998838776422234,0.1545262848958373,high_12__rho_0.600,cpsat,0.1542855631560087,OPTIMAL,high_12,high,True,,0.6,6,24,0,0,True
0.0,0,0.0,0.6,,,54,316.10072889101866,0.96001435174056,0.8657768397725473,0.6039023351650968,0.8388317363375298,30,,36,5,303.4612363310298,21,0.96001435174056,269.2206686429963,9,0.8516926537547306,0.0011057388037443,high_12__rho_0.600,easy,0.0010815989226102,,high_12,high,True,,0.6,6,24,0,0,True
0.0,0,0.0,0.6,,,54,288.49942935795843,0.9998922993572206,0.8657768397725473,0.6637882817024429,0.8388317363375298,30,,36,10,288.4683577839751,13,0.9998922993572206,286.03926367298845,17,0.991472545750108,0.0003286432474851,high_12__rho_0.600,heft,0.0003085928037762,,high_12,high,True,,0.6,6,24,0,0,True
0.0,0,0.0,0.6,31.0,,54,285.0825848139648,1.0,0.8657768397725473,0.6631038849497368,0.8388317363375298,30,28.0,36,12,285.0825848139648,15,1.0,282.0355237509939,15,0.9893116548492104,8.966721910983324,high_12__rho_0.600,replica,8.966643820516765,,high_12,high,True,8.767280343919992,0.6,6,24,0,0,True
0.0,0,0.0,0.6,,,54,295.404,0.9967942207959268,0.8216582965342124,0.6406841703790968,0.8879538405400474,30,,36,9,294.457,8,0.9967942207959268,273.32500000000005,22,0.9252582903413632,0.0431051515042781,high_13__rho_0.600,cpsat,0.0429184585809707,OPTIMAL,high_13,high,True,,0.6,6,24,0,0,True
0.0,0,0.0,0.6,,,54,327.34908261903547,0.9636124594982932,0.8216582965342124,0.5834727512330521,0.8879538405400474,30,,36,4,315.4376546170388,20,0.9636124594982932,257.56015493099403,10,0.7868057942008627,0.0008992571383714,high_13__rho_0.600,easy,0.0008810264989733,,high_13,high,True,,0.6,6,24,0,0,True
0.0,0,0.0,0.6,,,54,300.96503943202333,0.9973047223242032,0.8216582965342124,0.6362050431118581,0.8879538405400474,30,,36,8,300.1538550800469,13,0.9973047223242032,274.2725725809905,17,0.9113104070113712,0.0003193635493516,high_13__rho_0.600,heft,0.0003021117299795,,high_13,high,True,,0.6,6,24,0,0,True
0.0,0,0.0,0.6,31.0,,54,297.8089217880188,0.9999058979703154,0.8216582965342124,0.6342488102537466,0.8879538405400474,30,28.0,36,12,297.78089736402035,9,0.9999058979703154,268.8739656169855,21,0.902840532790924,9.046352644450964,high_13__rho_0.600,replica,9.04627764225006,,high_13,high,True,8.854917226359248,0.6,6,24,0,0,True
364.6710000000001,11,0.9992957514907052,0.6,,,54,364.928,0.99995615573483,0.793842339782465,0.6664173024085117,0.7795794563035943,30,,36,13,0.0,0,0.0,364.912,19,0.99995615573483,0.064162022434175,high_14__rho_0.600,cpsat,0.0638800486922264,OPTIMAL,high_14,high,True,,0.6,6,24,0,0,True
381.7020834311843,7,0.9699846310111028,0.6,,,54,393.51353746017776,0.9699846310111028,0.793842339782465,0.6237417774534061,0.7795794563035943,30,,36,1,0.0,0,0.0,354.650416490982,23,0.9012407013491156,0.0009499164298176,high_14__rho_0.600,easy,0.0009289570152759,,high_14,high,True,,0.6,6,24,0,0,True
362.5087452195585,15,0.9871517194404184,0.6,,,54,367.2269804939933,1.0,0.793842339782465,0.6623839064801395,0.7795794563035943,30,,36,10,0.0,0,0.0,367.2269804939933,15,1.0,0.0004053842276334,high_14__rho_0.600,heft,0.000387193635106,,high_14,high,True,,0.6,6,24,0,0,True
365.1116327596828,11,1.0,0.6,31.0,,54,365.1116327596828,1.0,0.793842339782465,0.6666506549795409,0.7795794563035943,30,29.0,36,5,0.0,0,0.0,365.0940945999937,19,0.9999519649386228,9.23098162561655,high_14__rho_0.600,replica,9.23088047467172,,high_14,high,True,9.077296287752688,0.6,6,24,0,0,True
361.966,8,0.9999502740452616,0.6,,,54,361.984,1.0,0.9826217843459224,0.6666500913484206,0.8138878962197064,30,,36,11,0.0,0,0.0,361.984,22,1.0,0.0480704512447118,high_15__rho_0.600,cpsat,0.0475580170750618,OPTIMAL,high_15,high,True,,0.6,6,24,0,0,True
183.14631817862391,12,0.3735512816618139,0.6,,,54,490.2842719849941,1.0,0.9826217843459224,0.4578504272206046,0.8138878962197064,30,,36,0,0.0,0,0.0,490.2842719849941,18,1.0,0.0009206682443618,high_15__rho_0.600,easy,0.0008951481431722,,high_15,high,True,,0.6,6,24,0,0,True
232.18404387217012,17,0.5046837314012177,0.6,,,54,460.0585067949942,1.0,0.9826217843459224,0.5015612438004059,0.8138878962197064,30,,36,5,0.0,0,0.0,460.0585067949942,13,1.0,0.0003102235496044,high_15__rho_0.600,heft,0.0002926625311374,,high_15,high,True,,0.6,6,24,0,0,True
363.8900862839073,11,0.9955665702676496,0.6,31.0,,54,365.5105516309959,1.0,0.9826217843459224,0.6651888567558832,0.8138878962197064,30,29.0,36,7,0.0,0,0.0,365.5105516309959,19,1.0,9.274958956986666,high_15__rho_0.600,replica,9.274873645976186,,high_15,high,True,9.120706751011312,0.6,6,24,0,0,True
0.0,0,0.0,0.6,,,54,281.036,1.0,0.8109714916144868,0.6666631084036684,0.8777224825055931,30,,36,10,281.036,11,1.0,281.033,19,0.999989325211005,0.0519376741722226,high_16__rho_0.600,cpsat,0.0517033915966749,OPTIMAL,high_16,high,True,,0.6,6,24,0,0,True
0.0,0,0.0,0.6,,,54,497.29200577298616,1.0,0.8109714916144868,0.3892919526065801,0.8777224825055931,30,,36,1,83.48332205603947,8,0.1678758578197406,497.29200577298616,22,1.0,0.0009431075304746,high_16__rho_0.600,easy,0.0009232778102159,,high_16,high,True,,0.6,6,24,0,0,True
0.0,0,0.0,0.6,,,54,285.7642634369768,0.9971258224170184,0.8109714916144868,0.6544330306645062,0.8777224825055931,30,,36,8,276.0977927330241,14,0.9661732695765,284.942926196989,16,0.9971258224170184,0.0003164131194353,high_16__rho_0.600,heft,0.0002992823719978,,high_16,high,True,,0.6,6,24,0,0,True
0.0,0,0.0,0.6,31.0,,54,284.2778707599937,1.0,0.8109714916144868,0.6653152890762742,0.8777224825055931,30,29.0,36,10,283.1253705280251,14,0.9959458672288228,284.2778707599937,16,1.0,9.271600810810924,high_16__rho_0.600,replica,9.271524289622905,,high_16,high,True,9.103009713813664,0.6,6,24,0,0,True
0.0,0,0.0,0.6,,,54,301.119,0.9992062938572456,0.7899994604952458,0.6456760726932983,0.7176088089418285,30,,36,7,282.396,21,0.9378219242226492,300.88,9,0.9992062938572456,0.0312399454414844,high_17__rho_0.600,cpsat,0.0310550732538104,OPTIMAL,high_17,high,True,,0.6,6,24,0,0,True
0.0,0,0.0,0.6,,,54,356.8651412929903,0.9828898701512704,0.7899994604952458,0.5449121666374105,0.7176088089418285,30,,36,4,232.62133963100496,5,0.6518466297609612,350.75913238698195,25,0.9828898701512704,0.0008699269965291,high_17__rho_0.600,easy,0.0008507771417498,,high_17,high,True,,0.6,6,24,0,0,True
0.0,0,0.0,0.6,,,54,313.0602282319778,0.9992387273677704,0.7899994604952458,0.6239749269350651,0.7176088089418285,30,,36,7,273.2032950639841,19,0.8726860534374246,312.8219040479853,11,0.9992387273677704,0.0003186929970979,high_17__rho_0.600,heft,0.0002989536151289,,high_17,high,True,,0.6,6,24,0,0,True
0.0,0,0.0,0.6,31.0,,54,306.7409664959887,1.0,0.7899994604952458,0.6283218861285677,0.7176088089418285,30,26.0,36,9,271.45522136898944,20,0.8849656583857028,306.7409664959887,10,1.0,8.25080187432468,high_17__rho_0.600,replica,8.250716373324394,,high_17,high,True,8.092610739171505,0.6,6,24,0,0,True
349.112,2,0.9697393932323352,0.6,,,54,360.006,0.9697393932323352,0.8302887246852765,0.6442013003486978,0.7472360702817856,30,,36,3,346.63699999999994,28,0.9628645078137584,0.0,0,0.0,0.1549528241157531,high_18__rho_0.600,cpsat,0.1545094810426235,OPTIMAL,high_18,high,True,,0.6,6,24,0,0,True
385.41081009432673,3,0.972512396355808,0.6,,,54,396.304264643346,0.972512396355808,0.8302887246852765,0.5995970586748584,0.7472360702817856,30,,36,4,327.457804167032,27,0.8262787796687671,0.0,0,0.0,0.0014317017048597,high_18__rho_0.600,easy,0.0013957815244793,,high_18,high,True,,0.6,6,24,0,0,True
349.1122850757092,2,0.969740886463714,0.6,,,54,360.00573962472845,0.969740886463714,0.8302887246852765,0.6441996976048183,0.7472360702817856,30,,36,3,346.6344807310379,28,0.9628582063507408,0.0,0,0.0,0.0004049129784107,high_18__rho_0.600,heft,0.0003864634782075,,high_18,high,True,,0.6,6,24,0,0,True
349.1122850757092,2,0.969740886463714,0.6,31.0,,54,360.00573962472845,0.969740886463714,0.8302887246852765,0.6441996976048183,0.7472360702817856,30,29.0,36,3,346.6344807310379,28,0.9628582063507408,0.0,0,0.0,9.19667860493064,high_18__rho_0.600,replica,9.19658947456628,,high_18,high,True,9.076039453037083,0.6,6,24,0,0,True
362.314,7,0.9999696405161114,0.6,,,54,362.325,1.0,0.8723315743367951,0.6666565468387038,0.8322525431192725,30,,36,11,0.0,0,0.0,362.325,23,1.0,0.055903336033225,high_19__rho_0.600,cpsat,0.0554194524884223,OPTIMAL,high_19,high,True,,0.6,6,24,0,0,True
505.9472121708095,7,0.955332044274832,0.6,,,54,529.603518695807,0.955332044274832,0.8723315743367951,0.4998522543641104,0.8322525431192725,30,,36,3,0.0,0,0.0,288.22332604698386,23,0.5442247188174995,0.0009907074272632,high_19__rho_0.600,easy,0.0009717978537082,,high_19,high,True,,0.6,6,24,0,0,True
358.8255677353591,12,0.9712958474509964,0.6,,,54,369.4297352109934,1.0,0.8723315743367951,0.6570986158169988,0.8322525431192725,30,,36,9,0.0,0,0.0,369.4297352109934,18,1.0,0.0003180420026183,high_19__rho_0.600,heft,0.0003007221966981,,high_19,high,True,,0.6,6,24,0,0,True
365.1088221697137,11,1.0,0.6,31.0,,54,365.1088221697137,1.0,0.8723315743367951,0.66665340163641,0.8322525431192725,30,29.0,36,6,0.0,0,0.0,365.09429263099446,19,0.99996020490923,9.181330852210522,high_19__rho_0.600,replica,9.18127332162112,,high_19,high,True,9.022280840203166,0.6,6,24,0,0,True
0.0,0,0.0,0.6,,,54,281.647,1.0,0.8608852476568635,0.6666642996374895,0.7826776148595873,30,,36,9,281.645,11,0.9999928989124685,281.647,19,1.0,0.0451128995046019,high_20__rho_0.600,cpsat,0.0448716869577765,OPTIMAL,high_20,high,True,,0.6,6,24,0,0,True
0.0,0,0.0,0.6,,,54,316.2404409720293,0.9974948029526122,0.8608852476568635,0.6037876855559055,0.7826776148595873,30,,36,4,315.4481963530416,24,0.9974948029526122,257.37805544799994,6,0.8138682537151041,0.0009892079979181,high_20__rho_0.600,easy,0.0009687077254056,,high_20,high,True,,0.6,6,24,0,0,True
0.0,0,0.0,0.6,,,54,286.1780592799805,0.9967894231573732,0.8608852476568635,0.6644441503507608,0.7826776148595873,30,,36,7,285.1887497119605,13,0.996543027894909,285.2592626299884,17,0.9967894231573732,0.0003376528620719,high_20__rho_0.600,heft,0.0003165928646922,,high_20,high,True,,0.6,6,24,0,0,True
0.0,0,0.0,0.6,31.0,,54,281.657044078991,1.0,0.8608852476568635,0.6666422059765355,0.7826776148595873,30,29.0,36,10,281.6363755019556,11,0.9999266179296066,281.657044078991,19,1.0,9.395009287633002,high_20__rho_0.600,replica,9.394930416718124,,high_20,high,True,9.251353555358946,0.6,6,24,0,0,True
367.865,10,1.0,0.6,,,54,367.865,1.0,0.8299158527614272,0.6665343717577553,0.7773544966701867,30,,36,12,0.0,0,0.0,367.7190000000001,20,0.9996031152732662,0.0644228076562285,moderate_01__rho_0.600,cpsat,0.0640508150681853,OPTIMAL,moderate_01,moderate,True,,0.6,6,24,0,0,True
538.9215145260096,16,0.978464255556951,0.6,,,54,550.7830372600074,0.978464255556951,0.8299158527614272,0.4878621430743512,0.7773544966701867,30,,36,5,0.0,0,0.0,267.1970642539927,14,0.4851221736661025,0.0018823454156517,moderate_01__rho_0.600,easy,0.0018438538536429,,moderate_01,moderate,True,,0.6,6,24,0,0,True
375.3476018169895,9,0.995442737227741,0.6,,,54,377.0659906187211,0.995442737227741,0.8299158527614272,0.6485228721496187,0.7773544966701867,30,,36,10,0.0,0,0.0,358.2601558609931,21,0.950125879221115,0.0006547952070832,moderate_01__rho_0.600,heft,0.0006198044866323,,moderate_01,moderate,True,,0.6,6,24,0,0,True
374.5473136557266,8,0.9999174190352168,0.6,31.0,,54,374.5782466887249,0.9999174190352168,0.8299158527614272,0.6526192277890509,0.7773544966701867,30,26.0,36,11,0.0,0,0.0,358.8235846459902,22,0.9579402643319358,8.814618458971381,moderate_01__rho_0.600,replica,8.814542099833488,,moderate_01,moderate,True,8.739758079871535,0.6,6,24,0,0,True
358.68800000000005,3,0.9996655592963368,0.6,,,54,358.808,0.9996655592963368,0.8968144440061538,0.6452392365833538,0.7757226395067742,30,,36,3,335.86299999999994,27,0.9360521504537244,0.0,0,0.0,0.0195752913132309,moderate_02__rho_0.600,cpsat,0.0193303991109132,OPTIMAL,moderate_02,moderate,True,,0.6,6,24,0,0,True
188.658432030119,12,0.4172470222187853,0.6,,,54,452.1504576039733,1.0,0.8968144440061538,0.4724156740729284,0.7757226395067742,30,,36,2,452.1504576039733,18,1.0,0.0,0,0.0,0.0008940370753407,moderate_02__rho_0.600,easy,0.00087246671319,,moderate_02,moderate,True,,0.6,6,24,0,0,True
228.31968325097117,16,0.5285324301755575,0.6,,,54,431.9880299022189,0.9986347355588244,0.8968144440061538,0.5090557219114608,0.7757226395067742,30,,36,5,431.3982520059799,14,0.9986347355588244,0.0,0,0.0,0.0003525028005242,moderate_02__rho_0.600,heft,0.0003275526687502,,moderate_02,moderate,True,,0.6,6,24,0,0,True
358.6883974894881,3,0.9996681721609144,0.6,31.0,,54,358.80745979351923,0.9996681721609144,0.8968144440061538,0.6452378724931616,0.7757226395067742,30,29.0,36,3,335.8600884860498,27,0.9360454453185704,0.0,0,0.0,9.890392983332276,moderate_02__rho_0.600,replica,9.890329453162847,,moderate_02,moderate,True,9.7021768335253,0.6,6,24,0,0,True
38.87099999999992,4,0.1428057091423425,0.6,,,54,272.195,0.990973383052591,0.8461959496442254,0.707425436421193,0.7340357598978289,30,,36,11,269.738,5,0.990973383052591,269.064,21,0.9884972170686456,0.0748486807569861,moderate_03__rho_0.600,cpsat,0.0745539888739585,OPTIMAL,moderate_03,moderate,True,,0.6,17,2,11,0,True
18.33542836923152,1,0.0609783683246078,0.6,,,54,300.687421998995,0.960718496468958,0.8461959496442254,0.6276663501620234,0.7340357598978289,30,,36,5,288.8759679700015,5,0.960718496468958,258.98273377797886,24,0.8613021856925046,0.0010735383257269,moderate_03__rho_0.600,easy,0.00105054769665,,moderate_03,moderate,True,,0.6,17,2,11,0,True
9.644944651983678,2,0.0342437746074423,0.6,,,54,281.6554180299827,1.0,0.8461959496442254,0.6692107620912892,0.7340357598978289,30,,36,9,274.1601481589896,7,0.973388511666425,281.6554180299827,21,1.0,0.0003269836306571,moderate_03__rho_0.600,heft,0.0003089429810643,,moderate_03,moderate,True,,0.6,17,2,11,0,True
43.851071377284825,7,0.1604682324533047,0.6,31.0,,54,273.26948584695856,0.982458468046257,0.8461959496442254,0.7079682987489883,0.7340357598978289,30,21.0,36,16,268.0714071789698,5,0.9809781957474027,268.47592042899123,18,0.982458468046257,6.905957204289734,moderate_03__rho_0.600,replica,6.905869764275849,,moderate_03,moderate,True,6.814263740554452,0.6,17,2,11,0,True
42.58300000000003,7,0.0884711034839535,0.6,,,54,481.321,1.0,0.8572112753147236,0.4146082690484451,0.7109667413821531,30,,36,19,74.77499999999996,6,0.1553537036613818,481.321,17,1.0,0.0366159752011299,moderate_04__rho_0.600,cpsat,0.0361961321905255,OPTIMAL,moderate_04,moderate,True,,0.6,17,2,11,0,True
9.5761124137789,1,0.0189090004811402,0.6,,,54,506.4314437629873,1.0,0.8572112753147236,0.3857764325287074,0.7109667413821531,30,,36,4,70.10039090897772,3,0.138420297104982,506.4314437629873,26,1.0,0.0011742282658815,moderate_04__rho_0.600,easy,0.0011454792693257,,moderate_04,moderate,True,,0.6,17,2,11,0,True
9.5761124137789,1,0.0191005323744459,0.6,,,54,501.35316786198746,1.0,0.8572112753147236,0.3893435934380258,0.7109667413821531,30,,36,15,74.66665159500553,9,0.1489302479396316,501.35316786198746,20,1.0,0.0004019727930426,moderate_04__rho_0.600,heft,0.0003775227814912,,moderate_04,moderate,True,,0.6,17,2,11,0,True
22.936249444261197,4,0.0476525938870944,0.6,31.0,,54,481.3221605229956,1.0,0.8572112753147236,0.4092126992492219,0.7109667413821531,30,21.0,36,19,86.63101158099016,9,0.1799855038605713,481.3221605229956,17,1.0,7.315522034652531,moderate_04__rho_0.600,replica,7.315465174615383,,moderate_04,moderate,True,7.23832316044718,0.6,17,2,11,0,True
377.547,4,0.9998967122721713,0.6,,,54,377.586,0.9998967122721713,0.8696264772252564,0.6202083763698866,0.7702289728151798,30,,36,4,324.999,26,0.8607284168374886,0.0,0,0.0,0.0179128404706716,moderate_05__rho_0.600,cpsat,0.0176942776888608,OPTIMAL,moderate_05,moderate,True,,0.6,6,24,0,0,True
540.2515642559156,11,0.99992816678623,0.6,,,54,540.2903750499245,0.99992816678623,0.8696264772252564,0.4884112524379624,0.7702289728151798,30,,36,4,251.40013201901456,19,0.4653055905276573,0.0,0,0.0,0.0009086672216653,moderate_05__rho_0.600,easy,0.000884217210114,,moderate_05,moderate,True,,0.6,6,24,0,0,True
377.5472531784326,4,0.9998972133833528,0.6,,,54,377.5860639724415,0.9998972133833528,0.8696264772252564,0.6202057322987266,0.7702289728151798,30,,36,4,324.9958707570331,26,0.8607199835128271,0.0,0,0.0,0.0003669532015919,moderate_05__rho_0.600,heft,0.0003420934081077,,moderate_05,moderate,True,,0.6,6,24,0,0,True
377.5472531784326,4,0.9998972133833528,0.6,31.0,,54,377.5860639724415,0.9998972133833528,0.8696264772252564,0.6202057322987266,0.7702289728151798,30,28.0,36,4,324.9958707570331,26,0.8607199835128271,0.0,0,0.0,9.535730141215026,moderate_05__rho_0.600,replica,9.535667940042911,,moderate_05,moderate,True,9.38581353612244,0.6,6,24,0,0,True
380.566,5,0.9999185490164136,0.6,,,54,380.597,0.9999185490164136,0.9106116584564862,0.6455883782583678,0.7883064290709372,30,,36,8,0.0,0,0.0,356.56100000000004,25,0.9368465857586896,0.0225009359419345,moderate_06__rho_0.600,cpsat,0.022065813653171,OPTIMAL,moderate_06,moderate,True,,0.6,6,24,0,0,True
549.9976253584027,15,0.9969776009038314,0.6,,,54,551.664977086537,0.9969776009038314,0.9106116584564862,0.4902738111287428,0.7883064290709372,30,,36,5,0.0,0,0.0,261.40304698899854,15,0.4738438324823972,0.000930156558752,moderate_06__rho_0.600,easy,0.0009043766185641,,moderate_06,moderate,True,,0.6,6,24,0,0,True
382.23974944651127,5,0.993512912323478,0.6,,,54,384.7355627745055,0.993512912323478,0.9106116584564862,0.6348527640121532,0.7883064290709372,30,,36,8,0.0,0,0.0,350.511556876987,25,0.9110453797129816,0.0003378428518772,moderate_06__rho_0.600,heft,0.0003175428137183,,moderate_06,moderate,True,,0.6,6,24,0,0,True
382.23974944651127,5,0.9999190808125864,0.6,31.0,,54,382.2706824795096,0.9999190808125864,0.9106116584564862,0.6389462928647645,0.7883064290709372,30,25.0,36,8,0.0,0,0.0,350.511556876987,25,0.916919797781707,8.165055672638118,moderate_06__rho_0.600,replica,8.164988642558455,,moderate_06,moderate,True,8.108568689785898,0.6,6,24,0,0,True
695.947,10,0.998649711287897,0.6,,,54,696.888,0.998649711287897,0.7822811715377357,0.4009204731128484,0.8858100711548987,30,,36,4,142.24300000000005,20,0.2041117080506481,0.0,0,0.0,0.0142231108620762,moderate_07__rho_0.600,cpsat,0.0140251899138093,OPTIMAL,moderate_07,moderate,True,,0.6,6,24,0,0,True
715.0743964267895,16,0.9811187885733244,0.6,,,54,728.8356973232585,0.9811187885733244,0.7822811715377357,0.3852215660219666,0.8858100711548987,30,,36,4,127.21528965994366,14,0.1745459094925755,0.0,0,0.0,0.0008975565433502,moderate_07__rho_0.600,easy,0.0008781068027019,,moderate_07,moderate,True,,0.6,6,24,0,0,True
701.7679793052375,9,0.9985748103320276,0.6,,,54,702.7695592200034,0.9985748103320276,0.7822811715377357,0.3959755210151972,0.8858100711548987,30,,36,8,133.07064779204666,21,0.1893517527135642,0.0,0,0.0,0.0003352835774421,moderate_07__rho_0.600,heft,0.0003149723634123,,moderate_07,moderate,True,,0.6,6,24,0,0,True
695.9469520142302,10,0.9986518230438992,0.6,31.0,,54,696.8864783052995,0.9986518230438992,0.7822811715377357,0.4009200156978074,0.8858100711548987,30,27.0,36,4,142.24026145102107,20,0.2041082240495229,0.0,0,0.0,9.231504301540554,moderate_07__rho_0.600,replica,9.231231428682804,,moderate_07,moderate,True,9.107458846643569,0.6,6,24,0,0,True
202.741,11,0.4495724714167872,0.6,,,54,450.964,1.0,0.833391484829656,0.490874363955142,0.7120991656928408,30,,36,14,450.964,18,1.0,10.395,1,0.0230506204486389,0.0251786382868886,moderate_08__rho_0.600,cpsat,0.0249221557751297,OPTIMAL,moderate_08,moderate,True,,0.6,18,0,12,0,True
16.24206057097763,3,0.0343772271595918,0.6,,,54,472.4656964209462,0.9998943727166292,0.833391484829656,0.40544771902756,0.7120991656928408,30,,36,11,472.41579115294735,21,0.9998943727166292,86.02256507399579,6,0.1820715572064589,0.0013573803007602,moderate_08__rho_0.600,easy,0.0013281106948852,,moderate_08,moderate,True,,0.6,18,0,12,0,True
52.54058558959514,4,0.1159214086555774,0.6,,,54,453.24316016295415,0.9999175356755996,0.833391484829656,0.4352338318168856,0.7120991656928408,30,,36,11,453.20578377196216,19,0.9999175356755996,86.05390266599352,7,0.1898625511194799,0.0006982665508985,moderate_08__rho_0.600,heft,0.0006609465926885,,moderate_08,moderate,True,,0.6,18,0,12,0,True
52.59524125885218,5,0.1166286798570119,0.6,31.0,,54,450.9631878139626,1.0,0.833391484829656,0.4379000328220484,0.7120991656928408,30,22.0,36,13,450.9631878139626,18,1.0,88.87195516299471,7,0.1970714186091335,7.045082007534802,moderate_08__rho_0.600,replica,7.0450176279991865,,moderate_08,moderate,True,6.939723551273346,0.6,18,0,12,0,True
357.91700000000003,5,0.9941973189335734,0.6,,,54,360.006,0.9941973189335734,0.8604857039631671,0.6478114253651328,0.7719166210545522,30,,36,5,341.73099999999994,25,0.949236957161825,0.0,0,0.0,0.150622934103012,moderate_09__rho_0.600,cpsat,0.1502585718408227,OPTIMAL,moderate_09,moderate,True,,0.6,6,24,0,0,True
510.4131567887962,8,0.954872754693478,0.6,,,54,534.5352606197703,0.954872754693478,0.8604857039631671,0.4872290779544642,0.7719166210545522,30,,36,3,270.9102097089635,22,0.5068144791699147,0.0,0,0.0,0.001909215003252,moderate_09__rho_0.600,easy,0.0018727546557784,,moderate_09,moderate,True,,0.6,6,24,0,0,True
357.9176219124347,5,0.9941997654968768,0.6,,,54,360.00573962472845,0.9941997654968768,0.8604857039631671,0.6478104009644917,0.7719166210545522,30,,36,5,341.7287656950066,25,0.9492314373965984,0.0,0,0.0,0.0006578853353857,moderate_09__rho_0.600,heft,0.0006214650347828,,moderate_09,moderate,True,,0.6,6,24,0,0,True
357.9176219124347,5,0.9941997654968768,0.6,31.0,,54,360.00573962472845,0.9941997654968768,0.8604857039631671,0.6478104009644917,0.7719166210545522,30,27.0,36,5,341.7287656950066,25,0.9492314373965984,0.0,0,0.0,8.891223918646574,moderate_09__rho_0.600,replica,8.891154589131474,,moderate_09,moderate,True,8.782187807373703,0.6,6,24,0,0,True
18.36199999999992,11,0.0318323815863834,0.6,,,54,576.834,1.0,0.8745210727969348,0.349658076095838,0.7070868344693565,30,,36,11,9.888,1,0.0171418467011306,576.834,18,1.0,0.0229475917294621,moderate_10__rho_0.600,cpsat,0.0222206246107816,OPTIMAL,moderate_10,moderate,True,,0.6,18,0,12,0,True
9.610927134752274,1,0.016559008460648,0.6,,,54,580.4047481219859,1.0,0.8745210727969348,0.3421234548736784,0.7070868344693565,30,,36,6,5.694557701004669,3,0.0098113561603872,580.4047481219859,26,1.0,0.0009329169988632,moderate_10__rho_0.600,easy,0.0008957767859101,,moderate_10,moderate,True,,0.6,18,0,12,0,True
9.610927134752274,1,0.0166332113778333,0.6,,,54,577.8154871259867,0.9984978316134924,0.8745210727969348,0.3434749807308674,0.7070868344693565,30,,36,9,8.837051817041356,8,0.0152938992012765,576.9475109679915,21,0.9984978316134924,0.0003239130601286,moderate_10__rho_0.600,heft,0.0003057923167943,,moderate_10,moderate,True,,0.6,18,0,12,0,True
14.07480201870203,5,0.024399962664706,0.6,31.0,,54,576.8370309459897,1.0,0.8745210727969348,0.3455834660810786,0.7070868344693565,30,24.0,36,11,7.124188590008998,7,0.01235043557853,576.8370309459897,18,1.0,7.799324511550367,moderate_10__rho_0.600,replica,7.799251481890678,,moderate_10,moderate,True,7.68505744356662,0.6,18,0,12,0,True
337.279,1,0.9344591131367144,0.6,,,54,360.935,0.9344591131367144,0.927020013011742,0.654457635493002,0.784116232316265,30,,36,6,70.04400000000001,4,0.1940626428581323,301.327,25,0.8348511504841591,0.0222403360530734,moderate_11__rho_0.600,cpsat,0.0220220843330025,OPTIMAL,moderate_11,moderate,True,,0.6,16,4,10,0,True
337.27892456389964,1,0.9344583058472034,0.6,,,54,360.9352310888971,0.9344583058472034,0.927020013011742,0.6548589549189122,0.784116232316265,30,,36,2,68.34306862499216,1,0.1893499518426326,303.463011483982,28,0.8407686070669008,0.0008678771555423,moderate_11__rho_0.600,easy,0.0008487161248922,,moderate_11,moderate,True,,0.6,16,4,10,0,True
17.27802311629057,3,0.0344700713105983,0.6,,,54,501.2470952149779,0.9981398388601253,0.927020013011742,0.3918036508498179,0.784116232316265,30,,36,12,71.57860768600949,6,0.1428010423787302,500.3146948469839,21,0.9981398388601253,0.0004060231149196,moderate_11__rho_0.600,heft,0.0003833826631307,,moderate_11,moderate,True,,0.6,16,4,10,0,True
337.27892456389964,1,0.9344583058472034,0.6,31.0,,54,360.9352310888971,0.9344583058472034,0.927020013011742,0.658831448139777,0.784116232316265,30,25.0,36,8,82.55137156500132,8,0.2287151944573379,293.5561468199885,21,0.8133208441147897,8.476410959847271,moderate_11__rho_0.600,replica,8.476232629269361,,moderate_11,moderate,True,8.377175459638238,0.6,16,4,10,0,True
210.685,11,0.8558168819562921,0.6,,,54,246.18,1.0,0.9048227783118604,0.9237495599425894,0.7599686037497603,30,,36,15,225.361,11,0.9154317978714762,246.18,8,1.0,0.0258611142635345,moderate_12__rho_0.600,cpsat,0.0254277922213077,OPTIMAL,moderate_12,moderate,True,,0.6,14,8,8,0,True
171.2806264096871,8,0.6901343264259715,0.6,,,54,248.1844763420268,0.9920687848045794,0.9048227783118604,0.8911686272140903,0.7599686037497603,30,,36,14,246.0259589710331,13,0.99130277041172,246.21607185199537,9,0.9920687848045794,0.0011548893526196,moderate_12__rho_0.600,easy,0.0011259783059358,,moderate_12,moderate,True,,0.6,14,8,8,0,True
202.7848967453465,7,0.4681174146354383,0.6,,,54,433.1923795299772,0.9776068835617274,0.9048227783118604,0.5077191807792578,0.7599686037497603,30,,36,16,423.4918521349901,11,0.9776068835617274,33.543491283995536,12,0.0774332441406077,0.0006237654015421,moderate_12__rho_0.600,heft,0.0005884347483515,,moderate_12,moderate,True,,0.6,14,8,8,0,True
206.30978603754195,7,0.8376939472252639,0.6,31.0,,54,246.28300911199403,1.0,0.9048227783118604,0.9199353191561812,0.7599686037497603,30,23.0,36,13,227.1005206210248,13,0.9221120102432796,246.28300911199403,10,1.0,7.566250585019588,moderate_12__rho_0.600,replica,7.566178163513541,,moderate_12,moderate,True,7.487759195268154,0.6,14,8,8,0,True
20.774,7,0.069648772245095,0.6,,,54,298.268,0.9885036276100688,0.8965438558991418,0.6583799357177661,0.7924718781292013,30,,36,15,273.508,18,0.9169874072981344,294.83899999999994,5,0.9885036276100688,0.0294411834329366,moderate_13__rho_0.600,cpsat,0.0292300218716263,OPTIMAL,moderate_13,moderate,True,,0.6,11,14,5,0,True
20.467941587790847,3,0.0625972706486214,0.6,,,54,326.9781793312359,0.9073954357560952,0.8965438558991418,0.6008006426149833,0.7924718781292013,30,,36,9,272.17965168505907,22,0.8324092214402334,296.6985075170014,5,0.9073954357560952,0.0008802572265267,moderate_13__rho_0.600,easy,0.0008616168051958,,moderate_13,moderate,True,,0.6,11,14,5,0,True
20.61148089542985,5,0.0675457481635944,0.6,,,54,305.14845798301394,1.0,0.8965438558991418,0.6269719925488254,0.7924718781292013,30,,36,15,305.14845798301394,10,1.0,248.19867129599152,15,0.8133702294828816,0.0003240825608372,moderate_13__rho_0.600,heft,0.0003056218847632,,moderate_13,moderate,True,,0.6,11,14,5,0,True
20.66593433264643,6,0.0681220183160845,0.6,31.0,,54,303.36644220899325,1.0,0.8965438558991418,0.6220746243807288,0.7924718781292013,30,23.0,36,16,303.36644220899325,10,1.0,242.11732021899297,14,0.798101854826102,7.677738219499588,moderate_13__rho_0.600,replica,7.677679668180644,,moderate_13,moderate,True,7.625204469077289,0.6,11,14,5,0,True
365.73,10,0.9979861816038508,0.6,,,54,366.468,0.9979861816038508,0.8475472027694336,0.6647820091613273,0.7828103076061699,30,,36,7,0.0,0,0.0,365.134,20,0.9963598458801314,0.0410537756979465,moderate_14__rho_0.600,cpsat,0.040767022408545,OPTIMAL,moderate_14,moderate,True,,0.6,6,24,0,0,True
360.44975343812257,7,0.9727526394176432,0.6,,,54,370.5461582236494,0.9951994527937116,0.8475472027694336,0.6559840307371183,0.7828103076061699,30,,36,4,0.0,0,0.0,368.767333898988,23,0.9951994527937116,0.0010631382465362,moderate_14__rho_0.600,easy,0.001044588163495,,moderate_14,moderate,True,,0.6,6,24,0,0,True
368.3080103779212,14,0.9966558011139176,0.6,,,54,369.5438384708941,0.9966558011139176,0.8475472027694336,0.6641612965006046,0.7828103076061699,30,,36,7,0.0,0,0.0,368.002134239996,16,0.995828088387896,0.0003217728808522,moderate_14__rho_0.600,heft,0.0003032926470041,,moderate_14,moderate,True,,0.6,6,24,0,0,True
366.98131694458425,15,0.9938868953249744,0.6,31.0,,54,369.2385106099937,1.0,0.8475472027694336,0.6646289651083248,0.7828103076061699,30,28.0,36,7,0.0,0,0.0,369.2385106099937,15,1.0,9.165848599746823,moderate_14__rho_0.600,replica,9.165778167545795,,moderate_14,moderate,True,9.02247669827193,0.6,6,24,0,0,True
179.827,7,0.707070031888081,0.6,,,54,254.327,1.0,0.8974551549982586,0.8588890155849228,0.7405368565494249,30,,36,14,221.162,11,0.8695970148666874,254.327,12,1.0,0.0486391969025135,moderate_15__rho_0.600,cpsat,0.0484312148764729,OPTIMAL,moderate_15,moderate,True,,0.6,14,8,8,0,True
9.702851568348706,3,0.0193749909029602,0.6,,,54,500.7925741459949,0.9876527172122086,0.8974551549982586,0.3903742678263408,0.7405368565494249,30,,36,8,82.1776052119967,4,0.1640950953638535,494.6091466149883,23,0.9876527172122086,0.0012102192267775,moderate_15__rho_0.600,easy,0.0011873692274093,,moderate_15,moderate,True,,0.6,14,8,8,0,True
160.25817721243948,4,0.5765507081164765,0.6,,,54,277.9602469589954,1.0,0.8974551549982586,0.7762274457073032,0.7405368565494249,30,,36,9,209.06269334402168,9,0.7521316290054331,277.9602469589954,17,1.0,0.0005017537623643,moderate_15__rho_0.600,heft,0.000479893758893,,moderate_15,moderate,True,,0.6,14,8,8,0,True
163.49547984451056,6,0.6374454249923085,0.6,31.0,,54,256.4854549650008,1.0,0.8974551549982586,0.8443997365259115,0.7405368565494249,30,22.0,36,17,229.7478169760143,11,0.8957537845854259,256.4854549650008,13,1.0,7.318849626928568,moderate_15__rho_0.600,replica,7.318771795369685,,moderate_15,moderate,True,7.208507262170315,0.6,14,8,8,0,True
349.112,2,0.9697393932323352,0.6,,,54,360.006,0.9697393932323352,0.837687838051338,0.6442013003486978,0.5706398045721148,30,,36,3,346.63699999999994,28,0.9628645078137584,0.0,0,0.0,0.0149062182754278,moderate_16__rho_0.600,cpsat,0.0144840953871607,OPTIMAL,moderate_16,moderate,True,,0.6,6,24,0,0,True
391.8625029409304,8,0.972952716536065,0.6,,,54,402.7559574899497,0.972952716536065,0.837687838051338,0.5927680301810344,0.5706398045721148,30,,36,3,324.3600637540512,22,0.8053513740070383,0.0,0,0.0,0.0010726694017648,moderate_16__rho_0.600,easy,0.0010473486036062,,moderate_16,moderate,True,,0.6,6,24,0,0,True
224.01552968658507,14,0.5069990414582577,0.6,,,54,441.8460615670192,0.999429978266513,0.837687838051338,0.5021430065749236,0.5706398045721148,30,,36,7,441.5941997090704,16,0.999429978266513,0.0,0,0.0,0.0003736726939678,moderate_16__rho_0.600,heft,0.0003526033833622,,moderate_16,moderate,True,,0.6,6,24,0,0,True
349.1122850757092,2,0.969740886463714,0.6,31.0,,54,360.00573962472845,0.969740886463714,0.837687838051338,0.6441996976048183,0.5706398045721148,30,29.0,36,3,346.6344807310379,28,0.9628582063507408,0.0,0,0.0,9.532214159145951,moderate_16__rho_0.600,replica,9.532148579135535,,moderate_16,moderate,True,9.345397568307815,0.6,6,24,0,0,True
364.995,7,0.9998958998227556,0.6,,,54,365.033,1.0,0.818415314281591,0.6666319666075853,0.7401705893085203,30,,36,6,0.0,0,0.0,365.033,23,1.0,0.0460439482703805,moderate_17__rho_0.600,cpsat,0.0458100959658622,OPTIMAL,moderate_17,moderate,True,,0.6,6,24,0,0,True
375.2503905845806,2,0.9694843235173812,0.6,,,54,387.06184461357407,0.9694843235173812,0.818415314281591,0.6319174662489498,0.7401705893085203,30,,36,2,0.0,0,0.0,358.5230298049828,28,0.9262680752294684,0.0011647399514913,moderate_17__rho_0.600,easy,0.001073339022696,,moderate_17,moderate,True,,0.6,6,24,0,0,True
354.4155070744455,14,0.9538209970921424,0.6,,,54,371.5744444239863,1.0,0.818415314281591,0.6512736656973809,0.7401705893085203,30,,36,14,0.0,0,0.0,371.5744444239863,16,1.0,0.0003304630517959,moderate_17__rho_0.600,heft,0.0003105923533439,,moderate_17,moderate,True,,0.6,6,24,0,0,True
366.0998903186992,12,0.9990965360260218,0.6,31.0,,54,366.4309474786969,0.9990965360260218,0.818415314281591,0.6649149960731954,0.7401705893085203,30,28.0,36,9,0.0,0,0.0,364.83640569298586,18,0.9956484521935643,9.457670872099698,moderate_17__rho_0.600,replica,9.457606301642954,,moderate_17,moderate,True,9.334282954223454,0.6,6,24,0,0,True
250.4149999999999,23,0.5580962569228538,0.6,,,54,448.695,0.999950968920982,0.9094143404488232,0.5193490752812786,0.8456223192061356,30,,36,9,0.0,0,0.0,448.673,7,0.999950968920982,0.0208348473533988,moderate_18__rho_0.600,cpsat,0.0203954828903079,OPTIMAL,moderate_18,moderate,True,,0.6,6,24,0,0,True
516.0872771181166,11,0.9561712130687609,0.6,,,54,539.7435836431141,0.9561712130687609,0.9094143404488232,0.4925500976444263,0.8456223192061356,30,,36,2,0.0,0,0.0,281.46498736098874,19,0.5214790798645181,0.0009456472471356,moderate_18__rho_0.600,easy,0.0009201969951391,,moderate_18,moderate,True,,0.6,6,24,0,0,True
489.50719121005386,2,0.9901435148079696,0.6,,,54,494.3800407610506,0.9901435148079696,0.9094143404488232,0.530576584057783,0.8456223192061356,30,,36,2,0.0,0,0.0,297.4122285499834,28,0.6015862373653795,0.0004883045330643,moderate_18__rho_0.600,heft,0.0004620729014277,,moderate_18,moderate,True,,0.6,6,24,0,0,True
250.3253082977608,22,0.5578333190141116,0.6,31.0,,54,448.745709094921,0.9999512162846712,0.9094143404488232,0.519261511766261,0.8456223192061356,30,26.0,36,7,0.0,0,0.0,448.7238176119936,8,0.9999512162846712,8.524396093562245,moderate_18__rho_0.600,replica,8.52433314267546,,moderate_18,moderate,True,8.401615587994456,0.6,6,24,0,0,True
362.498,13,0.9999586221735496,0.6,,,54,362.513,1.0,0.8885125889436235,0.6666528740578499,0.8241881043605178,30,,36,8,0.0,0,0.0,362.513,17,1.0,0.0595170175656676,moderate_19__rho_0.600,cpsat,0.0592472236603498,OPTIMAL,moderate_19,moderate,True,,0.6,6,24,0,0,True
497.4451773427427,3,0.9546032639373532,0.6,,,54,521.1014838677402,0.9546032639373532,0.8885125889436235,0.5056681874768714,0.8241881043605178,30,,36,3,0.0,0,0.0,293.0681511739822,27,0.562401298493261,0.0013822801411151,moderate_19__rho_0.600,easy,0.0013537108898162,,moderate_19,moderate,True,,0.6,6,24,0,0,True
356.892578615807,14,0.96398087610456,0.6,,,54,370.22786184100187,1.0,0.8885125889436235,0.6546602920348533,0.8241881043605178,30,,36,9,0.0,0,0.0,370.22786184100187,16,1.0,0.0003806427121162,moderate_19__rho_0.600,heft,0.0003579128533601,,moderate_19,moderate,True,,0.6,6,24,0,0,True
365.0975442994386,11,0.9999896934125372,0.6,31.0,,54,365.10130724799455,1.0,0.8885125889436235,0.6666632311375124,0.8241881043605178,30,29.0,36,8,0.0,0,0.0,365.10130724799455,19,1.0,9.281361559405925,moderate_19__rho_0.600,replica,9.281290719285607,,moderate_19,moderate,True,9.133965975604951,0.6,6,24,0,0,True
365.026,18,0.9999917814748964,0.6,,,54,365.029,1.0,0.9887452107279694,0.6666639271582988,0.7313581389268841,30,,36,11,0.0,0,0.0,365.029,12,1.0,0.1547629898414015,moderate_20__rho_0.600,cpsat,0.1545436680316925,OPTIMAL,moderate_20,moderate,True,,0.6,6,24,0,0,True
396.6540957838297,16,0.9932218449794612,0.6,,,54,399.3610267321819,0.9932218449794612,0.9887452107279694,0.6199698006234864,0.7313581389268841,30,,36,5,0.0,0,0.0,346.12123257599524,14,0.8666875568909979,0.0011014593765139,moderate_20__rho_0.600,easy,0.001078157685697,,moderate_20,moderate,True,,0.6,6,24,0,0,True
363.9338696738705,12,0.995192691517454,0.6,,,54,365.6918632701672,0.9999643584955584,0.9887452107279694,0.6650523500043375,0.7313581389268841,30,,36,8,0.0,0,0.0,365.6788294619983,18,0.9999643584955584,0.0003091329708695,moderate_20__rho_0.600,heft,0.0002914620563387,,moderate_20,moderate,True,,0.6,6,24,0,0,True
365.7007446391508,13,0.9999143154414932,0.6,31.0,,54,365.7320822311485,0.9999143154414932,0.9887452107279694,0.6658225259270806,0.7313581389268841,30,29.0,36,11,0.0,0,0.0,364.83723177199136,17,0.9975532623397484,9.384064419195056,moderate_20__rho_0.600,replica,9.38399304728955,,moderate_20,moderate,True,9.23261785507202,0.6,6,24,0,0,True
388.78,6,0.9998996962596992,0.6,,,54,388.819,0.9998996962596992,0.8427738553461742,0.60703052062785,0.7735816549461337,30,,36,7,319.295,24,0.8211918656238507,0.0,0,0.0,0.0276065720245242,nominal_01__rho_0.600,cpsat,0.027290541678667,OPTIMAL,nominal_01,nominal,True,,0.6,6,24,0,0,True
751.7681068601087,13,0.99980042962589,0.6,,,54,751.9181674500869,0.99980042962589,0.8427738553461742,0.3791930197780357,0.7735816549461337,30,,36,6,103.59825476398692,17,0.1377786297082174,0.0,0,0.0,0.0013928608968853,nominal_01__rho_0.600,easy,0.0013639600947499,,nominal_01,nominal,True,,0.6,6,24,0,0,True
398.9409321723506,7,0.9953410980309076,0.6,,,54,400.808258557372,0.9953410980309076,0.8427738553461742,0.588231274928617,0.7735816549461337,30,,36,9,308.36292662701453,23,0.7693527267549434,0.0,0,0.0,0.0006395643576979,nominal_01__rho_0.600,heft,0.0006050253286957,,nominal_01,nominal,True,,0.6,6,24,0,0,True
388.7805126626045,6,0.99990018295988,0.6,31.0,,54,388.81932345661335,0.99990018295988,0.8427738553461742,0.6070276473871701,0.7735816549461337,30,27.0,36,7,319.2917248670128,24,0.8211827592016301,0.0,0,0.0,8.689659166149795,nominal_01__rho_0.600,replica,8.689613754861057,,nominal_01,nominal,True,8.627850792370737,0.6,6,24,0,0,True
0.0,0,0.0,0.6,,,54,280.684,1.0,0.8770824773756032,0.6653543961655575,0.7041370187921913,30,,36,9,280.684,14,1.0,279.57900000000006,16,0.9960631884966724,0.0464685689657926,severe_01__rho_0.600,cpsat,0.0459705758839845,OPTIMAL,severe_01,severe,True,,0.6,6,24,0,0,True
0.0,0,0.0,0.6,,,54,313.0029884780379,0.924592174465282,0.8770824773756032,0.6052940916110066,0.7041370187921913,30,,36,3,289.4001137310406,14,0.924592174465282,278.9764650159923,16,0.8912901003677379,0.0010604290291666,severe_01__rho_0.600,easy,0.0010326690971851,,severe_01,severe,True,,0.6,6,24,0,0,True
0.0,0,0.0,0.6,,,54,290.4054614100023,0.9998961637365508,0.8770824773756032,0.6587944987297996,0.7041370187921913,30,,36,9,290.37530679200427,12,0.9998961637365508,283.57725434199165,18,0.976487332452848,0.0003944532945752,severe_01__rho_0.600,heft,0.0003766035661101,,severe_01,severe,True,,0.6,6,24,0,0,True
0.0,0,0.0,0.6,31.0,,54,283.6009075699949,1.0,0.8770824773756032,0.6595635138478843,0.7041370187921913,30,29.0,36,6,277.55752581194974,18,0.9786905415436528,283.6009075699949,12,1.0,9.214968910440804,severe_01__rho_0.600,replica,9.214890068396926,,severe_01,severe,True,9.023961757309737,0.6,6,24,0,0,True
0.0,0,0.0,0.6,,,54,295.179,0.9922792610585444,0.9115902475157316,0.6412131847681125,0.8628792591092677,30,,36,7,292.90000000000003,9,0.9922792610585444,274.91799999999995,21,0.9313602932457932,0.0280600991100072,severe_02__rho_0.600,cpsat,0.0276698460802435,OPTIMAL,severe_02,severe,True,,0.6,6,24,0,0,True
0.0,0,0.0,0.6,,,54,324.099347219053,0.9633599131936228,0.9115902475157316,0.5899652787178113,0.8628792591092677,30,,36,4,312.22431900305673,16,0.9633599131936228,261.3977661399913,14,0.8065359229598114,0.0009189564734697,severe_02__rho_0.600,easy,0.0008940864354372,,severe_02,severe,True,,0.6,6,24,0,0,True
0.0,0,0.0,0.6,,,54,298.115940500993,0.988814489418612,0.9115902475157316,0.643666770698459,0.8628792591092677,30,,36,4,294.7813614940387,12,0.988814489418612,280.88061265398574,18,0.9421858226767652,0.0003387536853551,severe_02__rho_0.600,heft,0.0003185430541634,,severe_02,severe,True,,0.6,6,24,0,0,True
0.0,0,0.0,0.6,31.0,,54,301.26394470697414,0.9722865032783864,0.9115902475157316,0.6282664815845315,0.8628792591092677,30,28.0,36,4,292.91486736299703,10,0.9722865032783864,274.9072483449854,20,0.912512941475208,8.925562424585223,severe_02__rho_0.600,replica,8.925493514165282,,severe_02,severe,True,8.827270709909499,0.6,6,24,0,0,True
0.0,0,0.0,0.6,,,54,424.736,0.9859677540872448,1.0,0.4490491348351289,0.8767354814549838,30,,36,3,418.776,4,0.9859677540872448,153.40599999999995,26,0.361179650418142,0.0145719703286886,severe_03__rho_0.600,cpsat,0.014390337280929,OPTIMAL,severe_03,severe,True,,0.6,6,24,0,0,True
0.0,0,0.0,0.6,,,54,520.1165954910139,0.9545173010627264,1.0,0.355580520103842,0.8767354814549838,30,,36,3,496.4602889660164,11,0.9545173010627264,58.36969965198659,19,0.1122242592487996,0.0009661577641963,severe_03__rho_0.600,easy,0.0009475778788328,,severe_03,severe,True,,0.6,6,24,0,0,True
0.0,0,0.0,0.6,,,54,426.3911040850144,0.9964353099268828,1.0,0.4460951464114269,0.8767354814549838,30,,36,4,424.8711519490171,8,0.9964353099268828,145.76185406698642,22,0.3418501293073981,0.000312921591103,severe_03__rho_0.600,heft,0.000295122154057,,severe_03,severe,True,,0.6,6,24,0,0,True
0.0,0,0.0,0.6,31.0,,54,424.73666149499695,0.9859663593365988,1.0,0.4490495079602206,0.8767354814549838,30,27.0,36,3,418.7760598110035,4,0.9859663593365988,153.40730675998202,26,0.3611821645440631,8.419015796855092,severe_03__rho_0.600,replica,8.418922945857048,,severe_03,severe,True,8.36750110425055,0.6,6,24,0,0,True
0.0,0,0.0,0.6,,,54,281.057,1.0,0.8927203065134098,0.6666227847020355,0.7478600910762226,30,,36,8,281.02,11,0.9998683541061064,281.057,19,1.0,0.0378661295399069,severe_04__rho_0.600,cpsat,0.0375808579847216,OPTIMAL,severe_04,severe,True,,0.6,6,24,0,0,True
0.0,0,0.0,0.6,,,54,303.56969498802573,0.957475504330051,0.8927203065134098,0.6265161341763865,0.7478600910762226,30,,36,3,279.91338846302824,5,0.9220728981991084,290.6605468079797,25,0.957475504330051,0.0010246988385915,severe_04__rho_0.600,easy,0.0010052993893623,,severe_04,severe,True,,0.6,6,24,0,0,True
0.0,0,0.0,0.6,,,54,289.3484849309898,0.9961999348561752,0.8927203065134098,0.6550455127049306,0.7478600910762226,30,,36,11,280.36033814706025,15,0.9689366032586164,288.24894183898505,15,0.9961999348561752,0.0003450931981205,severe_04__rho_0.600,heft,0.0003235731273889,,severe_04,severe,True,,0.6,6,24,0,0,True
0.0,0,0.0,0.6,31.0,,54,281.6037970869911,1.0,0.8927203065134098,0.6637081966000833,0.7478600910762226,30,28.0,36,11,279.10444787403685,17,0.99112458980025,281.6037970869911,13,1.0,8.902185404673219,severe_04__rho_0.600,replica,8.902102943509817,,severe_04,severe,True,8.76877436414361,0.6,6,24,0,0,True
0.0,0,0.0,0.6,,,54,283.663,0.9999753228302598,0.8420908593322387,0.6664692493087454,0.7793996217838511,30,,36,8,283.502,14,0.9994324250959764,283.656,16,0.9999753228302598,0.0573326908051967,severe_05__rho_0.600,cpsat,0.057100168429315,OPTIMAL,severe_05,severe,True,,0.6,6,24,0,0,True
0.0,0,0.0,0.6,,,54,304.0020006089726,0.9803928866518864,0.8420908593322387,0.6203780521384609,0.7793996217838511,30,,36,3,298.04139892497915,12,0.9803928866518864,267.74710802698974,18,0.8807412697634964,0.00098885782063,severe_05__rho_0.600,easy,0.0009701764211058,,severe_05,severe,True,,0.6,6,24,0,0,True
0.0,0,0.0,0.6,,,54,414.849078176976,0.98931794248285,0.8420908593322387,0.4598803651937351,0.7793996217838511,30,,36,3,410.41763646295294,5,0.98931794248285,161.92520025398335,25,0.3903231530983552,0.0004374533891677,severe_05__rho_0.600,heft,0.0004187729209661,,severe_05,severe,True,,0.6,6,24,0,0,True
0.0,0,0.0,0.6,31.0,,54,283.8284044469874,1.0,0.8420908593322387,0.66607134319293,0.7793996217838511,30,29.0,36,6,283.3214953119459,10,0.99821402957879,283.8284044469874,20,1.0,9.282742640934885,severe_05__rho_0.600,replica,9.282676011323929,,severe_05,severe,True,9.048858433030546,0.6,6,24,0,0,True
0.0670000000000072,1,0.0002351479501767,0.6,,,54,284.927,0.9999017292148514,0.9136220580186096,0.6561692410102704,0.8886169528623773,30,,36,9,284.899,13,0.9999017292148514,275.915,16,0.9683708458657831,0.0373258562758564,severe_06__rho_0.600,cpsat,0.0371358953416347,OPTIMAL,severe_06,severe,True,,0.6,8,20,2,0,True
0.0,0,0.0,0.6,,,54,314.6175844999925,0.9251377842836404,0.9136220580186096,0.6018330450100243,0.8886169528623773,30,,36,4,291.0646150209941,19,0.9251377842836404,276.9771616589933,11,0.8803613507464325,0.0009800773113965,severe_06__rho_0.600,easy,0.0009605484083294,,severe_06,severe,True,,0.6,8,20,2,0,True
0.0,0,0.0,0.6,,,54,290.6250717049843,0.999954623859906,0.9136220580186096,0.6516025058059509,0.8886169528623773,30,,36,6,290.6118842610158,19,0.999954623859906,277.50419065799,11,0.9548528935579466,0.0004220735281705,severe_06__rho_0.600,heft,0.0004033735021948,,severe_06,severe,True,,0.6,8,20,2,0,True
2.1325132185593247,2,0.0073112153285751,0.6,31.0,,54,291.6769815579937,0.9769835345417056,0.9136220580186096,0.6416163218544391,0.8886169528623773,30,26.0,36,8,284.96360838698456,15,0.9769835345417056,274.33801462499105,13,0.9405542156930364,8.2210767949,severe_06__rho_0.600,replica,8.221004682593048,,severe_06,severe,True,8.13986568711698,0.6,8,20,2,0,True
0.0,0,0.0,0.6,,,54,298.264,0.9885135316364028,0.7851749902553397,0.6506316551779632,0.8485808148856079,30,,36,5,287.3419999999999,25,0.9633814338974864,294.8380000000001,5,0.9885135316364028,0.0208155009895563,severe_07__rho_0.600,cpsat,0.0206380803138017,OPTIMAL,severe_07,severe,True,,0.6,6,24,0,0,True
0.0,0,0.0,0.6,,,54,322.49973086703176,0.99988713235232,0.7851749902553397,0.5850895065867258,0.8485808148856079,30,,36,7,322.46333108103136,16,0.99988713235232,243.61029414099903,14,0.7553813874078573,0.0010053375735878,severe_07__rho_0.600,easy,0.0009855180978775,,severe_07,severe,True,,0.6,6,24,0,0,True
0.0,0,0.0,0.6,,,54,440.9146628950039,0.9997656302801984,0.7851749902553397,0.4317336094618871,0.8485808148856079,30,,36,11,440.8113258490048,10,0.9997656302801984,130.2617107799888,20,0.2954351981054627,0.0004427628591656,severe_07__rho_0.600,heft,0.0004225624725222,,severe_07,severe,True,,0.6,6,24,0,0,True
0.0,0,0.0,0.6,31.0,,54,304.8689045989813,0.9998985366085829,0.7851749902553397,0.6214110005529102,0.8485808148856079,30,25.0,36,10,304.837971565983,7,0.9998985366085829,263.5087015669851,23,0.864334465050148,7.927116319537163,severe_07__rho_0.600,replica,7.927047468721867,,severe_07,severe,True,7.861542411148548,0.6,6,24,0,0,True
0.0,0,0.0,0.6,,,54,281.036,1.0,0.9861111111111112,0.6666654805790005,0.5228645176226772,30,,36,8,281.035,11,0.9999964417370018,281.036,19,1.0,0.0462555699050426,severe_08__rho_0.600,cpsat,0.0460354378446936,OPTIMAL,severe_08,severe,True,,0.6,6,24,0,0,True
0.0,0,0.0,0.6,,,54,305.3609593510373,0.943785683132078,0.9861111111111112,0.622105235347477,0.5228645176226772,30,,36,2,281.7046528260398,8,0.922530022910353,288.1953016229854,22,0.943785683132078,0.0009816074743866,severe_08__rho_0.600,easy,0.0009626876562833,,severe_08,severe,True,,0.6,6,24,0,0,True
0.0,0,0.0,0.6,,,54,289.47786365899447,1.0,0.9861111111111112,0.6550810942689052,0.5228645176226772,30,,36,8,279.41656341808266,17,0.9652432828067156,289.47786365899447,13,1.0,0.0004434632137417,severe_08__rho_0.600,heft,0.0004256628453731,,severe_08,severe,True,,0.6,6,24,0,0,True
0.0,0,0.0,0.6,31.0,,54,283.42667616599647,1.0,0.9861111111111112,0.6598531682216905,0.5228645176226772,30,29.0,36,8,277.63329451403115,17,0.9795595046650716,283.42667616599647,13,1.0,9.25123502779752,severe_08__rho_0.600,replica,9.251151606440544,,severe_08,severe,True,9.124506554566324,0.6,6,24,0,0,True
0.0,0,0.0,0.6,,,54,281.712,1.0,0.8335771579966589,0.6666335359042805,0.9020830690597744,30,,36,8,281.684,5,0.9999006077128416,281.712,25,1.0,0.1538380039855837,severe_09__rho_0.600,cpsat,0.1535900924354791,OPTIMAL,severe_09,severe,True,,0.6,6,24,0,0,True
0.0,0,0.0,0.6,,,54,292.2691572279982,0.9981146684369874,0.8335771579966589,0.6524532245240281,0.9020830690597744,30,,36,2,280.35772922600154,3,0.9592450051350968,291.7181329609812,27,0.9981146684369874,0.0011998498812317,severe_09__rho_0.600,easy,0.0011797184124588,,severe_09,severe,True,,0.6,6,24,0,0,True
0.0,0,0.0,0.6,,,54,292.1766655869942,1.0,0.8335771579966589,0.6567682352621399,0.9020830690597744,30,,36,10,283.5003935400455,15,0.9703047057864196,292.1766655869942,15,1.0,0.0004429640248417,severe_09__rho_0.600,heft,0.0004237340763211,,severe_09,severe,True,,0.6,6,24,0,0,True
0.0,0,0.0,0.6,31.0,,54,284.04973690099723,1.0,0.8335771579966589,0.665848589572659,0.9020830690597744,30,29.0,36,10,283.35261315104435,16,0.9975457687179768,284.04973690099723,14,1.0,9.24279046524316,severe_09__rho_0.600,replica,9.242680414579809,,severe_09,severe,True,9.105387583374975,0.6,6,24,0,0,True
358.68800000000005,3,0.9996655592963368,0.6,,,54,358.808,0.9996655592963368,0.8022863758541222,0.6452392365833538,0.8371419449005655,30,,36,3,335.86299999999994,27,0.9360521504537244,0.0,0,0.0,0.0237917946651577,severe_10__rho_0.600,cpsat,0.0233877226710319,OPTIMAL,severe_10,severe,True,,0.6,6,24,0,0,True
509.5409337012097,8,0.9547989983669812,0.6,,,54,533.6630375321838,0.9547989983669812,0.8022863758541222,0.4883674401483607,0.8371419449005655,30,,36,3,272.33002092296374,22,0.510303322078101,0.0,0,0.0,0.0010423688217997,severe_10__rho_0.600,easy,0.0010105473920702,,severe_10,severe,True,,0.6,6,24,0,0,True
358.6883974894881,3,0.9996681721609144,0.6,,,54,358.80745979351923,0.9996681721609144,0.8022863758541222,0.6452378724931616,0.8371419449005655,30,,36,3,335.8600884860498,27,0.9360454453185704,0.0,0,0.0,0.0004472434520721,severe_10__rho_0.600,heft,0.0004280740395188,,severe_10,severe,True,,0.6,6,24,0,0,True
358.6883974894881,3,0.9996681721609144,0.6,31.0,,54,358.80745979351923,0.9996681721609144,0.8022863758541222,0.6452378724931616,0.8371419449005655,30,29.0,36,3,335.8600884860498,27,0.9360454453185704,0.0,0,0.0,9.206722415983675,severe_10__rho_0.600,replica,9.206643654964864,,severe_10,severe,True,9.068767155520618,0.6,6,24,0,0,True
0.0,0,0.0,0.6,,,54,280.311,1.0,0.9144618780596078,0.6663396489375492,0.813609173865742,30,,36,9,280.311,16,1.0,280.036,14,0.9990189468126476,0.0232480904087424,severe_11__rho_0.600,cpsat,0.0229738792404532,OPTIMAL,severe_11,severe,True,,0.6,6,24,0,0,True
0.0,0,0.0,0.6,,,54,314.53811904802205,0.925064721750308,0.9144618780596078,0.6019776386406698,0.813609173865742,30,,36,5,290.9681175770238,17,0.925064721750308,277.0666249239948,13,0.8808681941717014,0.0009804284200072,severe_11__rho_0.600,easy,0.0009610271081328,,severe_11,severe,True,,0.6,6,24,0,0,True
0.0,0,0.0,0.6,,,54,289.2097843880474,1.0,0.9144618780596078,0.661907086727379,0.813609173865742,30,,36,11,289.2097843880474,13,1.0,285.0802331239902,17,0.9857212601821368,0.0004196837544441,severe_11__rho_0.600,heft,0.0004006223753094,,severe_11,severe,True,,0.6,6,24,0,0,True
0.0,0,0.0,0.6,31.0,,54,283.2842638179718,1.0,0.9144618780596078,0.6625445207453806,0.813609173865742,30,28.0,36,7,283.2842638179718,9,1.0,279.78104659998644,21,0.9876335622361416,9.009354897774756,severe_11__rho_0.600,replica,9.009294897317886,,severe_11,severe,True,8.859600451774895,0.6,6,24,0,0,True
337.279,1,0.9332516145455751,0.6,,,54,361.402,0.9570948694251832,0.8383810792893991,0.639703156042302,0.8497632395465553,30,,36,2,345.896,28,0.9570948694251832,10.395,1,0.0287629841561474,0.0210661236196756,severe_12__rho_0.600,cpsat,0.0204018782824277,OPTIMAL,severe_12,severe,True,,0.6,7,22,1,0,True
361.3146531954408,7,0.937416182055203,0.6,,,54,385.43675702641485,0.937416182055203,0.8383810792893991,0.6050006629046663,0.8497632395465553,30,,36,1,338.2538273309765,23,0.8775858066587956,0.0,0,0.0,0.0010383389890193,severe_12__rho_0.600,easy,0.0010114088654518,,severe_12,severe,True,,0.6,7,22,1,0,True
236.0528454594314,19,0.5560610702998937,0.6,,,54,424.50884995801607,1.0,0.8383810792893991,0.5268492877465373,0.8497632395465553,30,,36,7,424.50884995801607,10,1.0,10.394860309999784,1,0.024486792939718,0.0003215419128537,severe_12__rho_0.600,heft,0.0003016414120793,,severe_12,severe,True,,0.6,7,22,1,0,True
337.27892456389964,1,0.9332539148045318,0.6,31.0,,54,361.4010283948737,0.9570910227213424,0.8383810792893991,0.6397025374953543,0.8497632395465553,30,28.0,36,2,345.8936798789946,28,0.9570910227213424,10.394860309999784,1,0.0287626749601889,8.929290693253279,severe_12__rho_0.600,replica,8.929216702468693,,severe_12,severe,True,8.821840061806142,0.6,7,22,1,0,True
0.0,0,0.0,0.6,,,54,285.139,0.9999018022788884,0.9204986814607646,0.666451566896613,0.8299429879338853,30,,36,8,285.111,6,0.9999018022788884,284.983,24,0.9994528984109504,0.0385200064629316,severe_13__rho_0.600,cpsat,0.0383315458893775,OPTIMAL,severe_13,severe,True,,0.6,6,24,0,0,True
0.0,0,0.0,0.6,,,54,295.7951081000174,0.9697431619220463,0.9204986814607646,0.6431579922264121,0.8299429879338853,30,,36,1,283.8836800980207,8,0.9597308147571898,286.8452834099844,22,0.9697431619220463,0.0009651565924286,severe_13__rho_0.600,easy,0.0009451676160097,,severe_13,severe,True,,0.6,6,24,0,0,True
0.0,0,0.0,0.6,,,54,289.66148199397867,0.9971644927232513,0.9204986814607646,0.6541413596428084,0.8299429879338853,30,,36,10,279.59852224908536,17,0.9652595862051742,288.8401447539909,13,0.9971644927232513,0.0003388617187738,severe_13__rho_0.600,heft,0.0003168312832713,,severe_13,severe,True,,0.6,6,24,0,0,True
0.0,0,0.0,0.6,31.0,,54,286.99411097099073,1.0,0.9204986814607646,0.6598128527457932,0.8299429879338853,30,27.0,36,10,281.0930982720456,18,0.9794385582373794,286.99411097099073,12,1.0,8.566460347734392,severe_13__rho_0.600,replica,8.566400235518813,,severe_13,severe,True,8.460299880243838,0.6,6,24,0,0,True
361.514,6,1.0,0.6,,,54,361.514,1.0,0.9889233206265522,0.6679501577624473,0.792426988313189,30,,36,10,1.5790000000000075,2,0.0043677423280979,361.327,22,0.9994827309592436,0.0631828401237726,severe_14__rho_0.600,cpsat,0.0629642475396394,OPTIMAL,severe_14,severe,True,,0.6,8,20,2,0,True
164.2744419509545,3,0.3272754615336568,0.6,,,54,501.9454901419813,1.0,0.9889233206265522,0.4424251538445523,0.792426988313189,30,,36,2,0.0,0,0.0,501.9454901419813,27,1.0,0.0009951684623956,severe_14__rho_0.600,easy,0.0009757783263921,,severe_14,severe,True,,0.6,8,20,2,0,True
206.5865191956982,12,0.4354505458186502,0.6,,,54,474.4201636199905,1.0,0.9889233206265522,0.4795688825826098,0.792426988313189,30,,36,12,1.5447604100045282,1,0.0032561019291791,474.4201636199905,17,1.0,0.0004413435235619,severe_14__rho_0.600,heft,0.0004179840907454,,severe_14,severe,True,,0.6,8,20,2,0,True
363.6957865990698,8,0.9978397901190508,0.6,31.0,,54,364.4831466939977,1.0,0.9889233206265522,0.6673903785870307,0.792426988313189,30,27.0,36,10,1.5787024890305474,2,0.0043313456420413,364.4831466939977,20,1.0,8.531149743124843,severe_14__rho_0.600,replica,8.53107601031661,,severe_14,severe,True,8.40045210160315,0.6,8,20,2,0,True
0.0,0,0.0,0.6,,,54,312.855,1.0,0.8760316957793093,0.6249561831093211,1.0,30,,36,7,273.70699999999994,23,0.8748685493279632,312.855,7,1.0,0.0227086069062352,severe_15__rho_0.600,cpsat,0.0225416254252195,OPTIMAL,severe_15,severe,True,,0.6,6,24,0,0,True
0.0,0,0.0,0.6,,,54,343.7416058759918,1.0,0.8760316957793093,0.5676155049588609,1.0,30,,36,0,241.59758970802068,12,0.7028465148765827,343.7416058759918,18,1.0,0.001014657318592,severe_15__rho_0.600,easy,0.0009963577613234,,severe_15,severe,True,,0.6,6,24,0,0,True
0.0,0,0.0,0.6,,,54,318.7880933609922,1.0,0.8760316957793093,0.6080082286015495,1.0,30,,36,7,262.6892584700545,20,0.8240246858046483,318.7880933609922,10,1.0,0.0004118932411074,severe_15__rho_0.600,heft,0.0003938023000955,,severe_15,severe,True,,0.6,6,24,0,0,True
0.0,0,0.0,0.6,31.0,,54,312.85842470999705,1.0,0.8760316957793093,0.6249482337160238,1.0,30,26.0,36,7,273.70253506707377,23,0.8748447011480714,312.85842470999705,7,1.0,8.333713805302978,severe_15__rho_0.600,replica,8.333621573634446,,severe_15,severe,True,8.231243265792727,0.6,6,24,0,0,True
0.0,0,0.0,0.6,,,54,280.356,0.9999001269814092,0.9956896551724138,0.6662326946216002,0.7491501380530742,30,,36,8,280.328,16,0.9999001269814092,280.019,14,0.9987979568833912,0.0249436758458614,severe_16__rho_0.600,cpsat,0.0246519232168793,OPTIMAL,severe_16,severe,True,,0.6,6,24,0,0,True
0.0,0,0.0,0.6,,,54,301.1848247409689,0.9998791446878784,0.9956896551724138,0.6201504461685965,0.7491501380530742,30,,36,4,301.1484249549685,19,0.9998791446878784,259.1912853719987,11,0.8605721938179111,0.0009984392672777,severe_16__rho_0.600,easy,0.0009784083813428,,severe_16,severe,True,,0.6,6,24,0,0,True
0.0,0,0.0,0.6,,,54,417.7458109689687,0.996457512776568,0.9956896551724138,0.451919677747951,0.7491501380530742,30,,36,9,416.26595177096897,10,0.996457512776568,150.0967050499894,20,0.3593015204672848,0.0003408323973417,severe_16__rho_0.600,heft,0.0003188326954841,,severe_16,severe,True,,0.6,6,24,0,0,True
0.0,0,0.0,0.6,31.0,,54,280.3549687620107,0.9999000394959212,0.9956896551724138,0.6662360476118052,0.7491501380530742,30,29.0,36,8,280.32694433801225,16,0.9999000394959212,280.02081461098714,14,0.9988081033394944,9.30764377489686,severe_16__rho_0.600,replica,9.307567304000258,,severe_16,severe,True,9.084532756358383,0.6,6,24,0,0,True
348.528,2,0.96927222820147,0.6,,,54,359.577,0.96927222820147,0.9008962780514506,0.6445434496644669,0.8442139133149048,30,,36,5,345.191,26,0.9599918793471216,1.5699999999999932,2,0.0043662414448087,0.0245393719524145,severe_17__rho_0.600,cpsat,0.0243492200970649,OPTIMAL,severe_17,severe,True,,0.6,8,20,2,0,True
358.13890511449426,3,0.9700751446918116,0.6,,,54,369.18676565852365,0.9700751446918116,0.9008962780514506,0.6275140649004828,0.8442139133149048,30,,36,6,335.300901559036,25,0.90821484611171,1.5698574039961386,2,0.0042522038979267,0.0009917179122567,severe_17__rho_0.600,easy,0.000972288660705,,severe_17,severe,True,,0.6,8,20,2,0,True
348.527977979742,2,0.9692752978359556,0.6,,,54,359.5758385237714,0.9692752978359556,0.9008962780514506,0.6445430474558337,0.8442139133149048,30,,36,5,345.1884848770569,26,0.9599879855504716,1.5698574039961386,2,0.0043658589810737,0.0004304330796003,severe_17__rho_0.600,heft,0.0004113325849175,,severe_17,severe,True,,0.6,8,20,2,0,True
348.527977979742,2,0.9692752978359556,0.6,31.0,,54,359.5758385237714,0.9692752978359556,0.9008962780514506,0.6445430474558337,0.8442139133149048,30,27.0,36,5,345.1884848770569,26,0.9599879855504716,1.5698574039961386,2,0.0043658589810737,8.512857212685049,severe_17__rho_0.600,replica,8.51278606057167,,severe_17,severe,True,8.404747219756246,0.6,8,20,2,0,True
0.0,0,0.0,0.6,,,54,285.766,0.999930012667707,0.8981913415412309,0.6662257464732216,0.7684541671594848,30,,36,7,285.746,9,0.999930012667707,285.408,21,0.998747226751958,0.0271109137684106,severe_18__rho_0.600,cpsat,0.0269200420007109,OPTIMAL,severe_18,severe,True,,0.6,6,24,0,0,True
0.0,0,0.0,0.6,,,54,313.3582857910442,0.9621039916464348,0.8981913415412309,0.6049523971497028,0.7684541671594848,30,,36,3,301.4832575750479,16,0.9621039916464348,267.2172808929936,14,0.8527531998026736,0.0009979484602808,severe_18__rho_0.600,easy,0.0009774081408977,,severe_18,severe,True,,0.6,6,24,0,0,True
0.0,0,0.0,0.6,,,54,422.0945338480015,0.9820826879512514,0.8981913415412309,0.4481149002933258,0.7684541671594848,30,,36,5,414.53173437097576,8,0.9820826879512514,152.90881547798926,22,0.3622620129287259,0.0003427527844905,severe_18__rho_0.600,heft,0.0003214227035641,,severe_18,severe,True,,0.6,6,24,0,0,True
0.0,0,0.0,0.6,31.0,,54,286.4340112609789,1.0,0.8981913415412309,0.6641969065898236,0.7684541671594848,30,27.0,36,7,286.4340112609789,9,1.0,284.3117414039916,21,0.9925907197694704,8.714530426077545,severe_18__rho_0.600,replica,8.714457725174725,,severe_18,severe,True,8.52550898026675,0.6,6,24,0,0,True
0.3799999999999812,5,0.0008861588976182,0.6,,,54,428.817,1.0,0.9270057375707548,0.4408523915796248,0.92487684729064,30,,36,17,428.817,11,1.0,137.938,14,0.3216710158412562,0.0818418953567743,severe_19__rho_0.600,cpsat,0.0816049333661794,OPTIMAL,severe_19,severe,True,,0.6,11,14,5,0,True
0.0,0,0.0,0.6,,,54,511.2688725019944,0.9997266862124508,0.9270057375707548,0.3587619595778932,0.92487684729064,30,,36,9,511.12913566999487,18,0.9997266862124508,39.14233203999174,12,0.0765591925212287,0.0010151378810405,severe_19__rho_0.600,easy,0.0009945482015609,,severe_19,severe,True,,0.6,11,14,5,0,True
0.0,0,0.0,0.6,,,54,428.92441148000216,0.999933382740078,0.9270057375707548,0.4406101997542122,0.92487684729064,30,,36,12,428.8958377109957,13,0.999933382740078,138.06957415398938,17,0.3218972165225588,0.0003463728353381,severe_19__rho_0.600,heft,0.0003261733800172,,severe_19,severe,True,,0.6,11,14,5,0,True
0.1250648181885481,2,0.0002890469992812,0.6,31.0,,54,432.6798704000285,0.9910702280499968,0.9270057375707548,0.4368221860987424,0.92487684729064,30,23.0,36,15,428.8161378299992,11,0.9910702280499968,138.07129795899527,17,0.3191072832469495,7.352943819016218,severe_19__rho_0.600,replica,7.352878328412771,,severe_19,severe,True,7.259537007659674,0.6,11,14,5,0,True
0.0,0,0.0,0.6,,,54,296.648,1.0,0.9978448275862069,0.6357613512760354,0.8528765046034527,30,,36,6,296.648,5,1.0,269.14400000000006,25,0.9072840538281062,0.0167758883908391,severe_20__rho_0.600,cpsat,0.0165751371532678,OPTIMAL,severe_20,severe,True,,0.6,6,24,0,0,True
0.0,0,0.0,0.6,,,54,324.16385817499395,0.962893575154488,0.9978448275862069,0.5999618269485006,0.8528765046034527,30,,36,5,271.3225254100398,17,0.8369919056910141,312.1352963339923,13,0.962893575154488,0.0010440777987241,severe_20__rho_0.600,easy,0.0010239379480481,,severe_20,severe,True,,0.6,6,24,0,0,True
0.0,0,0.0,0.6,,,54,298.4299242569832,1.0,0.9978448275862069,0.6407143259847399,0.8528765046034527,30,,36,6,298.4299242569832,5,1.0,275.1950590649867,25,0.9221429779542196,0.0003355937078595,severe_20__rho_0.600,heft,0.0003146929666399,,severe_20,severe,True,,0.6,6,24,0,0,True
0.0,0,0.0,0.6,31.0,,54,296.6479084829625,1.0,0.9978448275862069,0.6357617548554153,0.8528765046034527,30,26.0,36,6,296.6479084829625,5,1.0,269.14427613098815,25,0.907285264566246,8.246486856602132,severe_20__rho_0.600,replica,8.246423326432705,,severe_20,severe,True,8.168429389595985,0.6,6,24,0,0,True
362.142,7,0.9984422688285584,0.5,,,45,362.707,1.0,0.9603448275862068,0.6661474229428528,0.7428862245992054,30,,45,8,0.0,0,0.0,362.707,23,1.0,0.0475843511521816,high_01__rho_0.500,cpsat,0.0471761273220181,OPTIMAL,high_01,high,True,,0.5,15,15,0,0,True
164.2744419509545,3,0.3272754615336568,0.5,,,45,501.9454901419813,1.0,0.9603448275862068,0.4424251538445523,0.7428862245992054,30,,45,2,0.0,0,0.0,501.9454901419813,27,1.0,0.0012015998363494,high_01__rho_0.500,easy,0.001171720214188,,high_01,high,True,,0.5,15,15,0,0,True
200.76686402596533,7,0.4187406017098837,0.5,,,45,479.4540180869844,1.0,0.9603448275862068,0.4729135339032946,0.7428862245992054,30,,45,7,0.0,0,0.0,479.4540180869844,23,1.0,0.0004269033670425,high_01__rho_0.500,heft,0.0004014633595943,,high_01,high,True,,0.5,15,15,0,0,True
363.2997771054506,5,0.9920266949932848,0.5,31.0,,45,366.2197589429889,1.0,0.9603448275862068,0.6640088983310949,0.7428862245992054,30,29.0,45,5,0.0,0,0.0,366.2197589429889,25,1.0,9.19337509572506,high_01__rho_0.500,replica,9.193282785825431,,high_01,high,True,9.077871523797512,0.5,15,15,0,0,True
349.112,2,0.9697393932323352,0.5,,,45,360.006,0.9697393932323352,0.9587839022029138,0.6442013003486978,0.731692525462725,30,,45,3,346.63699999999994,28,0.9628645078137584,0.0,0,0.0,0.0127220517024397,high_02__rho_0.500,cpsat,0.0125380707904696,OPTIMAL,high_02,high,True,,0.5,15,15,0,0,True
188.6621006578207,4,0.3990280581574347,0.5,,,45,472.80409685723134,0.961292965640804,0.9587839022029138,0.4534403412660796,0.731692525462725,30,,45,6,454.5032524350099,26,0.961292965640804,0.0,0,0.0,0.0009079566225409,high_02__rho_0.500,easy,0.0008874665945768,,high_02,high,True,,0.5,15,15,0,0,True
173.54069037083536,6,0.3732165702482665,0.5,,,45,464.9865633120062,1.0,0.9587839022029138,0.4577388567494222,0.731692525462725,30,,45,9,464.9865633120062,24,1.0,0.0,0,0.0,0.0003872727975249,high_02__rho_0.500,heft,0.0003631543368101,,high_02,high,True,,0.5,15,15,0,0,True
349.1122850757092,2,0.969740886463714,0.5,31.0,,45,360.00573962472845,0.969740886463714,0.9587839022029138,0.6441996976048183,0.731692525462725,30,29.0,45,3,346.6344807310379,28,0.9628582063507408,0.0,0,0.0,9.117200024425983,high_02__rho_0.500,replica,9.117122022435067,,high_02,high,True,9.034811912104487,0.5,15,15,0,0,True
363.713,11,0.99374865095997,0.5,,,45,366.001,1.0,0.8715497035268255,0.6645828836533233,0.6844616480378587,30,,45,12,0.0,0,0.0,366.001,19,1.0,0.0305960467085242,high_03__rho_0.500,cpsat,0.0303684053942561,OPTIMAL,high_03,high,True,,0.5,15,15,0,0,True
487.8342502079904,2,0.953750257529492,0.5,,,45,511.4905567329879,0.953750257529492,0.8715497035268255,0.5156805935618027,0.6844616480378587,30,,45,2,0.0,0,0.0,303.463011483982,28,0.5932915231559163,0.0008987272158265,high_03__rho_0.500,easy,0.0008784169331192,,high_03,high,True,,0.5,15,15,0,0,True
353.88029780332,11,0.9514878690187338,0.5,,,45,371.92307892298777,1.0,0.8715497035268255,0.6504959563395779,0.6844616480378587,30,,45,12,0.0,0,0.0,371.92307892298777,19,1.0,0.0004544230177998,high_03__rho_0.500,heft,0.0004253927618265,,high_03,high,True,,0.5,15,15,0,0,True
353.8425530930981,11,0.9513470353027764,0.5,31.0,,45,371.9384619519879,1.0,0.8715497035268255,0.6504490117675922,0.6844616480378587,30,26.0,45,12,0.0,0,0.0,371.9384619519879,19,1.0,8.25900954194367,high_03__rho_0.500,replica,8.258940860629082,,high_03,high,True,8.170749943703413,0.5,15,15,0,0,True
366.291,7,0.9914843396844388,0.5,,,45,369.437,0.9991527648827812,0.8699026395973368,0.6635457015224066,0.8181444991789817,30,,45,6,0.0,0,0.0,369.124,23,0.9991527648827812,0.0422028796747326,high_04__rho_0.500,cpsat,0.0419201171025633,OPTIMAL,high_04,high,True,,0.5,15,15,0,0,True
337.27892456389964,1,0.8716159630172196,0.5,,,45,386.958177539982,1.0,0.8699026395973368,0.6238719876724065,0.8181444991789817,30,,45,1,0.0,0,0.0,386.958177539982,29,1.0,0.0008792569860816,high_04__rho_0.500,easy,0.0008611865341663,,high_04,high,True,,0.5,15,15,0,0,True
3.2956336978822947,8,0.005530487170014,0.5,,,45,595.9029641639936,1.0,0.8699026395973368,0.3351768290566713,0.8181444991789817,30,,45,10,0.0,0,0.0,595.9029641639936,22,1.0,0.0002972213551402,high_04__rho_0.500,heft,0.0002793315798044,,high_04,high,True,,0.5,15,15,0,0,True
362.1502011800185,7,0.9652071484428654,0.5,31.0,,45,375.2046405419424,0.9900185070804498,0.8699026395973368,0.6517418851744384,0.8181444991789817,30,27.0,45,9,0.0,0,0.0,371.4595380789906,23,0.9900185070804498,8.506939179264009,high_04__rho_0.500,replica,8.506748207844794,,high_04,high,True,8.339307120069861,0.5,15,15,0,0,True
0.0,0,0.0,0.5,,,45,308.995,1.0,0.9066701415252628,0.6210380966250802,0.7482984808719773,30,,45,10,308.995,15,1.0,266.698,15,0.8631142898752406,0.0138615118339657,high_05__rho_0.500,cpsat,0.0135808400809764,OPTIMAL,high_05,high,True,,0.5,15,15,0,0,True
0.0,0,0.0,0.5,,,45,327.41530747005163,0.9996843854161934,0.9066701415252628,0.583344761614379,0.7482984808719773,30,,45,5,327.31197042405256,24,0.9996843854161934,245.67604303099503,6,0.7503498994269436,0.0008670268580317,high_05__rho_0.500,easy,0.0008484059944748,,high_05,high,True,,0.5,15,15,0,0,True
0.0,0,0.0,0.5,,,45,508.88460919901263,1.0,0.9066701415252628,0.3641107628184097,0.7482984808719773,30,,45,9,508.88460919901263,17,1.0,46.98648052698991,13,0.0923322884552293,0.0004848334938287,high_05__rho_0.500,heft,0.0004576835781335,,high_05,high,True,,0.5,15,15,0,0,True
0.0,0,0.0,0.5,31.0,,45,308.9933324600279,1.0,0.9066701415252628,0.6210404095903792,0.7482984808719773,30,26.0,45,10,308.9933324600279,15,1.0,266.69870479498786,15,0.8631212287711375,8.319787260144949,high_05__rho_0.500,replica,8.319722099229693,,high_05,high,True,8.158440938219428,0.5,15,15,0,0,True
0.0,0,0.0,0.5,,,45,333.442,1.0,0.8286174521440843,0.5806317140612159,0.7002564023954744,30,,45,7,247.379,23,0.741895142183648,333.442,7,1.0,0.0177340731024742,high_06__rho_0.500,cpsat,0.0174391409382224,OPTIMAL,high_06,high,True,,0.5,15,15,0,0,True
0.0,0,0.0,0.5,,,45,362.516574844969,0.9826361668299776,0.8286174521440843,0.5363842104298951,0.7002564023954744,30,,45,6,227.122602779913,15,0.6265164644597078,356.22189751799306,15,0.9826361668299776,0.0008932771161198,high_06__rho_0.500,easy,0.000873907469213,,high_06,high,True,,0.5,15,15,0,0,True
0.0,0,0.0,0.5,,,45,427.946818862958,0.972866377289896,0.8286174521440843,0.4417348303018473,0.7002564023954744,30,,45,8,416.33507133994135,16,0.972866377289896,150.78197488599108,14,0.3523381136156457,0.0005820635706186,high_06__rho_0.500,heft,0.0005543241277337,,high_06,high,True,,0.5,15,15,0,0,True
0.0,0,0.0,0.5,31.0,,45,333.4425175599972,1.0,0.8286174521440843,0.5806295047856057,0.7002564023954744,30,25.0,45,7,247.3771739759832,23,0.7418885143568169,333.4425175599972,7,1.0,7.997682960703969,high_06__rho_0.500,replica,7.997613678686321,,high_06,high,True,7.9016776047647,0.5,15,15,0,0,True
0.0,0,0.0,0.5,,,45,323.95,1.0,0.8032260306284821,0.596332767402377,0.7416244408672517,30,,45,12,255.596,15,0.7889983022071307,323.95,15,1.0,0.0234605697914958,high_07__rho_0.500,cpsat,0.0232963878661394,OPTIMAL,high_07,high,True,,0.5,15,15,0,0,True
0.0,0,0.0,0.5,,,45,359.0228123339912,0.9828830409353222,0.8032260306284821,0.5420396965944411,0.7416244408672517,30,,45,4,230.93641525201383,5,0.643236048848001,352.8774335519847,25,0.9828830409353222,0.0008618077263236,high_07__rho_0.500,easy,0.0008424269035458,,high_07,high,True,,0.5,15,15,0,0,True
0.0,0,0.0,0.5,,,45,326.0713133649806,0.9993607885715636,0.8032260306284821,0.5928024105551984,0.7416244408672517,30,,45,11,254.02469687198757,12,0.7790464430940317,325.86288485499244,18,0.9993607885715636,0.0003095129504799,high_07__rho_0.500,heft,0.0002886923030018,,high_07,high,True,,0.5,15,15,0,0,True
0.0,0,0.0,0.5,31.0,,45,323.95008458299344,1.0,0.8032260306284821,0.5963305891286411,0.7416244408672517,30,26.0,45,12,255.59394977995544,15,0.7889917673859236,323.95008458299344,15,1.0,8.269904287531972,high_07__rho_0.500,replica,8.269841156899929,,high_07,high,True,8.176535403355956,0.5,15,15,0,0,True
0.0,0,0.0,0.5,,,45,327.639,1.0,0.8824391465137823,0.5967889455569494,0.7184896097044576,30,,45,15,258.95500000000004,15,0.7903668366708482,327.639,15,1.0,0.0279779573902487,high_08__rho_0.500,cpsat,0.0277598043903708,OPTIMAL,high_08,high,True,,0.5,15,15,0,0,True
0.0,0,0.0,0.5,,,45,376.5633172299822,1.0,0.8824391465137823,0.5190795489344612,0.7184896097044576,30,,45,2,209.8356333290285,2,0.5572386468033834,376.5633172299822,28,1.0,0.0009103473275899,high_08__rho_0.500,easy,0.0008911369368433,,high_08,high,True,,0.5,15,15,0,0,True
0.0,0,0.0,0.5,,,45,346.2834283619813,0.997388336056757,0.8824391465137823,0.5596264460032206,0.7184896097044576,30,,45,13,235.9890405540937,10,0.681491001952905,345.3790524179858,20,0.997388336056757,0.0004435339942574,high_08__rho_0.500,heft,0.0004160040989518,,high_08,high,True,,0.5,15,15,0,0,True
0.0,0,0.0,0.5,31.0,,45,333.4914679059912,1.0,0.8824391465137823,0.5812398752092554,0.7184896097044576,30,27.0,45,15,248.0241496610979,14,0.7437196256277661,333.4914679059912,16,1.0,8.56336824875325,high_08__rho_0.500,replica,8.563246888108552,,high_08,high,True,8.488690430298448,0.5,15,15,0,0,True
359.842,9,0.9887779383720866,0.5,,,45,363.926,1.0,0.8032569562428424,0.6629259794573622,0.7664310909779123,30,,45,7,0.0,0,0.0,363.926,21,1.0,0.0217694472521543,high_09__rho_0.500,cpsat,0.0215933145955204,OPTIMAL,high_09,high,True,,0.5,15,15,0,0,True
348.56279270071536,2,0.9407584371282464,0.5,,,45,370.5125342959837,1.0,0.8032569562428424,0.6469194790427487,0.7664310909779123,30,,45,2,0.0,0,0.0,370.5125342959837,28,1.0,0.0009709075093269,high_09__rho_0.500,easy,0.0009521273896098,,high_09,high,True,,0.5,15,15,0,0,True
346.8855594648048,8,0.9229498776605078,0.5,,,45,375.84441783999137,1.0,0.8032569562428424,0.6409832925535026,0.7664310909779123,30,,45,6,0.0,0,0.0,375.84441783999137,22,1.0,0.000362392514944,high_09__rho_0.500,heft,0.0003393329679965,,high_09,high,True,,0.5,15,15,0,0,True
364.0897514820099,6,0.995691799535802,0.5,31.0,,45,365.6651100789932,1.0,0.8032569562428424,0.6652305998452673,0.7664310909779123,30,29.0,45,6,0.0,0,0.0,365.6651100789932,24,1.0,9.115390302613378,high_09__rho_0.500,replica,9.11530800163746,,high_09,high,True,8.967677003704011,0.5,15,15,0,0,True
0.0,0,0.0,0.5,,,45,285.107,1.0,0.8524257420413431,0.6657886337410165,0.7934718837767609,30,,45,10,284.356,10,0.9973659012230496,285.107,20,1.0,0.0278051355853676,high_10__rho_0.500,cpsat,0.0276387939229607,OPTIMAL,high_10,high,True,,0.5,15,15,0,0,True
0.0,0,0.0,0.5,,,45,303.5363164610208,0.9576815003232384,0.8524257420413431,0.6265819430761854,0.7934718837767609,30,,45,3,279.88000993602327,4,0.9220643289053178,290.6911149509797,26,0.9576815003232384,0.000958657823503,high_10__rho_0.500,easy,0.0008635772392153,,high_10,high,True,,0.5,15,15,0,0,True
0.0,0,0.0,0.5,,,45,295.0770686019787,0.995054073927516,0.8524257420413431,0.6434729477463491,0.7934718837767609,30,,45,13,276.0046942020126,11,0.9353647693115312,293.617639234988,19,0.995054073927516,0.0003046216443181,high_10__rho_0.500,heft,0.0002872133627533,,high_10,high,True,,0.5,15,15,0,0,True
0.0,0,0.0,0.5,31.0,,45,287.7653892089911,1.0,0.8524257420413431,0.6657030381945667,0.7934718837767609,30,28.0,45,13,286.9334924420109,12,0.9971091145837,287.7653892089911,18,1.0,8.832546186633408,high_10__rho_0.500,replica,8.832471697591245,,high_10,high,True,8.737672748975456,0.5,15,15,0,0,True
365.169,10,0.9999233290525388,0.5,,,45,365.197,1.0,0.8936996569711014,0.6666411096841796,0.8152283182160854,30,,45,11,0.0,0,0.0,365.197,20,1.0,0.1540257399901747,high_11__rho_0.500,cpsat,0.1536118760704994,OPTIMAL,high_11,high,True,,0.5,15,15,0,0,True
182.77304834406823,7,0.3604359240128603,0.5,,,45,507.08887812621833,0.9754436631380092,0.8936996569711014,0.4452931957169566,0.8152283182160854,30,,45,5,0.0,0,0.0,494.636632815982,23,0.9754436631380092,0.0011201491579413,high_11__rho_0.500,easy,0.0010899985209107,,high_11,high,True,,0.5,15,15,0,0,True
172.43323756568134,10,0.3438091535289888,0.5,,,45,501.53765772598126,1.0,0.8936996569711014,0.4479363845096629,0.8152283182160854,30,,45,7,0.0,0,0.0,501.53765772598126,20,1.0,0.0003377338871359,high_11__rho_0.500,heft,0.0003156932070851,,high_11,high,True,,0.5,15,15,0,0,True
363.1260748282075,10,0.9919978041050064,0.5,31.0,,45,366.0553212169907,1.0,0.8936996569711014,0.6639992680350021,0.8152283182160854,30,29.0,45,7,0.0,0,0.0,366.0553212169907,20,1.0,9.063720520585775,high_11__rho_0.500,replica,9.063594849780202,,high_11,high,True,8.943667606450617,0.5,15,15,0,0,True
0.0,0,0.0,0.5,,,45,447.546,1.0,0.8798870085026613,0.4264872586654034,0.8193325469204121,30,,45,14,447.546,15,1.0,125.07200000000002,15,0.2794617759962104,0.0120351966470479,high_12__rho_0.500,cpsat,0.0118650859221816,OPTIMAL,high_12,high,True,,0.5,15,15,0,0,True
0.0,0,0.0,0.5,,,45,474.0764659499946,0.9735055203514184,0.8798870085026613,0.4015406036714778,0.8193325469204121,30,,45,8,461.51605667101103,21,0.9735055203514184,109.56679430099392,9,0.2311162906630151,0.0009553479030728,high_12__rho_0.500,easy,0.000849487259984,,high_12,high,True,,0.5,15,15,0,0,True
0.0,0,0.0,0.5,,,45,447.5448743259767,1.0,0.8798870085026613,0.4264866715033186,0.8193325469204121,30,,45,14,447.5448743259767,15,1.0,125.07089707299384,15,0.2794600145099559,0.0003835633397102,high_12__rho_0.500,heft,0.0003664530813694,,high_12,high,True,,0.5,15,15,0,0,True
0.0,0,0.0,0.5,31.0,,45,447.6245742069732,1.0,0.8798870085026613,0.4264161479676309,0.8193325469204121,30,23.0,45,12,447.6245742069732,17,1.0,124.99846579999212,13,0.2792484439028925,7.360631274059415,high_12__rho_0.500,replica,7.360566712915897,,high_12,high,True,7.278569770045578,0.5,15,15,0,0,True
0.0,0,0.0,0.5,,,45,332.56,1.0,0.8573266372273699,0.5720261005532836,0.865544608648057,30,,45,14,332.56,16,1.0,238.139,14,0.7160783016598508,0.0159076591953635,high_13__rho_0.500,cpsat,0.0157195273786783,OPTIMAL,high_13,high,True,,0.5,15,15,0,0,True
0.0,0,0.0,0.5,,,45,338.19087425403995,1.0,0.8573266372273699,0.569758280365675,0.865544608648057,30,,45,6,338.19087425403995,24,1.0,239.8702785969981,6,0.7092748410970249,0.0009243674576282,high_13__rho_0.500,easy,0.0009050481021404,,high_13,high,True,,0.5,15,15,0,0,True
0.0,0,0.0,0.5,,,45,335.97547202103306,1.0,0.8573266372273699,0.5735441603515167,0.865544608648057,30,,45,14,335.97547202103306,17,1.0,242.11483797599067,13,0.7206324810545502,0.000395062379539,high_13__rho_0.500,heft,0.0003756526857614,,high_13,high,True,,0.5,15,15,0,0,True
0.0,0,0.0,0.5,31.0,,45,332.5592208619928,1.0,0.8573266372273699,0.5720278633649386,0.865544608648057,30,25.0,45,14,332.5592208619928,16,1.0,238.1402007939905,14,0.7160835900948157,8.117561069317162,high_13__rho_0.500,replica,8.117476147599518,,high_13,high,True,8.012364675290883,0.5,15,15,0,0,True
364.904,13,0.9987191136704509,0.5,,,45,365.372,1.0,0.8017405384926385,0.6662397045568169,0.7688286808976466,30,,45,14,0.0,0,0.0,365.372,17,1.0,0.0305896690115332,high_14__rho_0.500,cpsat,0.0304237185046076,OPTIMAL,high_14,high,True,,0.5,15,15,0,0,True
375.2503905845806,2,0.9694843235173812,0.5,,,45,387.06184461357407,0.9694843235173812,0.8017405384926385,0.6319174662489498,0.7688286808976466,30,,45,2,0.0,0,0.0,358.5230298049828,28,0.9262680752294684,0.0008837068453431,high_14__rho_0.500,easy,0.0008639972656965,,high_14,high,True,,0.5,15,15,0,0,True
51.898809355683625,9,0.0916540840499439,0.5,,,45,566.246555116988,1.0,0.8017405384926385,0.3638846946833147,0.7688286808976466,30,,45,9,0.0,0,0.0,566.246555116988,21,1.0,0.0003370326012372,high_14__rho_0.500,heft,0.0003161514177918,,high_14,high,True,,0.5,15,15,0,0,True
364.65802454948425,10,0.9976993240540042,0.5,31.0,,45,365.4989191209934,1.0,0.8017405384926385,0.6658997746846681,0.7688286808976466,30,27.0,45,10,0.0,0,0.0,365.4989191209934,20,1.0,8.522533315233886,high_14__rho_0.500,replica,8.522460885345936,,high_14,high,True,8.41764566488564,0.5,15,15,0,0,True
364.917,9,0.999978077687196,0.5,,,45,364.925,1.0000000000000002,0.9575259989053092,0.6666593592290654,0.8052369040350764,30,,45,7,0.0,0,0.0,364.92500000000007,21,1.0000000000000002,0.1537692630663514,high_15__rho_0.500,cpsat,0.1535671502351761,OPTIMAL,high_15,high,True,,0.5,15,15,0,0,True
375.2503905845806,2,0.9694843235173812,0.5,,,45,387.06184461357407,0.9694843235173812,0.9575259989053092,0.6319174662489498,0.8052369040350764,30,,45,2,0.0,0,0.0,358.5230298049828,28,0.9262680752294684,0.0010937685146927,high_15__rho_0.500,easy,0.0010705990716814,,high_15,high,True,,0.5,15,15,0,0,True
52.30431132297963,11,0.0924766495295659,0.5,,,45,565.5947916479963,1.0,0.9575259989053092,0.3641588831765219,0.8052369040350764,30,,45,12,0.0,0,0.0,565.5947916479963,19,1.0,0.0003002937883138,high_15__rho_0.500,heft,0.0002810517325997,,high_15,high,True,,0.5,15,15,0,0,True
364.1465374883264,9,0.9896793856441872,0.5,31.0,,45,367.9439450497412,0.9932860542971698,0.9575259989053092,0.6609884799804523,0.8052369040350764,30,28.0,45,9,0.0,0,0.0,365.47358938099205,21,0.9932860542971698,8.794068346731365,high_15__rho_0.500,replica,8.79388425592333,,high_15,high,True,8.695932044647634,0.5,15,15,0,0,True
0.0,0,0.0,0.5,,,45,465.409,0.9985152844057592,0.8191379037118787,0.4239239034913377,0.8829062685864222,30,,45,14,127.17599999999996,9,0.2732564260682538,464.718,21,0.9985152844057592,0.0383577523753047,high_16__rho_0.500,cpsat,0.0379946595057845,OPTIMAL,high_16,high,True,,0.5,15,15,0,0,True
0.0,0,0.0,0.5,,,45,492.8328044029913,0.9876103845940104,0.8191379037118787,0.3975644782730689,0.8829062685864222,30,,45,6,101.071654778003,4,0.2050830502251962,486.72679549698296,26,0.9876103845940104,0.0009999088943004,high_16__rho_0.500,easy,0.0009802980348467,,high_16,high,True,,0.5,15,15,0,0,True
0.0,0,0.0,0.5,,,45,482.1834911479891,1.0,0.8191379037118787,0.4055853773724072,0.8829062685864222,30,,45,12,104.51622851201682,12,0.2167561321172219,482.1834911479891,18,1.0,0.0002933321520686,high_16__rho_0.500,heft,0.0002751722931861,,high_16,high,True,,0.5,15,15,0,0,True
0.0,0,0.0,0.5,31.0,,45,467.71583895601,0.9986610898693938,0.8191379037118787,0.4223216617556196,0.8829062685864222,30,25.0,45,12,125.48998153099092,9,0.2683038953974651,467.0896094809869,21,0.9986610898693938,8.095452273264527,high_16__rho_0.500,replica,8.09538016282022,,high_16,high,True,8.015235597267747,0.5,15,15,0,0,True
0.0,0,0.0,0.5,,,45,331.705,1.0,0.7944516756758901,0.5818764665390432,0.6986784634505009,30,,45,13,247.329,14,0.7456293996171297,331.705,16,1.0,0.1515542855486273,high_17__rho_0.500,cpsat,0.1511283824220299,OPTIMAL,high_17,high,True,,0.5,15,15,0,0,True
0.0,0,0.0,0.5,,,45,356.5998145799822,1.0,0.7944516756758901,0.5378871799851752,0.6986784634505009,30,,45,2,218.83159136300677,3,0.6136615399555255,356.5998145799822,27,1.0,0.0011185389012098,high_17__rho_0.500,easy,0.0010892581194639,,high_17,high,True,,0.5,15,15,0,0,True
0.0,0,0.0,0.5,,,45,356.4167680769752,0.9973839604319834,0.7944516756758901,0.5439728940553019,0.6986784634505009,30,,45,11,226.1588147530274,9,0.6345347217339224,355.48436770898115,21,0.9973839604319834,0.0003021219745278,high_17__rho_0.500,heft,0.000283702276647,,high_17,high,True,,0.5,15,15,0,0,True
0.0,0,0.0,0.5,31.0,,45,333.61722405398905,1.0,0.7944516756758901,0.5788820905044579,0.6986784634505009,30,26.0,45,9,245.75788421201287,11,0.7366462715133738,333.61722405398905,19,1.0,8.274966774508357,high_17__rho_0.500,replica,8.274911272339523,,high_17,high,True,8.152127456851304,0.5,15,15,0,0,True
338.952,1,0.9395107754140392,0.5,,,45,360.775,0.9911052595107754,0.8274493705528189,0.6435386783082716,0.7334648935335448,30,,45,1,357.566,29,0.9911052595107754,0.0,0,0.0,0.0127375833690166,high_18__rho_0.500,cpsat,0.0125609431415796,OPTIMAL,high_18,high,True,,0.5,15,15,0,0,True
375.2503905845806,2,0.945042165071832,0.5,,,45,397.0726433735981,0.945042165071832,0.8274493705528189,0.5990818094210899,0.7334648935335448,30,,45,2,338.3866024070303,28,0.8522032631914377,0.0,0,0.0,0.0009552678093314,high_18__rho_0.500,easy,0.000936297699809,,high_18,high,True,,0.5,15,15,0,0,True
187.94215336069465,8,0.4019764094773336,0.5,,,45,467.54523133600014,1.0,0.8274493705528189,0.4673254698257779,0.7334648935335448,30,,45,8,467.54523133600014,22,1.0,0.0,0,0.0,0.0003934623673558,high_18__rho_0.500,heft,0.0003764731809496,,high_18,high,True,,0.5,15,15,0,0,True
338.9518655659631,1,0.9395126987253956,0.5,31.0,,45,360.7741183549806,0.991100139337642,0.8274493705528189,0.6435376126876792,0.7334648935335448,30,29.0,45,1,357.5632789710362,29,0.991100139337642,0.0,0,0.0,9.357079105451705,high_18__rho_0.500,replica,9.357025815173984,,high_18,high,True,9.275416342541575,0.5,15,15,0,0,True
362.264,9,0.998960404366853,0.5,,,45,362.641,1.0,0.8863366566351479,0.666320134788951,0.8102316545774151,30,,45,10,0.0,0,0.0,362.641,21,1.0,0.1527101881802082,high_19__rho_0.500,cpsat,0.1523071536794304,OPTIMAL,high_19,high,True,,0.5,15,15,0,0,True
348.63162493892014,3,0.9410366619162768,0.5,,,45,370.4761345099832,1.0,0.8863366566351479,0.6470122206387589,0.8102316545774151,30,,45,3,0.0,0,0.0,370.4761345099832,27,1.0,0.0011197291314601,high_19__rho_0.500,easy,0.0010901093482971,,high_19,high,True,,0.5,15,15,0,0,True
346.1378399198875,7,0.9196531134770932,0.5,,,45,376.3786963229904,1.0,0.8863366566351479,0.6398843711590311,0.8102316545774151,30,,45,9,0.0,0,0.0,376.3786963229904,23,1.0,0.000350933521986,high_19__rho_0.500,heft,0.000291483476758,,high_19,high,True,,0.5,15,15,0,0,True
363.2997771054506,5,0.9920266949932848,0.5,31.0,,45,366.2197589429889,1.0,0.8863366566351479,0.6640088983310949,0.8102316545774151,30,29.0,45,5,0.0,0,0.0,366.2197589429889,25,1.0,9.2459962842986,high_19__rho_0.500,replica,9.24594817403704,,high_19,high,True,9.154035135172307,0.5,15,15,0,0,True
0.0,0,0.0,0.5,,,45,306.456,1.0,0.8725383107773128,0.6162744407027435,0.7553830251796825,30,,45,11,306.456,16,1.0,260.12699999999995,14,0.8488233221082306,0.0271727330982685,high_20__rho_0.500,cpsat,0.0267991097643971,OPTIMAL,high_20,high,True,,0.5,15,15,0,0,True
0.0,0,0.0,0.5,,,45,326.2297995130357,1.0,0.8725383107773128,0.5903288281608475,0.7553830251796825,30,,45,5,326.2297995130357,25,1.0,251.5187662600001,5,0.7709864844825427,0.0009798174723982,high_20__rho_0.500,easy,0.0009603584185242,,high_20,high,True,,0.5,15,15,0,0,True
0.0,0,0.0,0.5,,,45,313.0384339460579,0.9998855301710118,0.8725383107773128,0.610583712867519,0.7553830251796825,30,,45,11,313.0026004900574,19,0.9998855301710118,260.4059073169956,11,0.8318656084315453,0.000299222767353,high_20__rho_0.500,heft,0.0002799415960907,,high_20,high,True,,0.5,15,15,0,0,True
0.0,0,0.0,0.5,31.0,,45,306.45475265104324,1.0,0.8725383107773128,0.6162764319318591,0.7553830251796825,30,27.0,45,11,306.45475265104324,16,1.0,260.12777188599284,14,0.8488292957955773,8.59273105300963,high_20__rho_0.500,replica,8.59265942312777,,high_20,high,True,8.398985689505935,0.5,15,15,0,0,True
274.268,27,0.6166499164738707,0.5,,,45,444.771,0.9767048660996334,0.8378672029153525,0.5311182608578346,0.7588908752980135,30,,45,2,0.0,0,0.0,434.41,3,0.9767048660996334,0.0232380088418722,moderate_01__rho_0.500,cpsat,0.0229026563465595,OPTIMAL,moderate_01,moderate,True,,0.5,15,15,0,0,True
552.8031753497198,25,0.9791494594108252,0.5,,,45,564.574866519717,0.9791494594108252,0.8378672029153525,0.479439489293052,0.7588908752980135,30,,45,4,0.0,0,0.0,259.2352816659986,5,0.4591690084683307,0.0018749544396996,moderate_01__rho_0.500,easy,0.0018367543816566,,moderate_01,moderate,True,,0.5,15,15,0,0,True
530.5662672119215,16,0.9980868653049212,0.5,,,45,531.583257585331,0.9980868653049212,0.8378672029153525,0.503356371198393,0.7588908752980135,30,,45,13,0.0,0,0.0,272.1611913719971,14,0.511982248290258,0.0006076153367757,moderate_01__rho_0.500,heft,0.0005727941170334,,moderate_01,moderate,True,,0.5,15,15,0,0,True
274.26853577420115,27,0.6166508596033009,0.5,31.0,,45,444.7711885955068,0.9767053190490548,0.8378672029153525,0.5311187262174518,0.7588908752980135,30,29.0,45,2,0.0,0,0.0,434.4103856610018,3,0.9767053190490548,9.597098202444611,moderate_01__rho_0.500,replica,9.597013281658292,,moderate_01,moderate,True,9.495629110373557,0.5,15,15,0,0,True
358.68800000000005,3,0.9996655592963368,0.5,,,45,358.808,0.9996655592963368,0.8894944308178155,0.6452392365833538,0.7588242917952367,30,,45,3,335.86299999999994,27,0.9360521504537244,0.0,0,0.0,0.017700326628983,moderate_02__rho_0.500,cpsat,0.0174333648756146,OPTIMAL,moderate_02,moderate,True,,0.5,15,15,0,0,True
394.9869225081056,4,0.9996986573005526,0.5,,,45,395.1059848121368,0.9996986573005526,0.8894944308178155,0.6004045849187625,0.7588242917952367,30,,45,4,316.6834119220439,26,0.8015150974557349,0.0,0,0.0,0.0010905480012297,moderate_02__rho_0.500,easy,0.0010630777105689,,moderate_02,moderate,True,,0.5,15,15,0,0,True
211.836477230303,10,0.4769775002908175,0.5,,,45,444.122578321083,1.0,0.8894944308178155,0.4923258334302725,0.7588242917952367,30,,45,11,444.122578321083,20,1.0,0.0,0,0.0,0.0004670331254601,moderate_02__rho_0.500,heft,0.0004383129999041,,moderate_02,moderate,True,,0.5,15,15,0,0,True
358.6883974894881,3,0.9996681721609144,0.5,31.0,,45,358.80745979351923,0.9996681721609144,0.8894944308178155,0.6452378724931616,0.7588242917952367,30,29.0,45,3,335.8600884860498,27,0.9360454453185704,0.0,0,0.0,9.70033348351717,moderate_02__rho_0.500,replica,9.700269931927323,,moderate_02,moderate,True,9.613627966493368,0.5,15,15,0,0,True
0.2819999999999751,4,0.0009458802220469,0.5,,,45,298.135,0.9998960202592784,0.8198139025725234,0.6322482544261269,0.7379857690202519,30,,45,12,298.104,5,0.9998960202592784,267.1,21,0.8959028627970551,0.0167495096102356,moderate_03__rho_0.500,cpsat,0.0163334365934133,OPTIMAL,moderate_03,moderate,True,,0.5,19,7,4,0,True
0.0,0,0.0,0.5,,,45,305.7639702129964,0.9805104440564224,0.8198139025725234,0.6155947980524806,0.7379857690202519,30,,45,5,299.8047662099998,6,0.9805104440564224,264.8753622749828,24,0.8662739501010194,0.0009771864861249,moderate_03__rho_0.500,easy,0.0009499974548816,,moderate_03,moderate,True,,0.5,19,7,4,0,True
0.0688322382047772,1,0.0002294003764858,0.5,,,45,300.0528563169973,0.9935031510350274,0.8198139025725234,0.6280985469449757,0.7379857690202519,30,,45,6,298.1034582279972,5,0.9935031510350274,267.21599871198487,24,0.8905630894234139,0.0003679627552628,moderate_03__rho_0.500,heft,0.0003493223339319,,moderate_03,moderate,True,,0.5,19,7,4,0,True
0.1596464244648814,2,0.000535484765074,0.5,31.0,,45,298.13439126099547,0.9998962446671534,0.8198139025725234,0.6321860372038898,0.7379857690202519,30,25.0,45,8,298.1034582279972,5,0.9998962446671534,267.16609344398603,23,0.8961263821794417,8.484073859639466,moderate_03__rho_0.500,replica,8.483973069116473,,moderate_03,moderate,True,8.44763405341655,0.5,19,7,4,0,True
2.0649999999999977,1,0.0042902761358843,0.5,,,45,481.321,1.0,0.8286261631089218,0.4098726906437354,0.7103029468014408,30,,45,18,108.45500000000008,12,0.2253277957953217,481.321,17,1.0,0.0497026769444346,moderate_04__rho_0.500,cpsat,0.049482274800539,OPTIMAL,moderate_04,moderate,True,,0.5,17,11,2,0,True
0.0,0,0.0,0.5,,,45,508.8665343299836,1.0,0.8286261631089218,0.3851592742775228,0.7103029468014408,30,,45,3,79.11746086998028,2,0.1554778228325684,508.8665343299836,28,1.0,0.001165809109807,moderate_04__rho_0.500,easy,0.0011418992653489,,moderate_04,moderate,True,,0.5,17,11,2,0,True
0.0,0,0.0,0.5,,,45,500.7917309429904,1.0,0.8286261631089218,0.3903566771677606,0.7103029468014408,30,,45,13,85.67045718900044,10,0.1710700315032819,500.7917309429904,20,1.0,0.0003249030560255,moderate_04__rho_0.500,heft,0.0002961624413728,,moderate_04,moderate,True,,0.5,17,11,2,0,True
2.1183559354394674,2,0.0044011186460596,0.5,31.0,,45,481.3221605229956,1.0,0.8286261631089218,0.4098877647466707,0.7103029468014408,30,21.0,45,19,108.4236770409916,11,0.2252621755939524,481.3221605229956,17,1.0,7.165181883610785,moderate_04__rho_0.500,replica,7.1650946624577045,,moderate_04,moderate,True,7.061634041368961,0.5,17,11,2,0,True
901.68,7,0.9999567492755502,0.5,,,45,901.719,0.9999567492755502,0.8550881549602818,0.3471927877014162,0.764887794198139,30,,45,7,37.53100000000012,23,0.0416216138286984,0.0,0,0.0,0.013050471432507,moderate_05__rho_0.500,cpsat,0.0128369396552443,OPTIMAL,moderate_05,moderate,True,,0.5,15,15,0,0,True
901.6800284050404,7,0.9866323281553294,0.5,,,45,913.8966995850204,0.9866323281553294,0.8550881549602818,0.3425653776072433,0.764887794198139,30,,45,7,37.52807555702748,23,0.0410638046664006,0.0,0,0.0,0.0009121373295783,moderate_05__rho_0.500,easy,0.0008936068043112,,moderate_05,moderate,True,,0.5,15,15,0,0,True
901.6800284050404,7,0.9999569590959824,0.5,,,45,901.7188391990494,0.9999569590959824,0.8550881549602818,0.3471917790532572,0.764887794198139,30,,45,7,37.52807555702748,23,0.0416183780637895,0.0,0,0.0,0.0003032023087143,moderate_05__rho_0.500,heft,0.0002838717773556,,moderate_05,moderate,True,,0.5,15,15,0,0,True
901.6800284050404,7,0.9999569590959824,0.5,31.0,,45,901.7188391990494,0.9999569590959824,0.8550881549602818,0.3471917790532572,0.764887794198139,30,26.0,45,7,37.52807555702748,23,0.0416183780637895,0.0,0,0.0,8.664187571965158,moderate_05__rho_0.500,replica,8.664051109924912,,moderate_05,moderate,True,8.615603113546968,0.5,15,15,0,0,True
274.093,24,0.6163007966470221,0.5,,,45,444.739,0.9769932477250702,0.9058839627805144,0.5310980147906975,0.7685730788697991,30,,45,6,0.0,0,0.0,434.507,6,0.9769932477250702,0.0200596759095788,moderate_06__rho_0.500,cpsat,0.0196608128026127,OPTIMAL,moderate_06,moderate,True,,0.5,15,15,0,0,True
462.3306162301451,22,0.9998133609519316,0.5,,,45,462.41692128414434,0.9998133609519316,0.9058839627805144,0.5500914077869757,0.7685730788697991,30,,45,11,0.0,0,0.0,300.7841094109972,8,0.6504608624089957,0.0011463789269328,moderate_06__rho_0.500,easy,0.0011019380763173,,moderate_06,moderate,True,,0.5,15,15,0,0,True
450.2351918946952,16,0.9998046868836356,0.5,,,45,450.32314591169416,0.9998046868836356,0.9058839627805144,0.5613932486261083,0.7685730788697991,30,,45,16,0.0,0,0.0,308.18992954998976,14,0.6843750589946893,0.0003091115504503,moderate_06__rho_0.500,heft,0.0002903612330555,,moderate_06,moderate,True,,0.5,15,15,0,0,True
445.271167518571,14,1.0,0.5,31.0,,45,445.271167518571,1.0,0.9058839627805144,0.5699847630120844,0.7685730788697991,30,23.0,45,12,0.0,0,0.0,316.1221751639896,16,0.7099542890362535,7.3557857275009155,moderate_06__rho_0.500,replica,7.355701356194913,,moderate_06,moderate,True,7.271898178383708,0.5,15,15,0,0,True
890.271,15,1.0,0.5,,,45,890.271,1.0,0.7840351178541621,0.3485481761546016,0.904761904761905,30,,45,10,40.63599999999991,15,0.0456445284638047,0.0,0,0.0,0.0176954790949821,moderate_07__rho_0.500,cpsat,0.0175172667950391,OPTIMAL,moderate_07,moderate,True,,0.5,15,15,0,0,True
908.68959317822,19,0.9998775861655176,0.5,,,45,908.8008429741894,0.9998775861655176,0.7840351178541621,0.3427704579970907,0.904761904761905,30,,45,9,25.840650344995083,11,0.0284337878257546,0.0,0,0.0,0.0009499676525592,moderate_07__rho_0.500,easy,0.0009305365383625,,moderate_07,moderate,True,,0.5,15,15,0,0,True
890.2733292067423,15,0.9974247356197424,0.5,,,45,892.5719379252987,0.9974247356197424,0.7840351178541621,0.3476497666842024,0.904761904761905,30,,45,10,40.63394869904732,15,0.0455245644328648,0.0,0,0.0,0.0003632325679063,moderate_07__rho_0.500,heft,0.0003408621996641,,moderate_07,moderate,True,,0.5,15,15,0,0,True
890.2733292067423,15,1.0,0.5,31.0,,45,890.2733292067423,1.0,0.7840351178541621,0.3485473683066351,0.904761904761905,30,25.0,45,10,40.63394869904732,15,0.045642104919905,0.0,0,0.0,8.53013092186302,moderate_07__rho_0.500,replica,8.530055791139603,,moderate_07,moderate,True,8.379697190597653,0.5,15,15,0,0,True
4.328000000000017,4,0.0095497201058236,0.5,,,45,453.207,1.0,0.8096966524574711,0.4250831665589161,0.7115355342376627,30,,45,12,453.207,19,1.0,120.41700000000002,7,0.2656997795709246,0.0143688330426812,moderate_08__rho_0.500,cpsat,0.0139793884009122,OPTIMAL,moderate_08,moderate,True,,0.5,19,7,4,0,True
0.0,0,0.0,0.5,,,45,533.2463910409606,0.9999064123661456,0.8096966524574711,0.3500767338988833,0.7115355342376627,30,,45,10,533.1964857729618,23,0.9999064123661456,26.83497904399701,7,0.0503237893305042,0.0009437762200832,moderate_08__rho_0.500,easy,0.0009188381955027,,moderate_08,moderate,True,,0.5,19,7,4,0,True
4.108189172111452,1,0.0090639849272837,0.5,,,45,453.24316016295415,0.9999175356755996,0.8096966524574711,0.4249749373355589,0.7115355342376627,30,,45,12,453.20578377196216,19,0.9999175356755996,120.5369778199929,10,0.2659432914037938,0.0003233328461647,moderate_08__rho_0.500,heft,0.0003046225756406,,moderate_08,moderate,True,,0.5,19,7,4,0,True
4.108189172111452,1,0.0090647324443206,0.5,31.0,,45,453.20578377196216,1.0,0.8096966524574711,0.4250099854968764,0.7115355342376627,30,23.0,45,12,453.20578377196216,19,1.0,120.5369778199929,10,0.2659652240463088,7.376232702285051,moderate_08__rho_0.500,replica,7.37616809271276,,moderate_08,moderate,True,7.201745457015932,0.5,19,7,4,0,True
346.084,4,0.950422505815119,0.5,,,45,364.137,0.963587880385679,0.86865676240425,0.6380034620669327,0.7460317460317459,30,,45,3,350.878,26,0.963587880385679,0.0,0,0.0,0.0147554064169526,moderate_09__rho_0.500,cpsat,0.0143797229975461,OPTIMAL,moderate_09,moderate,True,,0.5,15,15,0,0,True
355.6951885353774,5,0.936490243293854,0.5,,,45,379.81729236635147,0.936490243293854,0.86865676240425,0.6114195495048335,0.7460317460317459,30,,45,2,340.98796484296327,25,0.8977684052206462,0.0,0,0.0,0.0008901571854948,moderate_09__rho_0.500,easy,0.0008648270741105,,moderate_09,moderate,True,,0.5,15,15,0,0,True
87.37327947840095,9,0.1749117773407824,0.5,,,45,499.5277093787154,0.9949983426727907,0.86865676240425,0.3899700400045243,0.7460317460317459,30,,45,8,497.02924295095727,21,0.9949983426727907,0.0,0,0.0,0.0002945335581898,moderate_09__rho_0.500,heft,0.0002764221280813,,moderate_09,moderate,True,,0.5,15,15,0,0,True
346.0842614006251,4,0.9504280108149388,0.5,31.0,,45,364.1351659068605,0.9635860005093057,0.86865676240425,0.6380046704414148,0.7460317460317459,30,28.0,45,3,350.8755481609842,26,0.9635860005093057,0.0,0,0.0,9.08567342441529,moderate_09__rho_0.500,replica,9.085609522648156,,moderate_09,moderate,True,9.017309978604317,0.5,15,15,0,0,True
3.532000000000153,6,0.0059460879051322,0.5,,,45,594.004,1.0,0.8346743295019159,0.3363069384493483,0.71344673009886,30,,45,11,1.766999999999939,2,0.0029747274429127,594.004,22,1.0,0.0198282459750771,moderate_10__rho_0.500,cpsat,0.0196204353123903,OPTIMAL,moderate_10,moderate,True,,0.5,22,1,7,0,True
0.0,0,0.0,0.5,,,45,594.209252465982,1.0,0.8346743295019159,0.3351410850530205,0.71344673009886,30,,45,4,3.222548393998295,2,0.0054232551590616,594.209252465982,28,1.0,0.0011004880070686,moderate_10__rho_0.500,easy,0.0010773176327347,,moderate_10,moderate,True,,0.5,22,1,7,0,True
0.0,0,0.0,0.5,,,45,594.045165398984,1.0,0.8346743295019159,0.3352434870984653,0.71344673009886,30,,45,7,3.404152828035876,7,0.0057304612953958,594.045165398984,23,1.0,0.000568464398384,moderate_10__rho_0.500,heft,0.0005365833640098,,moderate_10,moderate,True,,0.5,22,1,7,0,True
0.0,0,0.0,0.5,31.0,,45,594.0071166499838,1.0,0.8346743295019159,0.3352675617437492,0.71344673009886,30,25.0,45,9,3.4468363230407704,8,0.0058026852312474,594.0071166499838,22,1.0,8.084000076167285,moderate_10__rho_0.500,replica,8.083925855346024,,moderate_10,moderate,True,7.966469173319638,0.5,22,1,7,0,True
357.756,6,0.9560402559018294,0.5,,,45,374.206,0.9954329967985548,0.906538834569131,0.6519475012871697,0.7760166546197804,30,,45,14,1.634999999999991,4,0.0043692511611251,372.497,20,0.9954329967985548,0.0544018903747201,moderate_11__rho_0.500,cpsat,0.0540255876258015,OPTIMAL,moderate_11,moderate,True,,0.5,20,5,5,0,True
337.27892456389964,1,0.8805401322334113,0.5,,,45,383.0364025639829,1.0,0.906538834569131,0.6295706159373438,0.7760166546197804,30,,45,5,3.130064538010629,2,0.0081717155786199,383.0364025639829,27,1.0,0.0009454181417822,moderate_11__rho_0.500,easy,0.0009163878858089,,moderate_11,moderate,True,,0.5,20,5,5,0,True
17.331252191215754,4,0.0296391305009237,0.5,,,45,584.7422612709779,0.9985206002605064,0.906538834569131,0.3445042089356527,0.7760166546197804,30,,45,10,3.130064538010629,2,0.0053528960455281,583.8771937219826,24,0.9985206002605064,0.0003876527771353,moderate_11__rho_0.500,heft,0.0003638938069343,,moderate_11,moderate,True,,0.5,20,5,5,0,True
341.4403428109363,3,0.8972110100518064,0.5,31.0,,45,380.5574597119812,1.0,0.906538834569131,0.635217823210188,0.7760166546197804,30,26.0,45,10,3.212840971013065,4,0.0084424595787575,380.5574597119812,23,1.0,8.830875209532678,moderate_11__rho_0.500,replica,8.830810626968741,,moderate_11,moderate,True,8.644149484112859,0.5,20,5,5,0,True
52.281000000000034,7,0.1770059215270702,0.5,,,45,295.363,1.0,0.8832527663861397,0.6729967305767254,0.7525677807630606,30,,45,18,295.363,11,1.0,248.691,12,0.841984270203106,0.0211751377210021,moderate_12__rho_0.500,cpsat,0.020531803369522,OPTIMAL,moderate_12,moderate,True,,0.5,19,7,4,0,True
12.823499336838722,4,0.0402745526944862,0.5,,,45,318.40203003904026,0.993401235247278,0.8832527663861397,0.6048036298994105,0.7525677807630606,30,,45,19,316.30096994602354,16,0.993401235247278,248.58764132199576,10,0.780735101756467,0.0010246885940432,moderate_12__rho_0.500,easy,0.0009990474209189,,moderate_12,moderate,True,,0.5,19,7,4,0,True
49.01425041723997,4,0.0983374377905989,0.5,,,45,498.4291996870161,0.9935129717459624,0.8832527663861397,0.3849643013114714,0.7525677807630606,30,,45,13,495.195875386009,14,0.9935129717459624,31.42222002899507,12,0.063042494397853,0.0002882434055209,moderate_12__rho_0.500,heft,0.0002697324380278,,moderate_12,moderate,True,,0.5,19,7,4,0,True
52.320067539811134,7,0.1771386259440051,0.5,31.0,,45,295.36227494702325,1.0,0.8832527663861397,0.673022408351228,0.7525677807630606,30,20.0,45,19,295.36227494702325,11,1.0,248.673946375995,12,0.8419285991096785,6.684595447964966,moderate_12__rho_0.500,replica,6.68452643789351,,moderate_12,moderate,True,6.641769736073911,0.5,19,7,4,0,True
20.46700000000001,3,0.0681265935704633,0.5,,,45,300.426,0.988483020777163,0.8873169647378064,0.6539935513792637,0.7808843737365482,30,,45,12,271.997,22,0.9053710397901648,296.96599999999995,5,0.988483020777163,0.0331256818026304,moderate_13__rho_0.500,cpsat,0.0329596810042858,OPTIMAL,moderate_13,moderate,True,,0.5,15,15,0,0,True
20.467941587790847,3,0.0621864990119308,0.5,,,45,329.1380269512192,0.9078341677738954,0.8873169647378064,0.5972967578697485,0.7808843737365482,30,,45,12,270.50854080103454,22,0.8218696068234194,298.80274678000205,5,0.9078341677738954,0.000893035903573,moderate_13__rho_0.500,easy,0.0008742567151784,,moderate_13,moderate,True,,0.5,15,15,0,0,True
20.467941587790847,3,0.0643438028516708,0.5,,,45,318.1027648455092,0.9989447910625432,0.8873169647378064,0.6062289379961534,0.7808843737365482,30,,45,17,317.7670999650145,13,0.9989447910625432,240.2942623649942,14,0.7553982200742463,0.0002929233014583,moderate_13__rho_0.500,heft,0.0002749320119619,,moderate_13,moderate,True,,0.5,15,15,0,0,True
20.467941587790847,3,0.0647750245559667,0.5,31.0,,45,315.9850841909938,1.0,0.8873169647378064,0.6020289498483932,0.7808843737365482,30,22.0,45,18,315.9850841909938,13,1.0,234.24347943099565,14,0.7413118249892128,7.485304904170334,moderate_13__rho_0.500,replica,7.485247912816703,,moderate_13,moderate,True,7.317919206805527,0.5,15,15,0,0,True
367.319,18,0.9955010989785326,0.5,,,45,368.979,0.9999430861918972,0.8634990339155384,0.6651480617234765,0.7539110974274124,30,,45,11,0.0,0,0.0,368.958,12,0.9999430861918972,0.0290874307975173,moderate_14__rho_0.500,cpsat,0.0289180791005492,OPTIMAL,moderate_14,moderate,True,,0.5,15,15,0,0,True
372.6259707603604,14,1.0,0.5,,,45,372.6259707603604,1.0,0.8634990339155384,0.6565533719507023,0.7539110974274124,30,,45,8,0.0,0,0.0,361.3205419769947,16,0.9696601158521068,0.0008869469165802,moderate_14__rho_0.500,easy,0.0008684769272804,,moderate_14,moderate,True,,0.5,15,15,0,0,True
372.53422847390175,14,0.9973855937004754,0.5,,,45,373.5107372984348,0.9973855937004754,0.8634990339155384,0.6587556418278743,0.7539110974274124,30,,45,10,0.0,0,0.0,365.62268796199714,16,0.9788813317831472,0.0002928022295236,moderate_14__rho_0.500,heft,0.0002756314352154,,moderate_14,moderate,True,,0.5,15,15,0,0,True
367.10290091112256,17,0.9942641942425604,0.5,31.0,,45,369.2206790075397,0.9998603687673114,0.8634990339155384,0.6647081876699573,0.7539110974274124,30,28.0,45,8,0.0,0,0.0,369.1691242689958,13,0.9998603687673114,9.090001493692398,moderate_14__rho_0.500,replica,9.089950264431536,,moderate_14,moderate,True,8.968193722888827,0.5,15,15,0,0,True
8.18300000000005,5,0.0232117479867362,0.5,,,45,352.537,1.0,0.8714733542319747,0.554497825760133,0.7351349976259417,30,,45,18,225.72299999999996,9,0.6402817292936627,352.537,16,1.0,0.0272048758342862,moderate_15__rho_0.500,cpsat,0.0270074550062418,OPTIMAL,moderate_15,moderate,True,,0.5,18,9,3,0,True
0.1267391545698046,2,0.0003380151567395,0.5,,,45,374.95109921198673,1.0,0.8714733542319747,0.5192329964903192,0.7351349976259417,30,,45,4,208.9831099769799,3,0.5573609743142179,374.95109921198673,25,1.0,0.0008904868736863,moderate_15__rho_0.500,easy,0.0008723074570298,,moderate_15,moderate,True,,0.5,18,9,3,0,True
0.1267391545698046,2,0.0003477775641287,0.5,,,45,364.4259079429903,1.0,0.8714733542319747,0.532502342215159,0.7351349976259417,30,,45,8,217.6203015330248,8,0.5971592490813485,364.4259079429903,20,1.0,0.0003507426008582,moderate_15__rho_0.500,heft,0.000329852104187,,moderate_15,moderate,True,,0.5,18,9,3,0,True
0.1267391545698046,2,0.0003595046159417,0.5,31.0,,45,352.53832343099566,1.0,0.8714733542319747,0.5505977974803784,0.7351349976259417,30,26.0,45,14,229.655410640029,12,0.6514338878251935,352.53832343099566,16,1.0,8.580358115956187,moderate_15__rho_0.500,replica,8.580296666361392,,moderate_15,moderate,True,8.483296087943017,0.5,18,9,3,0,True
179.43100000000004,15,0.3840388167483911,0.5,,,45,467.221,0.9999208083540766,0.844041896056834,0.4613198750341559,0.5108761398707742,30,,45,11,467.184,15,0.9999208083540766,0.0,0,0.0,0.0250965496525168,moderate_16__rho_0.500,cpsat,0.0249273888766765,OPTIMAL,moderate_16,moderate,True,,0.5,15,15,0,0,True
160.7725892709568,3,0.3374577543621656,0.5,,,45,476.42286239602254,1.0,0.844041896056834,0.4458192514540552,0.5108761398707742,30,,45,2,476.42286239602254,27,1.0,0.0,0,0.0,0.0008595073595643,moderate_16__rho_0.500,easy,0.0008410764858126,,moderate_16,moderate,True,,0.5,15,15,0,0,True
164.87770970072597,8,0.3476288398486939,0.5,,,45,474.2923796900432,1.0,0.844041896056834,0.449209613282898,0.5108761398707742,30,,45,8,474.2923796900432,22,1.0,0.0,0,0.0,0.0002889931201934,moderate_16__rho_0.500,heft,0.0002716118469834,,moderate_16,moderate,True,,0.5,15,15,0,0,True
173.68596945516765,11,0.369545819557075,0.5,31.0,,45,469.9984691028076,0.9999837518497102,0.844041896056834,0.456509857135595,0.5108761398707742,30,26.0,45,12,469.9908324970456,19,0.9999837518497102,0.0,0,0.0,8.563542247749865,moderate_16__rho_0.500,replica,8.563480027019978,,moderate_16,moderate,True,8.368656375445426,0.5,15,15,0,0,True
368.554,6,0.999924033186645,0.5,,,45,368.582,0.999924033186645,0.8189084966360007,0.6664713234323253,0.7240284619594965,30,,45,11,0.0,0,0.0,368.394,24,0.999489937110331,0.0453721415251493,moderate_17__rho_0.500,cpsat,0.0451277000829577,OPTIMAL,moderate_17,moderate,True,,0.5,15,15,0,0,True
373.5774495825172,2,0.94044739108578,0.5,,,45,397.2337561075146,0.94044739108578,0.8189084966360007,0.6194096473191901,0.7240284619594965,30,,45,2,0.0,0,0.0,364.57381273898136,28,0.9177815508717904,0.0011491300538182,moderate_17__rho_0.500,easy,0.0011223973706364,,moderate_17,moderate,True,,0.5,15,15,0,0,True
222.34535176400092,11,0.4729642808592603,0.5,,,45,470.11024037598327,1.0,0.8189084966360007,0.4909880936197535,0.7240284619594965,30,,45,12,0.0,0,0.0,470.11024037598327,19,1.0,0.0005722353234887,moderate_17__rho_0.500,heft,0.0005448153242468,,moderate_17,moderate,True,,0.5,15,15,0,0,True
359.30404094140977,10,0.9605215646420252,0.5,31.0,,45,374.0718107409885,1.0,0.8189084966360007,0.6535071882140083,0.7240284619594965,30,27.0,45,13,0.0,0,0.0,374.0718107409885,20,1.0,9.143007556907833,moderate_17__rho_0.500,replica,9.142941867001356,,moderate_17,moderate,True,8.966879131272435,0.5,15,15,0,0,True
854.732,5,0.9943311171991788,0.5,,,45,859.605,0.9943311171991788,0.9076628352490418,0.3562678982400831,0.8346154201573791,30,,45,4,0.0,0,0.0,64.01700000000008,25,0.0744725775210708,0.0130207324400544,moderate_18__rho_0.500,cpsat,0.0125724105164408,OPTIMAL,moderate_18,moderate,True,,0.5,15,15,0,0,True
854.7324712779373,5,0.9862556835490408,0.5,,,45,866.643899279934,0.9862556835490408,0.9076628352490418,0.3533748931047989,0.8346154201573791,30,,45,4,0.0,0,0.0,64.01811452598122,25,0.0738689957653561,0.0008949674665927,moderate_18__rho_0.500,easy,0.0008689165115356,,moderate_18,moderate,True,,0.5,15,15,0,0,True
854.8013035161421,6,0.9868838924228556,0.5,,,45,866.1619771881742,0.9868838924228556,0.9076628352490418,0.3535839879275131,0.8346154201573791,30,,45,5,0.0,0,0.0,63.981714739980816,24,0.0738680713596837,0.0003181127831339,moderate_18__rho_0.500,heft,0.000297381542623,,moderate_18,moderate,True,,0.5,15,15,0,0,True
854.7324712779373,5,0.9943312943359892,0.5,31.0,,45,859.605320828934,0.9943312943359892,0.9076628352490418,0.3562683802057552,0.8346154201573791,30,27.0,45,4,0.0,0,0.0,64.01811452598122,25,0.0744738462812762,8.83291706815362,moderate_18__rho_0.500,replica,8.83285242691636,,moderate_18,moderate,True,8.805399755947292,0.5,15,15,0,0,True
368.139,18,0.9987926768389296,0.5,,,45,368.584,0.9998127970828902,0.8826491516146686,0.6662018246406066,0.8171866447728515,30,,45,10,0.0,0,0.0,368.515,12,0.9998127970828902,0.0423822989687323,moderate_19__rho_0.500,cpsat,0.0421630777418613,OPTIMAL,moderate_19,moderate,True,,0.5,15,15,0,0,True
397.7119661597535,12,0.9991094186977296,0.5,,,45,398.0664767209819,0.9991094186977296,0.8826491516146686,0.62633550658845,0.8171866447728515,30,,45,7,0.0,0,0.0,350.2575388989935,18,0.8798971010676208,0.0009550666436553,moderate_19__rho_0.500,easy,0.0009355181828141,,moderate_19,moderate,True,,0.5,15,15,0,0,True
245.2292848043144,19,0.5327169949370401,0.5,,,45,460.3368901968242,0.9911466145716024,0.8826491516146686,0.5079545365028808,0.8171866447728515,30,,45,11,0.0,0,0.0,456.2613502810018,11,0.9911466145716024,0.0003092736005783,moderate_19__rho_0.500,heft,0.0002888329327106,,moderate_19,moderate,True,,0.5,15,15,0,0,True
367.9398000156507,16,0.9959969062735392,0.5,31.0,,45,369.41861736526334,0.9978336550362008,0.8826491516146686,0.6646101871032467,0.8171866447728515,30,29.0,45,8,0.0,0,0.0,368.6183292040005,14,0.9978336550362008,9.261019244790075,moderate_19__rho_0.500,replica,9.26093202456832,,moderate_19,moderate,True,9.104266045615075,0.5,15,15,0,0,True
195.642,20,0.4018956528169795,0.5,,,45,486.798,1.0,0.956319701160488,0.4672985509389931,0.7123062341341484,30,,45,9,0.0,0,0.0,486.798,10,1.0,0.023026623763144,moderate_20__rho_0.500,cpsat,0.0226431507617235,OPTIMAL,moderate_20,moderate,True,,0.5,15,15,0,0,True
185.44785622227937,14,0.3667667242458485,0.5,,,45,505.6289024136531,0.9750234778384448,0.956319701160488,0.4472634006947644,0.7123062341341484,30,,45,9,0.0,0,0.0,493.00005092699575,16,0.9750234778384448,0.0009429985657334,moderate_20__rho_0.500,easy,0.0009171683341264,,moderate_20,moderate,True,,0.5,15,15,0,0,True
187.6951207211241,17,0.3812444016055333,0.5,,,45,492.3223001588594,0.9981199198216988,0.956319701160488,0.4597881071424107,0.7123062341341484,30,,45,11,0.0,0,0.0,491.3966947609952,13,0.9981199198216988,0.0003547929227352,moderate_20__rho_0.500,heft,0.0003351718187332,,moderate_20,moderate,True,,0.5,15,15,0,0,True
195.6416065869853,20,0.4018946230899246,0.5,31.0,,45,486.7982683689952,1.0,0.956319701160488,0.4672982076966415,0.7123062341341484,30,26.0,45,9,0.0,0,0.0,486.7982683689952,10,1.0,8.368251278996468,moderate_20__rho_0.500,replica,8.368188058026135,,moderate_20,moderate,True,8.22620985750109,0.5,15,15,0,0,True
436.248,15,1.0,0.5,,,45,436.248,1.0,0.8444361215249062,0.5581221384778077,0.758080948687394,30,,45,11,294.1909999999999,15,0.674366415433423,0.0,0,0.0,0.0142296394333243,nominal_01__rho_0.500,cpsat,0.0140438163653016,OPTIMAL,nominal_01,nominal,True,,0.5,15,15,0,0,True
794.6403860384598,21,0.9998600194187048,0.5,,,45,794.7516358344292,0.9998600194187048,0.8444361215249062,0.3673656413552986,0.758080948687394,30,,45,6,81.25294721100363,9,0.102236904647191,0.0,0,0.0,0.0009064869955182,nominal_01__rho_0.500,easy,0.0008879462257027,,nominal_01,nominal,True,,0.5,15,15,0,0,True
446.4088362269104,16,0.9999043938857428,0.5,,,45,446.4515197219153,0.9999043938857428,0.8444361215249062,0.5447920894168895,0.758080948687394,30,,45,13,283.2609325310332,14,0.6344718743649257,0.0,0,0.0,0.0003048824146389,nominal_01__rho_0.500,heft,0.0002838019281625,,nominal_01,nominal,True,,0.5,15,15,0,0,True
436.2484167171642,15,1.0,0.5,31.0,,45,436.2484167171642,1.0,0.8444361215249062,0.5581209539470301,0.758080948687394,30,26.0,45,11,294.18973077103146,15,0.6743628618410904,0.0,0,0.0,8.377801705151796,nominal_01__rho_0.500,replica,8.37767123337835,,nominal_01,nominal,True,8.211206604726613,0.5,15,15,0,0,True
0.0,0,0.0,0.5,,,45,306.065,1.0,0.8577962500997162,0.6136506951137831,0.6888341543513957,30,,45,12,306.065,16,1.0,257.386,14,0.8409520853413491,0.0246691806241869,severe_01__rho_0.500,cpsat,0.0243806187063455,OPTIMAL,severe_01,severe,True,,0.5,15,15,0,0,True
0.0,0,0.0,0.5,,,45,335.27740545502456,0.9625533543307856,0.8577962500997162,0.56617919689138,0.6888341543513957,30,,45,4,322.7223912520567,24,0.9625533543307856,246.75888521699744,6,0.7359842363433543,0.0009163580834865,severe_01__rho_0.500,easy,0.0008970387279987,,severe_01,severe,True,,0.5,15,15,0,0,True
0.0,0,0.0,0.5,,,45,307.88071871802094,0.9998836125362128,0.8577962500997162,0.618509871496947,0.6888341543513957,30,,45,12,307.8448852620204,16,0.9998836125362128,263.4369060499921,14,0.8556460019546283,0.0004029143601655,severe_01__rho_0.500,heft,0.0003861933946609,,severe_01,severe,True,,0.5,15,15,0,0,True
0.0,0,0.0,0.5,31.0,,45,306.0628694879997,1.0,0.8577962500997162,0.6136527804963344,0.6888341543513957,30,23.0,45,12,306.0628694879997,16,1.0,257.38612311599354,14,0.8409583414890034,7.32619642931968,severe_01__rho_0.500,replica,7.32611698936671,,severe_01,severe,True,7.257996349595487,0.5,15,15,0,0,True
0.0,0,0.0,0.5,,,45,317.279,1.0,0.9101404611257934,0.601571487555117,0.854586847817913,30,,45,13,317.279,14,1.0,255.31899999999987,16,0.804714462665351,0.0195641098544001,severe_02__rho_0.500,cpsat,0.0191474072635173,OPTIMAL,severe_02,severe,True,,0.5,15,15,0,0,True
0.0,0,0.0,0.5,,,45,328.7690059320012,1.0,0.9101404611257934,0.5796916133696706,0.854586847817913,30,,45,7,328.7690059320012,19,1.0,242.98490049199245,11,0.7390748401090116,0.0009469771757721,severe_02__rho_0.500,easy,0.0009217672049999,,severe_02,severe,True,,0.5,15,15,0,0,True
0.0,0,0.0,0.5,,,45,518.7634507639741,1.0,0.9101404611257934,0.3604385355154738,0.854586847817913,30,,45,8,518.7634507639741,17,1.0,42.18356465298712,13,0.0813156065464213,0.0003918623551726,severe_02__rho_0.500,heft,0.0002825316041707,,severe_02,severe,True,,0.5,15,15,0,0,True
0.0,0,0.0,0.5,31.0,,45,317.3269566379604,0.9999530068319624,0.9101404611257934,0.6014870728985927,0.854586847817913,30,26.0,45,12,317.3120444389642,15,0.9999530068319624,255.29214246099215,15,0.8045082118638159,8.078048358671367,severe_02__rho_0.500,replica,8.077969548292458,,severe_02,severe,True,8.014375288970768,0.5,15,15,0,0,True
0.0,0,0.0,0.5,,,45,536.328,0.9999421995495296,1.0,0.3461631688071478,0.8520825777459807,30,,45,13,536.297,12,0.9999421995495296,20.673999999999893,18,0.038547306871914,0.0170751204714179,severe_03__rho_0.500,cpsat,0.0168006876483559,OPTIMAL,severe_03,severe,True,,0.5,15,15,0,0,True
0.0,0,0.0,0.5,,,45,539.3780822790031,0.9982920456016688,1.0,0.3438908939309115,0.8520825777459807,30,,45,11,538.4568491110113,15,0.9982920456016688,18.00478353399012,15,0.0333806361910657,0.0009363573044538,severe_03__rho_0.500,easy,0.0009078281000256,,severe_03,severe,True,,0.5,15,15,0,0,True
0.0,0,0.0,0.5,,,45,537.9620612020117,0.99994174757988,1.0,0.3448383625904153,0.8520825777459807,30,,45,13,537.930723610014,13,0.99994174757988,18.5991453519855,17,0.0345733401913658,0.0003147227689623,severe_03__rho_0.500,heft,0.0002945130690932,,severe_03,severe,True,,0.5,15,15,0,0,True
0.0,0,0.0,0.5,31.0,,45,536.7880297789816,1.0,1.0,0.3458223489864753,0.8520825777459807,30,24.0,45,12,536.7880297789816,13,1.0,20.111862318986823,17,0.0374670469594259,7.671638051979244,severe_03__rho_0.500,replica,7.671566471457481,,severe_03,severe,True,7.597874561324716,0.5,15,15,0,0,True
0.0,0,0.0,0.5,,,45,285.139,0.9999018022788884,0.8835249042145591,0.666451566896613,0.7280834502876357,30,,45,8,285.111,6,0.9999018022788884,284.983,24,0.9994528984109504,0.0272207930684089,severe_04__rho_0.500,cpsat,0.0270501710474491,OPTIMAL,severe_04,severe,True,,0.5,15,15,0,0,True
0.0,0,0.0,0.5,,,45,301.08597526097947,1.0,0.8835249042145591,0.6322428905165428,0.7280834502876357,30,,45,2,269.9924266180024,3,0.8967286715496282,301.08597526097947,27,1.0,0.0011695204302668,severe_04__rho_0.500,easy,0.0011499896645545,,severe_04,severe,True,,0.5,15,15,0,0,True
0.0,0,0.0,0.5,,,45,293.19322325297617,0.9969154268507248,0.8835249042145591,0.647190739214157,0.7280834502876357,30,,45,12,276.96696936004446,10,0.9446567907917462,292.2888473089806,20,0.9969154268507248,0.0003999331966042,severe_04__rho_0.500,heft,0.0003816029056906,,severe_04,severe,True,,0.5,15,15,0,0,True
0.0,0,0.0,0.5,31.0,,45,285.6882433239807,0.9999019055748588,0.8835249042145591,0.6653530553644853,0.7280834502876357,30,29.0,45,10,285.6602188999823,6,0.9999019055748588,284.590417831987,24,0.996157260518597,9.198722933419049,severe_04__rho_0.500,replica,9.19865681231022,,severe_04,severe,True,9.08500179834664,0.5,15,15,0,0,True
0.0,0,0.0,0.5,,,45,299.023,0.9945556027462772,0.8435960591133006,0.6497237113310124,0.7653561744931117,30,,45,7,285.45199999999994,20,0.95461553124676,297.39500000000004,10,0.9945556027462772,0.1471294565126299,severe_05__rho_0.500,cpsat,0.146861364133656,OPTIMAL,severe_05,severe,True,,0.5,15,15,0,0,True
0.0,0,0.0,0.5,,,45,329.7616247950064,0.902256212307754,0.8435960591133006,0.5891457853485494,0.7653561744931117,30,,45,10,285.30353970100987,17,0.865181143737894,297.5294745519932,13,0.902256212307754,0.0013789618387818,severe_05__rho_0.500,easy,0.001349551603198,,severe_05,severe,True,,0.5,15,15,0,0,True
0.0,0,0.0,0.5,,,45,466.5556621699907,0.9977626112003072,0.8435960591133006,0.4091891296872571,0.7653561744931117,30,,45,11,465.5117957570183,11,0.9977626112003072,107.21672030498304,19,0.2298047778614641,0.0002846121788024,severe_05__rho_0.500,heft,0.0002678018063306,,severe_05,severe,True,,0.5,15,15,0,0,True
0.0,0,0.0,0.5,31.0,,45,308.9064096549919,0.9629372062244128,0.8435960591133006,0.6289272042287789,0.7653561744931117,30,27.0,45,9,285.3814586799999,18,0.923844406461924,297.45747509799185,12,0.9629372062244128,8.597352447919548,severe_05__rho_0.500,replica,8.597290077246726,,severe_05,severe,True,8.544980107806623,0.5,15,15,0,0,True
0.0,0,0.0,0.5,,,45,527.347,0.9999412151771035,0.9245484400656816,0.3486970312400247,0.8726895497840589,30,,45,11,527.316,15,0.9999412151771035,24.33699999999993,15,0.0461498785429706,0.0188799342140555,severe_06__rho_0.500,cpsat,0.018704024143517,OPTIMAL,severe_06,severe,True,,0.5,15,15,0,0,True
0.0,0,0.0,0.5,,,45,539.6135925579765,0.978117506454901,0.9245484400656816,0.3407255077744656,0.8726895497840589,30,,45,10,527.8055016019789,16,0.978117506454901,23.77484437698149,14,0.0440590168684957,0.0009882375597953,severe_06__rho_0.500,easy,0.0009677782654762,,severe_06,severe,True,,0.5,15,15,0,0,True
0.0,0,0.0,0.5,,,45,530.808785340967,0.9999751559425302,0.9245484400656816,0.3460219888203499,0.8726895497840589,30,,45,6,530.7955978969985,23,0.9999751559425302,20.218936863988347,7,0.0380908105185196,0.000320772640407,severe_06__rho_0.500,heft,0.0002999436110258,,severe_06,severe,True,,0.5,15,15,0,0,True
0.0,0,0.0,0.5,31.0,,45,527.385390577987,0.9999405793323866,0.9245484400656816,0.3486738556835261,0.8726895497840589,30,28.0,45,9,527.3540529859893,16,0.9999405793323866,24.30243970597803,14,0.0460809877181918,8.894430057145655,severe_06__rho_0.500,replica,8.894354427233338,,severe_06,severe,True,8.813955656252801,0.5,15,15,0,0,True
0.0,0,0.0,0.5,,,45,551.606,0.9999492391308288,0.8281399922042719,0.336095570630728,0.8182969778627295,30,,45,15,551.578,15,0.9999492391308288,4.599000000000103,15,0.0083374727613552,0.0180536890402436,severe_07__rho_0.500,cpsat,0.0178796956315636,OPTIMAL,severe_07,severe,True,,0.5,15,15,0,0,True
0.0,0,0.0,0.5,,,45,553.8427356500142,0.9997476958295112,0.8281399922042719,0.3344292038917586,0.8182969778627295,30,,45,14,553.7029988180147,17,0.9997476958295112,1.96055667598921,13,0.0035399158457647,0.0009658765047788,severe_07__rho_0.500,easy,0.0009462274610996,,severe_07,severe,True,,0.5,15,15,0,0,True
0.0,0,0.0,0.5,,,45,553.2427948560253,0.9999433565293772,0.8281399922042719,0.3348351741719699,0.8182969778627295,30,,45,15,553.2114572640276,16,0.9999433565293772,2.523985460986296,14,0.0045621659865324,0.0004074126482009,severe_07__rho_0.500,heft,0.0003883130848407,,severe_07,severe,True,,0.5,15,15,0,0,True
0.0,0,0.0,0.5,31.0,,45,551.6052463030064,0.999949194783432,0.8281399922042719,0.3360962432341061,0.8182969778627295,30,23.0,45,15,551.577221879008,15,0.999949194783432,4.6001312129847065,15,0.0083395349188861,7.313177604228258,severe_07__rho_0.500,replica,7.313110402785242,,severe_07,severe,True,7.173757208511233,0.5,15,15,0,0,True
0.0,0,0.0,0.5,,,45,281.602,1.0,0.9448324696846762,0.666641808888668,0.4714938403514254,30,,45,10,281.602,7,1.0,281.581,23,0.999925426666004,0.0357319638133049,severe_08__rho_0.500,cpsat,0.0355341611430048,OPTIMAL,severe_08,severe,True,,0.5,15,15,0,0,True
0.0,0,0.0,0.5,,,45,301.83500847901814,0.9709548029262306,0.9448324696846762,0.6308599478531692,0.4714938403514254,30,,45,3,278.17870195402065,3,0.9216250406332772,293.0681511739822,27,0.9709548029262306,0.0010205386206507,severe_08__rho_0.500,easy,0.0009952280670404,,severe_08,severe,True,,0.5,15,15,0,0,True
0.0,0,0.0,0.5,,,45,298.7686315519859,1.0,0.9448324696846762,0.6368565543732282,0.4714938403514254,30,,45,11,272.0496521830209,9,0.9105696631196846,298.7686315519859,21,1.0,0.0004087835550308,severe_08__rho_0.500,heft,0.0003882329910993,,severe_08,severe,True,,0.5,15,15,0,0,True
0.0,0,0.0,0.5,31.0,,45,284.9153275819808,0.99999597512356,0.9448324696846762,0.6598421942283282,0.4714938403514254,30,26.0,45,10,279.0832839299401,9,0.979530607561425,284.9141808329914,21,0.99999597512356,8.283946183510125,severe_08__rho_0.500,replica,8.283845372498035,,severe_08,severe,True,8.19132349267602,0.5,15,15,0,0,True
0.0,0,0.0,0.5,,,45,376.343,1.0000000000000002,0.866861726397327,0.5124970217771202,0.8824996828717292,30,,45,15,202.2810000000001,15,0.5374910653313602,376.3430000000001,15,1.0000000000000002,0.0128246853128075,severe_09__rho_0.500,cpsat,0.0126482248306274,OPTIMAL,severe_09,severe,True,,0.5,15,15,0,0,True
0.0,0,0.0,0.5,,,45,380.9073946059834,1.0,0.866861726397327,0.5067490918118238,0.8824996828717292,30,,45,1,198.1660342369869,1,0.5202472754354714,380.9073946059834,29,1.0,0.0009666178375482,severe_09__rho_0.500,easy,0.000947437249124,,severe_09,severe,True,,0.5,15,15,0,0,True
0.0,0,0.0,0.5,,,45,376.3436631789991,1.0,0.866861726397327,0.5124952134292423,0.8824996828717292,30,,45,15,202.27931477199309,15,0.5374856402877272,376.3436631789991,15,1.0,0.0004206327721476,severe_09__rho_0.500,heft,0.0004025232046842,,severe_09,severe,True,,0.5,15,15,0,0,True
0.0,0,0.0,0.5,31.0,,45,376.3436631789991,1.0,0.866861726397327,0.5124952134292423,0.8824996828717292,30,20.0,45,15,202.27931477199309,15,0.5374856402877272,376.3436631789991,15,1.0,6.471050656400621,severe_09__rho_0.500,replica,6.470976455137134,,severe_09,severe,True,6.305737042799592,0.5,15,15,0,0,True
337.279,1,0.9332516145455751,0.5,,,45,361.402,0.9844549836470192,0.8187037585924384,0.6392355327308649,0.827695675971538,30,,45,1,355.784,29,0.9844549836470192,0.0,0,0.0,0.0151032833382487,severe_10__rho_0.500,cpsat,0.0147291012108325,OPTIMAL,severe_10,severe,True,,0.5,15,15,0,0,True
497.4451773427427,3,0.9537507341781668,0.5,,,45,521.5672811737168,0.9537507341781668,0.8187037585924384,0.4952993388521367,0.827695675971538,30,,45,3,277.55061125400243,27,0.5321472823782433,0.0,0,0.0,0.001034028828144,severe_10__rho_0.500,easy,0.0010071685537695,,severe_10,severe,True,,0.5,15,15,0,0,True
234.9326453981921,11,0.5536582147916252,0.5,,,45,424.3279321460286,1.0,0.8187037585924384,0.5178860715972085,0.827695675971538,30,,45,11,424.3279321460286,19,1.0,0.0,0,0.0,0.0004355432465672,severe_10__rho_0.500,heft,0.0004119537770748,,severe_10,severe,True,,0.5,15,15,0,0,True
337.27892456389964,1,0.9332539148045318,0.5,31.0,,45,361.4010283948737,0.9844500575363112,0.8187037585924384,0.6392346574469477,0.827695675971538,30,29.0,45,1,355.7812631970155,29,0.9844500575363112,0.0,0,0.0,9.132440996356308,severe_10__rho_0.500,replica,9.132358425296845,,severe_10,severe,True,9.037537856027484,0.5,15,15,0,0,True
0.0,0,0.0,0.5,,,45,428.999,1.0,0.9145894701389408,0.4472994109543378,0.7933110409476357,30,,45,15,428.999,15,1.0,146.67399999999998,15,0.3418982328630136,0.0136484820395708,severe_11__rho_0.500,cpsat,0.0134672606363892,OPTIMAL,severe_11,severe,True,,0.5,15,15,0,0,True
0.0,0,0.0,0.5,,,45,523.1770872729903,0.97600585382777,0.9145894701389408,0.3562485540198716,0.7933110409476357,30,,45,12,510.6238997670007,20,0.97600585382777,48.51934274499217,10,0.0927398082318446,0.0010203383862972,severe_11__rho_0.500,easy,0.0010008476674556,,severe_11,severe,True,,0.5,15,15,0,0,True
0.0,0,0.0,0.5,,,45,430.7531063709466,0.9999299955878388,0.9145894701389408,0.444949396798842,0.7933110409476357,30,,45,15,430.7229517529486,16,0.9999299955878388,144.26705279399175,14,0.3349181948086869,0.0003934632986783,severe_11__rho_0.500,heft,0.0003749029710888,,severe_11,severe,True,,0.5,15,15,0,0,True
0.0,0,0.0,0.5,31.0,,45,429.4932268679804,0.9991205718288416,0.9145894701389408,0.4467908107600961,0.7933110409476357,30,24.0,45,12,429.115518424951,18,0.9991205718288416,146.56536271999357,12,0.3412518604514467,7.58102504722774,severe_11__rho_0.500,replica,7.580954976379871,,severe_11,severe,True,7.415901564061642,0.5,15,15,0,0,True
337.279,1,0.9332516145455751,0.5,,,45,361.402,0.9844549836470192,0.8643556570823129,0.6392355327308649,0.8260650938050728,30,,45,1,355.784,29,0.9844549836470192,0.0,0,0.0,0.0166727667674422,severe_12__rho_0.500,cpsat,0.0164969759061932,OPTIMAL,severe_12,severe,True,,0.5,15,15,0,0,True
501.0388988731429,4,0.9540672218486016,0.5,,,45,525.161002704117,0.9540672218486016,0.8643556570823129,0.4930949980964431,0.8260650938050728,30,,45,3,275.8238920129952,26,0.5252177724407275,0.0,0,0.0,0.0010131085291504,severe_12__rho_0.500,easy,0.0009929677471518,,severe_12,severe,True,,0.5,15,15,0,0,True
232.2059346474707,13,0.5380769617217025,0.5,,,45,431.54781038101646,1.0,0.8643556570823129,0.5126923205739008,0.8260650938050728,30,,45,10,431.54781038101646,17,1.0,0.0,0,0.0,0.0004174737259745,severe_12__rho_0.500,heft,0.0003957636654376,,severe_12,severe,True,,0.5,15,15,0,0,True
337.27892456389964,1,0.9332539148045318,0.5,31.0,,45,361.4010283948737,0.9844500575363112,0.8643556570823129,0.6392346574469477,0.8260650938050728,30,29.0,45,1,355.7812631970155,29,0.9844500575363112,0.0,0,0.0,9.149974671192467,severe_12__rho_0.500,replica,9.149899530224502,,severe_12,severe,True,9.055286922492089,0.5,15,15,0,0,True
0.0,0,0.0,0.5,,,45,349.132,1.0,0.9208000797187232,0.5576926014611474,0.811530450970551,30,,45,12,234.993,17,0.6730778043834422,349.132,13,1.0,0.0231549711897969,severe_13__rho_0.500,cpsat,0.022540115751326,OPTIMAL,severe_13,severe,True,,0.5,15,15,0,0,True
0.0,0,0.0,0.5,,,45,355.9735223329917,1.0,0.9208000797187232,0.5486385564184976,0.811530450970551,30,,45,5,229.92887591494943,10,0.6459156692554928,355.9735223329917,20,1.0,0.0010401988402009,severe_13__rho_0.500,easy,0.0010149795562028,,severe_13,severe,True,,0.5,15,15,0,0,True
0.0,0,0.0,0.5,,,45,353.0379144269791,0.9975496468972762,0.9208000797187232,0.552227848924092,0.811530450970551,30,,45,12,232.6992573399912,13,0.6591338998749997,352.17284687798383,17,0.9975496468972762,0.0003011915832757,severe_13__rho_0.500,heft,0.000280181877315,,severe_13,severe,True,,0.5,15,15,0,0,True
0.0,0,0.0,0.5,31.0,,45,349.1609900329895,1.0,0.9208000797187232,0.5576424463528731,0.811530450970551,30,26.0,45,13,234.95997592597269,16,0.6729273390586192,349.1609900329895,14,1.0,8.199078830890357,severe_13__rho_0.500,replica,8.199008679948747,,severe_13,severe,True,8.049779235385358,0.5,15,15,0,0,True
364.906,7,0.999457688768132,0.5,,,45,365.104,1.0,0.9870579990161544,0.6664858962560439,0.7549930434609144,30,,45,8,0.0,0,0.0,365.104,23,1.0,0.151727320626378,severe_14__rho_0.500,cpsat,0.1511488752439618,OPTIMAL,severe_14,severe,True,,0.5,15,15,0,0,True
375.2503905845806,2,0.9694843235173812,0.5,,,45,387.06184461357407,0.9694843235173812,0.9870579990161544,0.6319174662489498,0.7549930434609144,30,,45,2,0.0,0,0.0,358.5230298049828,28,0.9262680752294684,0.0010141981765627,severe_14__rho_0.500,easy,0.0009935777634382,,severe_14,severe,True,,0.5,15,15,0,0,True
198.86061650142076,9,0.4100962734326325,0.5,,,45,484.9120301359872,1.0,0.9870579990161544,0.4700320911442108,0.7549930434609144,30,,45,8,0.0,0,0.0,484.9120301359872,21,1.0,0.0004392825067043,severe_14__rho_0.500,heft,0.000419944524765,,severe_14,severe,True,,0.5,15,15,0,0,True
364.0485105281696,5,0.995517603227078,0.5,31.0,,45,365.6876677499895,1.0,0.9870579990161544,0.665172534409026,0.7549930434609144,30,29.0,45,3,0.0,0,0.0,365.6876677499895,25,1.0,9.126946396194398,severe_14__rho_0.500,replica,9.126880135387182,,severe_14,severe,True,9.01776679046452,0.5,15,15,0,0,True
0.0,0,0.0,0.5,,,45,582.403,1.0,0.9008253566234474,0.34224297150484,1.0,30,,45,12,15.567000000000007,15,0.02672891451452,582.403,15,1.0,0.0134986815974116,severe_15__rho_0.500,cpsat,0.0133349299430847,OPTIMAL,severe_15,severe,True,,0.5,15,15,0,0,True
0.0,0,0.0,0.5,,,45,594.6164548429879,1.0,0.9008253566234474,0.3351154321238686,1.0,30,,45,2,3.178995795024093,2,0.0053462963716056,594.6164548429879,28,1.0,0.0011527482420206,severe_15__rho_0.500,easy,0.0011340985074639,,severe_15,severe,True,,0.5,15,15,0,0,True
0.0,0,0.0,0.5,,,45,582.4041591329988,1.0,0.9008253566234474,0.3422423713738551,1.0,30,,45,12,15.565982426021948,15,0.0267271141215653,582.4041591329988,15,1.0,0.0004134634509682,severe_15__rho_0.500,heft,0.000395462848246,,severe_15,severe,True,,0.5,15,15,0,0,True
0.0,0,0.0,0.5,31.0,,45,582.4041591329988,1.0,0.9008253566234474,0.3422423713738551,1.0,30,22.0,45,12,15.565982426021948,15,0.0267271141215653,582.4041591329988,15,1.0,7.043973443098366,severe_15__rho_0.500,replica,7.043883522041142,,severe_15,severe,True,6.983830967918038,0.5,15,15,0,0,True
0.0,0,0.0,0.5,,,45,296.966,1.0,0.9753693202959464,0.6361603685270367,0.7201625695056736,30,,45,17,296.966,13,1.0,269.788,17,0.9084811055811104,0.0238559171557426,severe_16__rho_0.500,cpsat,0.0236810855567455,OPTIMAL,severe_16,severe,True,,0.5,15,15,0,0,True
0.0,0,0.0,0.5,,,45,311.6964582849941,0.9997786892338206,0.9753693202959464,0.6047449430656776,0.7201625695056736,30,,45,9,311.6274765029957,20,0.9997786892338206,253.8630942550008,10,0.8144561399632123,0.000997838564217,severe_16__rho_0.500,easy,0.0009787175804376,,severe_16,severe,True,,0.5,15,15,0,0,True
0.0,0,0.0,0.5,,,45,431.7387625219672,0.999911870899018,0.9753693202959464,0.4399328235709571,0.7201625695056736,30,,45,17,431.700713772967,15,0.999911870899018,138.10744475099273,15,0.3198865998138532,0.000414453446865,severe_16__rho_0.500,heft,0.0003951424732804,,severe_16,severe,True,,0.5,15,15,0,0,True
0.0,0,0.0,0.5,31.0,,45,297.0860545709438,0.9997027563608036,0.9753693202959464,0.635907950293442,0.7201625695056736,30,22.0,45,16,296.99774763092864,14,0.9997027563608036,269.760404437995,16,0.9080210945195226,7.129913014359772,severe_16__rho_0.500,replica,7.129824202507734,,severe_16,severe,True,6.969119790941477,0.5,15,15,0,0,True
338.952,1,0.9395107754140392,0.5,,,45,360.775,0.9911052595107754,0.898248494800219,0.6435386783082716,0.8355252236188273,30,,45,1,357.566,29,0.9911052595107754,0.0,0,0.0,0.0135577321052551,severe_17__rho_0.500,cpsat,0.0131531972438097,OPTIMAL,severe_17,severe,True,,0.5,15,15,0,0,True
348.56279270071536,2,0.9410822519571124,0.5,,,45,370.3850454897329,0.9410822519571124,0.898248494800219,0.6265898122615846,0.8355252236188273,30,,45,2,347.6756956530153,28,0.9386871848276416,0.0,0,0.0,0.0010151583701372,severe_17__rho_0.500,easy,0.0009896187111735,,severe_17,severe,True,,0.5,15,15,0,0,True
19.023323316127065,8,0.0351120092320675,0.5,,,45,541.7896535169857,1.0,0.898248494800219,0.3450373364106892,0.8355252236188273,30,,45,4,541.7896535169857,22,1.0,0.0,0,0.0,0.0003093229606747,severe_17__rho_0.500,heft,0.0002881726250052,,severe_17,severe,True,,0.5,15,15,0,0,True
338.9518655659631,1,0.9395126987253956,0.5,31.0,,45,360.7741183549806,0.991100139337642,0.898248494800219,0.6435376126876792,0.8355252236188273,30,29.0,45,1,357.5632789710362,29,0.991100139337642,0.0,0,0.0,9.243432527408004,severe_17__rho_0.500,replica,9.243361576460302,,severe_17,severe,True,9.147132554091511,0.5,15,15,0,0,True
0.0,0,0.0,0.5,,,45,485.808,1.0,0.8911262396088062,0.3783078911833482,0.7495718342155598,30,,45,8,485.808,15,1.0,65.547,15,0.1349236735500444,0.0150853255763649,severe_18__rho_0.500,cpsat,0.0149112828075885,OPTIMAL,severe_18,severe,True,,0.5,15,15,0,0,True
0.0,0,0.0,0.5,,,45,511.3177028689825,0.976977735947833,0.8911262396088062,0.3584865887578297,0.7495718342155598,30,,45,6,499.5460116989853,19,0.976977735947833,50.35560551998788,11,0.0984820303256559,0.0010393289849162,severe_18__rho_0.500,easy,0.0010199584066867,,severe_18,severe,True,,0.5,15,15,0,0,True
0.0,0,0.0,0.5,,,45,490.4455152229639,0.9952626774924151,0.8911262396088062,0.3742247737682822,0.7495718342155598,30,,45,6,488.1221166449541,20,0.9952626774924151,62.48846929499268,10,0.1274116438124314,0.0004102634266018,severe_18__rho_0.500,heft,0.0003927927464246,,severe_18,severe,True,,0.5,15,15,0,0,True
0.0,0,0.0,0.5,31.0,,45,485.8059322009504,1.0,0.8911262396088062,0.3783085707434785,0.7495718342155598,30,26.0,45,8,485.8059322009504,15,1.0,65.54771140798402,15,0.1349257122304357,8.297664063982666,severe_18__rho_0.500,replica,8.297594823874533,,severe_18,severe,True,8.201795506291091,0.5,15,15,0,0,True
0.0,0,0.0,0.5,,,45,519.523,1.0,0.925731574183588,0.3564462016118632,0.9257252326217844,30,,45,16,519.523,15,1.0,36.02300000000007,15,0.0693386048355896,0.0244940621778368,severe_19__rho_0.500,cpsat,0.0243227509781718,OPTIMAL,severe_19,severe,True,,0.5,15,15,0,0,True
0.0,0,0.0,0.5,,,45,523.6648728479886,0.9997331559949028,0.925731574183588,0.3529687525441141,0.9257252326217844,30,,45,11,523.5251360159891,18,0.9997331559949028,30.986874744990928,12,0.0591731016374396,0.0010046986863017,severe_19__rho_0.500,easy,0.0009853672236204,,severe_19,severe,True,,0.5,15,15,0,0,True
0.0,0,0.0,0.5,,,45,521.7650859580026,1.0,0.925731574183588,0.3545279822093858,0.9257252326217844,30,,45,14,521.7650859580026,16,1.0,33.17588337798952,14,0.0635839466281572,0.00042484421283,severe_19__rho_0.500,heft,0.0004063127562403,,severe_19,severe,True,,0.5,15,15,0,0,True
0.0,0,0.0,0.5,31.0,,45,519.522490000003,1.0,0.925731574183588,0.3564469239775603,0.9257252326217844,30,23.0,45,16,519.522490000003,15,1.0,36.02409049298876,15,0.069340771932681,7.510146515443921,severe_19__rho_0.500,replica,7.509974564425647,,severe_19,severe,True,7.39245081692934,0.5,15,15,0,0,True
0.0,0,0.0,0.5,,,45,300.238,1.0,0.9756431308155444,0.6361175689508546,0.8460845367775639,30,,45,8,300.238,9,1.0,272.72200000000004,21,0.9083527068525638,0.0156499091535806,severe_20__rho_0.500,cpsat,0.0154755376279354,OPTIMAL,severe_20,severe,True,,0.5,15,15,0,0,True
0.0,0,0.0,0.5,,,45,325.8441119650124,0.961144473411995,0.9756431308155444,0.5848150568805117,0.8460845367775639,30,,45,5,313.183267409011,14,0.961144473411995,258.49236120998467,16,0.7933006972295401,0.0009079473093152,severe_20__rho_0.500,easy,0.0008884668350219,,severe_20,severe,True,,0.5,15,15,0,0,True
0.0,0,0.0,0.5,,,45,500.76380434497696,0.9983538244999612,0.9756431308155444,0.3684207346188656,0.8460845367775639,30,,45,7,499.9394592389581,12,0.9983538244999612,53.53584676298488,18,0.1069083793566356,0.0003059227019548,severe_20__rho_0.500,heft,0.0002856524661183,,severe_20,severe,True,,0.5,15,15,0,0,True
0.0,0,0.0,0.5,31.0,,45,301.73333206397365,1.0,0.9756431308155444,0.6325786266204912,0.8460845367775639,30,27.0,45,8,301.73333206397365,10,1.0,270.8768383439856,20,0.8977358798614736,8.579133291728795,severe_20__rho_0.500,replica,8.579063042066991,,severe_20,severe,True,8.461698940955102,0.5,15,15,0,0,True
36.03700000000002,6,0.0631035744741952,0.4,,,36,571.077,1.0,0.9214117553105038,0.3543678581580651,0.7469211822660099,30,,54,10,0.0,0,0.0,571.077,24,1.0,0.0127008724957704,high_01__rho_0.400,cpsat,0.0125396195799112,OPTIMAL,high_01,high,True,,0.4,24,6,0,0,True
9.610927134752274,1,0.0163501834985074,0.4,,,36,587.8176924209838,1.0,0.9214117553105038,0.3387833944995024,0.7469211822660099,30,,54,1,0.0,0,0.0,587.8176924209838,29,1.0,0.0009083775803446,high_01__rho_0.400,easy,0.0008889269083738,,high_01,high,True,,0.4,24,6,0,0,True
32.89059682097286,5,0.0573852796958765,0.4,,,36,573.1538993149879,1.0,0.9214117553105038,0.3524617598986255,0.7469211822660099,30,,54,8,0.0,0,0.0,573.1538993149879,25,1.0,0.0002738526090979,high_01__rho_0.400,heft,0.0002557821571826,,high_01,high,True,,0.4,24,6,0,0,True
36.03708526678383,6,0.0631036405147043,0.4,31.0,,36,571.0777535629895,1.0,0.9214117553105038,0.3543678801715681,0.7469211822660099,30,24.0,54,10,0.0,0,0.0,571.0777535629895,24,1.0,7.773709910921752,high_01__rho_0.400,replica,7.773627799004316,,high_01,high,True,7.656543063931167,0.4,24,6,0,0,True
349.112,2,0.9697393932323352,0.4,,,36,360.006,0.9697393932323352,0.9177567722881952,0.6442013003486978,0.736460376149756,30,,54,3,346.63699999999994,28,0.9628645078137584,0.0,0,0.0,0.0110659981146454,high_02__rho_0.400,cpsat,0.0109044983983039,OPTIMAL,high_02,high,True,,0.4,24,6,0,0,True
349.1122850757092,2,0.969740886463714,0.4,,,36,360.00573962472845,0.969740886463714,0.9177567722881952,0.6441996976048183,0.736460376149756,30,,54,3,346.6344807310379,28,0.9628582063507408,0.0,0,0.0,0.0008528875187039,high_02__rho_0.400,easy,0.0008339965716004,,high_02,high,True,,0.4,24,6,0,0,True
31.533259784802794,3,0.0593572802965661,0.4,,,36,531.245023816009,1.0,0.9177567722881952,0.3531190934321886,0.736460376149756,30,,54,6,531.245023816009,27,1.0,0.0,0,0.0,0.0004304526373744,high_02__rho_0.400,heft,0.0004024431109428,,high_02,high,True,,0.4,24,6,0,0,True
349.1122850757092,2,0.969740886463714,0.4,31.0,,36,360.00573962472845,0.969740886463714,0.9177567722881952,0.6441996976048183,0.736460376149756,30,29.0,54,3,346.6344807310379,28,0.9628582063507408,0.0,0,0.0,9.163905310444534,high_02__rho_0.400,replica,9.163830620236697,,high_02,high,True,9.119018560275435,0.4,24,6,0,0,True
356.896,5,0.951534897113636,0.4,,,36,375.074,1.0,0.8428668431541327,0.650511632371212,0.6807139247246559,30,,54,7,0.0,0,0.0,375.074,25,1.0,0.0176205616444349,high_03__rho_0.400,cpsat,0.0174614507704973,OPTIMAL,high_03,high,True,,0.4,24,6,0,0,True
487.8342502079904,2,0.953750257529492,0.4,,,36,511.4905567329879,0.953750257529492,0.8428668431541327,0.5156805935618027,0.6807139247246559,30,,54,2,0.0,0,0.0,303.463011483982,28,0.5932915231559163,0.0010210676118731,high_03__rho_0.400,easy,0.0010010283440351,,high_03,high,True,,0.4,24,6,0,0,True
150.69435483030975,3,0.2928122645496535,0.4,,,36,514.6449554019819,1.0,0.8428668431541327,0.4309374215165512,0.6807139247246559,30,,54,3,0.0,0,0.0,514.6449554019819,27,1.0,0.0002663917839527,high_03__rho_0.400,heft,0.0002491623163223,,high_03,high,True,,0.4,24,6,0,0,True
356.75730185583234,3,0.9509763764930484,0.4,31.0,,36,375.1484376209846,1.0,0.8428668431541327,0.6503254588310161,0.6807139247246559,30,28.0,54,5,0.0,0,0.0,375.1484376209846,27,1.0,8.804176341742277,high_03__rho_0.400,replica,8.804108551703393,,high_03,high,True,8.724897132255137,0.4,24,6,0,0,True
0.4259999999999309,6,0.0007123876860609,0.4,,,36,597.989,1.0,0.8677760091882567,0.3335707958953537,0.8083949096880132,30,,54,10,0.0,0,0.0,597.989,24,1.0,0.014257495291531,high_04__rho_0.400,cpsat,0.0140734426677227,OPTIMAL,high_04,high,True,,0.4,24,6,0,0,True
0.0,0,0.0,0.4,,,36,598.2125527309836,1.0,0.8677760091882567,0.3333333333333333,0.8083949096880132,30,,54,0,0.0,0,0.0,598.2125527309836,30,1.0,0.0009004874154925,high_04__rho_0.400,easy,0.0008784672245383,,high_04,high,True,,0.4,24,6,0,0,True
0.3033453309908509,4,0.0005072195119136,0.4,,,36,598.0553268669864,1.0,0.8677760091882567,0.3335024065039713,0.8083949096880132,30,,54,6,0.0,0,0.0,598.0553268669864,26,1.0,0.0003589633852243,high_04__rho_0.400,heft,0.000334302894771,,high_04,high,True,,0.4,24,6,0,0,True
0.4253873582929373,6,0.0007113627797304,0.4,31.0,,36,597.9893387929878,1.0,0.8677760091882567,0.3335704542599101,0.8083949096880132,30,25.0,54,10,0.0,0,0.0,597.9893387929878,24,1.0,7.999472231604159,high_04__rho_0.400,replica,7.999392339959741,,high_04,high,True,7.899891203269362,0.4,24,6,0,0,True
0.0,0,0.0,0.4,,,36,523.15,1.0,0.8783507162536381,0.35716524897257,0.7511847036160932,30,,54,5,523.15,24,1.0,37.403000000000006,6,0.07149574691771,0.0122089982032775,high_05__rho_0.400,cpsat,0.0120235560461878,OPTIMAL,high_05,high,True,,0.4,24,6,0,0,True
0.0,0,0.0,0.4,,,36,536.4871783350245,1.0,0.8783507162536381,0.3472777221117382,0.7511847036160932,30,,54,4,536.4871783350245,27,1.0,22.442957367999043,3,0.0418331663352146,0.0008703973144292,high_05__rho_0.400,easy,0.0008512968197464,,high_05,high,True,,0.4,24,6,0,0,True
0.0,0,0.0,0.4,,,36,524.8728757759964,1.0,0.8783507162536381,0.3555580727792171,0.7511847036160932,30,,54,5,524.8728757759964,25,1.0,34.995488718999695,5,0.0666742183376512,0.0003355732187628,high_05__rho_0.400,heft,0.0003133714199066,,high_05,high,True,,0.4,24,6,0,0,True
0.0,0,0.0,0.4,31.0,,36,523.1476332739985,1.0,0.8783507162536381,0.3571650731604017,0.7511847036160932,30,27.0,54,5,523.1476332739985,24,1.0,37.40255486199749,6,0.071495219481205,8.654664017260075,high_05__rho_0.400,replica,8.654594557359815,,high_05,high,True,8.484355128370225,0.4,24,6,0,0,True
0.0,0,0.0,0.4,,,36,340.18,0.9999059321535658,0.8101248626775548,0.5708869814020029,0.6959050241581163,30,,54,6,242.465,20,0.7127550120524427,340.148,10,0.9999059321535658,0.0116522852331399,high_06__rho_0.400,cpsat,0.0114815821871161,OPTIMAL,high_06,high,True,,0.4,24,6,0,0,True
0.0,0,0.0,0.4,,,36,362.684900272976,0.9496377518219516,0.8101248626775548,0.5362615429663189,0.6959050241581163,30,,54,7,239.06261937791717,17,0.6591468770770051,344.41927331499755,13,0.9496377518219516,0.0008976468816399,high_06__rho_0.400,easy,0.0008782474324107,,high_06,high,True,,0.4,24,6,0,0,True
0.0,0,0.0,0.4,,,36,438.9705268959588,0.9999942114518328,0.8101248626775548,0.434479384309194,0.6959050241581163,30,,54,6,438.96798589391983,17,0.9999942114518328,133.2029468729961,13,0.3034439414757492,0.0004085935652256,high_06__rho_0.400,heft,0.0003813235089182,,high_06,high,True,,0.4,24,6,0,0,True
0.0,0,0.0,0.4,31.0,,36,340.1811365179856,0.9999056979398796,0.8101248626775548,0.5708835470199053,0.6959050241581163,30,26.0,54,6,242.46238479795284,20,0.7127449431198362,340.1490567359979,10,0.9999056979398796,8.319641041569412,high_06__rho_0.400,replica,8.319573402404785,,high_06,high,True,8.227459759451449,0.4,24,6,0,0,True
0.0,0,0.0,0.4,,,36,347.985,1.0,0.7887447354306865,0.5511444458812879,0.7479459862236377,30,,54,7,227.38499999999996,6,0.6534333376438638,347.985,24,1.0,0.0137917110696434,high_07__rho_0.400,cpsat,0.0135539202019572,OPTIMAL,high_07,high,True,,0.4,24,6,0,0,True
0.0,0,0.0,0.4,,,36,370.5125342959837,1.0,0.7887447354306865,0.5205097428533095,0.7479459862236377,30,,54,2,208.0536175550078,2,0.5615292285599287,370.5125342959837,28,1.0,0.0008544074371457,high_07__rho_0.400,easy,0.0008357772603631,,high_07,high,True,,0.4,24,6,0,0,True
0.0,0,0.0,0.4,,,36,348.0887996189849,1.0,0.7887447354306865,0.5509713701693361,0.7479459862236377,30,,54,5,227.2720889810298,4,0.6529141105080081,348.0887996189849,26,1.0,0.0002773320302367,high_07__rho_0.400,heft,0.0002605020999908,,high_07,high,True,,0.4,24,6,0,0,True
0.0,0,0.0,0.4,31.0,,36,347.98546257298585,1.0,0.7887447354306865,0.5511425650712906,0.7479459862236377,30,28.0,54,7,227.38333877699915,6,0.6534276952138717,347.98546257298585,24,1.0,8.98929829057306,high_07__rho_0.400,replica,8.989214610308409,,high_07,high,True,8.871851339004934,0.4,24,6,0,0,True
0.0,0,0.0,0.4,,,36,577.967,1.0,0.8568848801842281,0.3471911026062041,0.7158336249964576,30,,54,10,24.028000000000013,6,0.0415733078186125,577.967,24,1.0,0.0198123212903738,high_08__rho_0.400,cpsat,0.0196394575759768,OPTIMAL,high_08,high,True,,0.4,24,6,0,0,True
0.0,0,0.0,0.4,,,36,583.8959174449847,1.0,0.8568848801842281,0.3407648221010542,0.7158336249964576,30,,54,5,13.017647856031545,3,0.0222944663031628,583.8959174449847,27,1.0,0.0008550863713026,high_08__rho_0.400,easy,0.0008363770321011,,high_08,high,True,,0.4,24,6,0,0,True
0.0,0,0.0,0.4,,,36,584.6935906939834,0.9985061527526572,0.8568848801842281,0.3403026877642296,0.7158336249964576,30,,54,8,13.098253512056544,5,0.0224019105400317,583.8201477829862,25,0.9985061527526572,0.0002856319770216,high_08__rho_0.400,heft,0.0002582715824246,,high_08,high,True,,0.4,24,6,0,0,True
0.0,0,0.0,0.4,31.0,,36,577.9678977569893,1.0,0.8568848801842281,0.347190534194777,0.7158336249964576,30,25.0,54,10,24.02705175205483,6,0.041571602584331,577.9678977569893,24,1.0,7.927343701012433,high_08__rho_0.400,replica,7.927268791012466,,high_08,high,True,7.775251038372517,0.4,24,6,0,0,True
359.232,4,0.9747594523164756,0.4,,,36,368.534,1.0,0.7957115713450506,0.6582531507721585,0.7685427020083673,30,,54,6,0.0,0,0.0,368.534,26,1.0,0.011947656981647,high_09__rho_0.400,cpsat,0.0116699645295739,OPTIMAL,high_09,high,True,,0.4,24,6,0,0,True
375.2503905845806,2,0.9694843235173812,0.4,,,36,387.06184461357407,0.9694843235173812,0.7957115713450506,0.6319174662489498,0.7685427020083673,30,,54,2,0.0,0,0.0,358.5230298049828,28,0.9262680752294684,0.0008603977039456,high_09__rho_0.400,easy,0.0008403770625591,,high_09,high,True,,0.4,24,6,0,0,True
339.8237965553999,3,0.8935503888313806,0.4,,,36,380.3073680039852,1.0,0.7957115713450506,0.6311834629437936,0.7685427020083673,30,,54,4,0.0,0,0.0,380.3073680039852,27,1.0,0.0003591943532228,high_09__rho_0.400,heft,0.0003366218879818,,high_09,high,True,,0.4,24,6,0,0,True
359.2321446193382,4,0.97475540958592,0.4,31.0,,36,368.535676833988,1.0,0.7957115713450506,0.6582518031953067,0.7685427020083673,30,29.0,54,6,0.0,0,0.0,368.535676833988,26,1.0,9.159535286016762,high_09__rho_0.400,replica,9.159432374872267,,high_09,high,True,9.094510487280786,0.4,24,6,0,0,True
0.0,0,0.0,0.4,,,36,500.03,1.0,0.8397660726980267,0.3876654067422622,0.7977229232255901,30,,54,7,81.50300000000003,6,0.1629962202267864,500.03,24,1.0,0.0119289066642522,high_10__rho_0.400,cpsat,0.0117557263001799,OPTIMAL,high_10,high,True,,0.4,24,6,0,0,True
0.0,0,0.0,0.4,,,36,501.9454901419813,1.0,0.8397660726980267,0.3864147678017162,0.7977229232255901,30,,54,2,79.93195992501569,3,0.1592443034051485,501.9454901419813,27,1.0,0.0009448984637856,high_10__rho_0.400,easy,0.0009261379018425,,high_10,high,True,,0.4,24,6,0,0,True
0.0,0,0.0,0.4,,,36,500.9003062259762,0.9982671678431684,0.8397660726980267,0.3869927161205364,0.7977229232255901,30,,54,7,81.5019799680158,6,0.1627109805184407,500.0323300679811,24,0.9982671678431684,0.0004373230040073,high_10__rho_0.400,heft,0.0004114732146263,,high_10,high,True,,0.4,24,6,0,0,True
0.0,0,0.0,0.4,31.0,,36,500.0323300679811,1.0,0.8397660726980267,0.3876644735864281,0.7977229232255901,30,26.0,54,7,81.5019799680158,6,0.1629934207592843,500.0323300679811,24,1.0,8.388832848519087,high_10__rho_0.400,replica,8.388725218363106,,high_10,high,True,8.24993446096778,0.4,24,6,0,0,True
165.906,6,0.3281855496760793,0.4,,,36,505.525,1.0,0.8801127610913946,0.4427285165586931,0.8159908273468913,30,,54,7,0.0,0,0.0,505.525,24,1.0,0.0147621603682637,high_11__rho_0.400,cpsat,0.0144051974639296,OPTIMAL,high_11,high,True,,0.4,24,6,0,0,True
154.66351481620222,2,0.3018765058808266,0.4,,,36,512.3403504519811,1.0,0.8801127610913946,0.4339588352936088,0.8159908273468913,30,,54,1,0.0,0,0.0,512.3403504519811,28,1.0,0.0013445112854242,high_11__rho_0.400,easy,0.0013166610151529,,high_11,high,True,,0.4,24,6,0,0,True
159.55620139464736,4,0.3131913490443818,0.4,,,36,509.4527734609837,1.0,0.8801127610913946,0.4377304496814606,0.8159908273468913,30,,54,5,0.0,0,0.0,509.4527734609837,26,1.0,0.000286872498691,high_11__rho_0.400,heft,0.0002674926072359,,high_11,high,True,,0.4,24,6,0,0,True
165.9060648046434,6,0.3281851876071426,0.4,31.0,,36,505.52575518198864,1.0,0.8801127610913946,0.4427283958690475,0.8159908273468913,30,26.0,54,7,0.0,0,0.0,505.52575518198864,24,1.0,8.165182161144912,high_11__rho_0.400,replica,8.165095270611346,,high_11,high,True,7.974217337556183,0.4,24,6,0,0,True
0.0,0,0.0,0.4,,,36,545.639,1.0,0.8749188569044584,0.3397973140971717,0.8116461589221544,30,,54,9,545.639,24,1.0,10.581000000000092,6,0.0193919422915152,0.0104769449681043,high_12__rho_0.400,cpsat,0.0102993045002222,OPTIMAL,high_12,high,True,,0.4,24,6,0,0,True
0.0,0,0.0,0.4,,,36,555.5743686309906,0.999910173559443,0.8749188569044584,0.3334148862274619,0.8116461589221544,30,,54,8,555.5244633629918,25,0.999910173559443,0.1858313609955075,5,0.0003344851229429,0.0010555190965533,high_12__rho_0.400,easy,0.0010365694761276,,high_12,high,True,,0.4,24,6,0,0,True
0.0,0,0.0,0.4,,,36,545.6453513269553,0.9999844747472624,0.8749188569044584,0.3397918754146201,0.8116461589221544,30,,54,9,545.6368800449709,24,0.9999844747472624,10.580691670995291,6,0.0193911514965977,0.0003708433359861,high_12__rho_0.400,heft,0.000353243201971,,high_12,high,True,,0.4,24,6,0,0,True
0.0,0,0.0,0.4,31.0,,36,545.6368800449709,1.0,0.8749188569044584,0.3397971508512665,0.8116461589221544,30,25.0,54,9,545.6368800449709,24,1.0,10.580691670995291,6,0.0193914525537995,7.996069075539708,high_12__rho_0.400,replica,7.995992953889072,,high_12,high,True,7.874362614005804,0.4,24,6,0,0,True
0.0,0,0.0,0.4,,,36,553.892,1.0,0.8811055310228084,0.334694007736767,0.8319307608100712,30,,54,10,553.892,24,1.0,2.2609999999999677,6,0.0040820232103008,0.0108965197578072,high_13__rho_0.400,cpsat,0.0107103586196899,OPTIMAL,high_13,high,True,,0.4,24,6,0,0,True
0.0,0,0.0,0.4,,,36,555.5734799980019,0.9999101734157668,0.8811055310228084,0.3334140937072802,0.8319307608100712,30,,54,8,555.523574730003,25,0.9999101734157668,0.184510233997571,5,0.0003321077060737,0.0009298780933022,high_13__rho_0.400,easy,0.0008275564759969,,high_13,high,True,,0.4,24,6,0,0,True
0.0,0,0.0,0.4,,,36,555.5329346449762,0.9999831514670158,0.8811055310228084,0.3334384278039466,0.8319307608100712,30,,54,8,555.523574730003,25,0.9999831514670158,0.184510233997571,5,0.0003321319448242,0.0003790324553847,high_13__rho_0.400,heft,0.0003604022786021,,high_13,high,True,,0.4,24,6,0,0,True
0.0,0,0.0,0.4,31.0,,36,553.8893393449835,1.0,0.8811055310228084,0.3346938072435608,0.8319307608100712,30,26.0,54,10,553.8893393449835,24,1.0,2.2606559859959816,6,0.0040814217306824,8.361383349634707,high_13__rho_0.400,replica,8.361310439184308,,high_13,high,True,8.105299467220902,0.4,24,6,0,0,True
3.0909999999998945,6,0.0051862242073011,0.4,,,36,596.002,1.0,0.7875296313747724,0.335062074735767,0.781917077175698,30,,54,9,0.0,0,0.0,596.002,24,1.0,0.015052973292768,high_14__rho_0.400,cpsat,0.0148487705737352,OPTIMAL,high_14,high,True,,0.4,24,6,0,0,True
0.0,0,0.0,0.4,,,36,598.2125527309836,1.0,0.7875296313747724,0.3333333333333333,0.781917077175698,30,,54,0,0.0,0,0.0,598.2125527309836,30,1.0,0.0009736977517604,high_14__rho_0.400,easy,0.0009459471330046,,high_14,high,True,,0.4,24,6,0,0,True
2.973097533918917,4,0.0049878280147541,0.4,,,36,596.0705792429908,1.0,0.7875296313747724,0.3349959426715847,0.781917077175698,30,,54,6,0.0,0,0.0,596.0705792429908,26,1.0,0.0003899345174431,high_14__rho_0.400,heft,0.0003710826858878,,high_14,high,True,,0.4,24,6,0,0,True
3.0920386305078864,6,0.0051879546123271,0.4,31.0,,36,596.0034081949925,1.0,0.7875296313747724,0.3350626515374423,0.781917077175698,30,24.0,54,9,0.0,0,0.0,596.0034081949925,24,1.0,7.685098502784967,high_14__rho_0.400,replica,7.685016242787242,,high_14,high,True,7.575197548605502,0.4,24,6,0,0,True
39.732000000000106,6,0.0692679031867212,0.4,,,36,573.599,1.0,0.9407954752782338,0.3564226343955737,0.7922604157581313,30,,54,9,0.0,0,0.0,573.599,24,1.0,0.0130136767402291,high_15__rho_0.400,cpsat,0.0126549629494547,OPTIMAL,high_15,high,True,,0.4,24,6,0,0,True
36.29852501861751,1,0.0630370756060159,0.4,,,36,575.828187929983,1.0,0.9407954752782338,0.354345691868672,0.7922604157581313,30,,54,1,0.0,0,0.0,575.828187929983,29,1.0,0.0009265188127756,high_15__rho_0.400,easy,0.0009025568142533,,high_15,high,True,,0.4,24,6,0,0,True
36.515408063307405,4,0.063426294905875,0.4,,,36,575.7140333909847,1.0,0.9407954752782338,0.3544754316352916,0.7922604157581313,30,,54,5,0.0,0,0.0,575.7140333909847,26,1.0,0.000363603234291,high_15__rho_0.400,heft,0.0003451630473136,,high_15,high,True,,0.4,24,6,0,0,True
39.73192573711276,6,0.0692676724142754,0.4,31.0,,36,573.5998388899861,1.0,0.9407954752782338,0.3564225574714252,0.7922604157581313,30,27.0,54,9,0.0,0,0.0,573.5998388899861,24,1.0,8.59327080938965,high_15__rho_0.400,replica,8.59319174848497,,high_15,high,True,8.46930374018848,0.4,24,6,0,0,True
0.0,0,0.0,0.4,,,36,498.553,1.0,0.7987583450581589,0.3891809563543562,0.9294176977856377,30,,54,8,83.5290000000001,6,0.1675428690630687,498.553,24,1.0,0.0128758139908313,high_16__rho_0.400,cpsat,0.0127128837630152,OPTIMAL,high_16,high,True,,0.4,24,6,0,0,True
0.0,0,0.0,0.4,,,36,512.3103205319858,1.0,0.7987583450581589,0.3789230916750032,0.9294176977856377,30,,54,3,70.06831112699001,2,0.1367692750250096,512.3103205319858,28,1.0,0.0009462777525186,high_16__rho_0.400,easy,0.0009270971640944,,high_16,high,True,,0.4,24,6,0,0,True
0.0,0,0.0,0.4,,,36,510.35576771498745,1.0,0.7987583450581589,0.3800919064926773,0.9294176977856377,30,,54,6,71.59052250598324,4,0.140275719478032,510.35576771498745,26,1.0,0.0002824617549777,high_16__rho_0.400,heft,0.0002650320529937,,high_16,high,True,,0.4,24,6,0,0,True
0.0,0,0.0,0.4,31.0,,36,498.5539219269922,1.0,0.7987583450581589,0.3891814529731285,0.9294176977856377,30,25.0,54,8,83.52989723600331,6,0.1675443589193855,498.5539219269922,24,1.0,8.091146072372794,high_16__rho_0.400,replica,8.091069311834872,,high_16,high,True,7.977057357318699,0.4,24,6,0,0,True
0.0,0,0.0,0.4,,,36,555.767,1.0,0.7658876238761445,0.3595907397644456,0.7175812380937717,30,,54,7,43.778999999999975,6,0.0787722192933369,555.767,24,1.0,0.0143684186041355,high_17__rho_0.400,cpsat,0.0140028735622763,OPTIMAL,high_17,high,True,,0.4,24,6,0,0,True
0.0,0,0.0,0.4,,,36,573.4511517069805,1.0,0.7658876238761445,0.3454692025547781,0.7175812380937717,30,,54,3,20.87798454600852,2,0.0364076076643345,573.4511517069805,28,1.0,0.000924427062273,high_17__rho_0.400,easy,0.0008969670161604,,high_17,high,True,,0.4,24,6,0,0,True
0.0,0,0.0,0.4,,,36,573.3921942499837,1.0,0.7658876238761445,0.345509204395084,0.7175812380937717,30,,54,5,20.94464827500633,4,0.036527613185252,573.3921942499837,26,1.0,0.0003924136981368,high_17__rho_0.400,heft,0.0003529526293277,,high_17,high,True,,0.4,24,6,0,0,True
0.0,0,0.0,0.4,31.0,,36,555.7682530539896,1.0,0.7658876238761445,0.3595906080909505,0.7175812380937717,30,26.0,54,7,43.77887916599866,6,0.0787718242728517,555.7682530539896,24,1.0,8.233723589219153,high_17__rho_0.400,replica,8.23366002831608,,high_17,high,True,8.159336616285145,0.4,24,6,0,0,True
55.61299999999991,6,0.1061539636183166,0.4,,,36,523.89,1.0,0.8081505730270868,0.3687179878727722,0.7389169705673247,30,,54,7,523.89,24,1.0,0.0,0,0.0,0.0108066573739051,high_18__rho_0.400,cpsat,0.0106424475088715,OPTIMAL,high_18,high,True,,0.4,24,6,0,0,True
36.29852501861751,1,0.067651377590192,0.4,,,36,536.5526366440172,1.0,0.8081505730270868,0.355883792530064,0.7389169705673247,30,,54,1,536.5526366440172,29,1.0,0.0,0,0.0,0.0009539080783724,high_18__rho_0.400,easy,0.0009351782500743,,high_18,high,True,,0.4,24,6,0,0,True
55.61314697936177,6,0.106154444777914,0.4,,,36,523.8890099770215,1.0,0.8081505730270868,0.3687181482593046,0.7389169705673247,30,,54,7,523.8890099770215,24,1.0,0.0,0,0.0,0.0003702826797962,high_18__rho_0.400,heft,0.0003522923216223,,high_18,high,True,,0.4,24,6,0,0,True
55.61314697936177,6,0.1061504129920613,0.4,31.0,,36,523.9089082349674,0.999962019622814,0.8081505730270868,0.3687041442049584,0.7389169705673247,30,24.0,54,7,523.8890099770215,24,0.999962019622814,0.0,0,0.0,7.66043100412935,high_18__rho_0.400,replica,7.660363394767046,,high_18,high,True,7.579674292355776,0.4,24,6,0,0,True
353.506,5,0.9616672606142052,0.4,,,36,367.597,1.0,0.872459544145846,0.6538890868714017,0.8120210727969349,30,,54,7,0.0,0,0.0,367.597,25,1.0,0.0144365485757589,high_19__rho_0.400,cpsat,0.0142702162265777,OPTIMAL,high_19,high,True,,0.4,24,6,0,0,True
348.63162493892014,3,0.9410366619162768,0.4,,,36,370.4761345099832,1.0,0.872459544145846,0.6470122206387589,0.8120210727969349,30,,54,3,0.0,0,0.0,370.4761345099832,27,1.0,0.0009452085942029,high_19__rho_0.400,easy,0.000926237553358,,high_19,high,True,,0.4,24,6,0,0,True
343.8398743029684,3,0.9095744634614662,0.4,,,36,378.0227877049838,1.0,0.872459544145846,0.636524821153822,0.8120210727969349,30,,54,4,0.0,0,0.0,378.0227877049838,27,1.0,0.0003717318177223,high_19__rho_0.400,heft,0.000352831557393,,high_19,high,True,,0.4,24,6,0,0,True
343.8945299722254,4,0.9097916199152128,0.4,31.0,,36,377.9926330869857,1.0,0.872459544145846,0.6365972066384042,0.8120210727969349,30,27.0,54,6,0.0,0,0.0,377.9926330869857,26,1.0,8.62952726893127,high_19__rho_0.400,replica,8.629468419589102,,high_19,high,True,8.549552029930055,0.4,24,6,0,0,True
0.0,0,0.0,0.4,,,36,353.896,1.0,0.8589109955700918,0.5347192395506024,0.7465351765911067,30,,54,7,353.896,24,1.0,213.809,6,0.6041577186518072,0.0119664371013641,high_20__rho_0.400,cpsat,0.0117973266169428,OPTIMAL,high_20,high,True,,0.4,24,6,0,0,True
0.0,0,0.0,0.4,,,36,355.74450267102293,0.9998498029411584,0.8589109955700918,0.531308103276007,0.7465351765911067,30,,54,4,355.6910708930227,27,0.9998498029411584,211.3387400020001,3,0.5940745068868626,0.0009290967136621,high_20__rho_0.400,easy,0.000910366885364,,high_20,high,True,,0.4,24,6,0,0,True
0.0,0,0.0,0.4,,,36,555.6027816400456,0.9999355052617002,0.8589109955700918,0.3334007611424989,0.7465351765911067,30,,54,6,555.566948184045,26,0.9999355052617002,0.1482226909974997,4,0.0002667781657967,0.0003015231341123,high_20__rho_0.400,heft,0.0002821227535605,,high_20,high,True,,0.4,24,6,0,0,True
0.0,0,0.0,0.4,31.0,,36,353.8936556710396,1.0,0.8589109955700918,0.5347211990558569,0.7465351765911067,30,26.0,54,7,353.8936556710396,24,1.0,213.8096640249969,6,0.6041635971675706,8.244035414420068,high_20__rho_0.400,replica,8.243956823833287,,high_20,high,True,8.073125129565597,0.4,24,6,0,0,True
939.543,24,1.0,0.4,,,36,939.543,1.0,0.8259108779856867,0.3377752091531025,0.7570812807881775,30,,54,9,0.0,0,0.0,12.520000000000095,6,0.0133256274593074,0.0173789337277412,moderate_01__rho_0.400,cpsat,0.0171246025711298,OPTIMAL,moderate_01,moderate,True,,0.4,24,6,0,0,True
939.6509267557412,26,1.0,0.4,,,36,939.6509267557412,1.0,0.8259108779856867,0.3377540194293312,0.7570812807881775,30,,54,6,0.0,0,0.0,12.461705361001805,4,0.0132620582879935,0.0013491613790392,moderate_01__rho_0.400,easy,0.0013212105259299,,moderate_01,moderate,True,,0.4,24,6,0,0,True
939.543042011559,24,0.9999679060470156,0.4,,,36,939.5731966295572,0.9999679060470156,0.8259108779856867,0.3377643274023438,0.7570812807881775,30,,54,9,0.0,0,0.0,12.519884402998288,6,0.0133250761600157,0.0005220547318458,moderate_01__rho_0.400,heft,0.0004894444718956,,moderate_01,moderate,True,,0.4,24,6,0,0,True
939.543042011559,24,1.0,0.4,31.0,,36,939.543042011559,1.0,0.8259108779856867,0.337775167942703,0.7570812807881775,30,25.0,54,9,0.0,0,0.0,12.519884402998288,6,0.013325503828109,8.2272885479033,moderate_01__rho_0.400,replica,8.22717814706266,,moderate_01,moderate,True,8.018628904595971,0.4,24,6,0,0,True
23.938000000000045,6,0.0450011467415621,0.4,,,36,531.942,1.0,0.8699800513117822,0.3483337155805207,0.7554283262986414,30,,54,9,531.942,24,1.0,0.0,0,0.0,0.0163786467164754,moderate_02__rho_0.400,cpsat,0.0160170439630746,OPTIMAL,moderate_02,moderate,True,,0.4,24,6,0,0,True
19.844305861741304,3,0.0371585802806618,0.4,,,36,534.0437043572601,0.9998629513079004,0.8699800513117822,0.3456738438628541,0.7554283262986414,30,,54,6,533.970514366054,27,0.9998629513079004,0.0,0,0.0,0.0008995467796921,moderate_02__rho_0.400,easy,0.0008722674101591,,moderate_02,moderate,True,,0.4,24,6,0,0,True
20.64459402300417,4,0.038698046361945,0.4,,,36,533.4789728120668,1.0,0.8699800513117822,0.3462326821206483,0.7554283262986414,30,,54,7,533.4789728120668,26,1.0,0.0,0,0.0,0.0003081113100051,moderate_02__rho_0.400,heft,0.0002892324700951,,moderate_02,moderate,True,,0.4,24,6,0,0,True
23.938320267014205,6,0.0448843415107319,0.4,31.0,,36,533.3334401550819,0.997388163039981,0.8699800513117822,0.3474241681835709,0.7554283262986414,30,25.0,54,9,531.9404601640708,24,0.997388163039981,0.0,0,0.0,7.922650177963078,moderate_02__rho_0.400,replica,7.922561717219651,,moderate_02,moderate,True,7.829995201900601,0.4,24,6,0,0,True
0.0,0,0.0,0.4,,,36,326.647,0.9999050963272278,0.8022258711913886,0.5805339301039553,0.7439107827038861,30,,54,11,326.616,10,0.9999050963272278,242.27300000000005,20,0.741696693984638,0.0134086338803172,moderate_03__rho_0.400,cpsat,0.0131729617714881,OPTIMAL,moderate_03,moderate,True,,0.4,24,6,0,0,True
0.0,0,0.0,0.4,,,36,328.0916665679906,0.9971159585188614,0.8022258711913886,0.5779069482035546,0.7439107827038861,30,,54,11,327.1454365919926,12,0.9971159585188614,241.67392467998437,18,0.7366048860918024,0.0011257994920015,moderate_03__rho_0.400,easy,0.0010993182659149,,moderate_03,moderate,True,,0.4,24,6,0,0,True
0.0,0,0.0,0.4,,,36,329.3010276719688,0.9933361827337782,0.8022258711913886,0.57578213900038,0.7439107827038861,30,,54,10,327.1066257979837,11,0.9933361827337782,241.71032446598477,19,0.7340102342673617,0.0003330633044242,moderate_03__rho_0.400,heft,0.0003100521862506,,moderate_03,moderate,True,,0.4,24,6,0,0,True
0.0,0,0.0,0.4,31.0,,36,326.6460172769948,0.9999053010556928,0.8022258711913886,0.5805355108233902,0.7439107827038861,30,26.0,54,11,326.61508424399653,10,0.9999053010556928,242.27375325098183,20,0.7417012314144777,8.794592744670808,moderate_03__rho_0.400,replica,8.794520433992147,,moderate_03,moderate,True,8.676113286055624,0.4,24,6,0,0,True
0.0,0,0.0,0.4,,,36,493.698,1.0,0.8032583800533678,0.3969687271705915,0.7187738173079014,30,,54,10,94.2500000000001,6,0.1909061815117746,493.698,24,1.0,0.022390903905034,moderate_04__rho_0.400,cpsat,0.021989251486957,OPTIMAL,moderate_04,moderate,True,,0.4,24,6,0,0,True
0.0,0,0.0,0.4,,,36,514.7173866749836,1.0,0.8032583800533678,0.3775926170971095,0.7187738173079014,30,,54,1,68.34306862499216,1,0.1327778512913284,514.7173866749836,29,1.0,0.0014875410124659,moderate_04__rho_0.400,easy,0.0014557214453816,,moderate_04,moderate,True,,0.4,24,6,0,0,True
0.0,0,0.0,0.4,,,36,513.7088005759797,0.9983160351778568,0.8032583800533678,0.3781096151059413,0.7187738173079014,30,,54,4,69.87097755997092,3,0.136012810139967,512.8437330269844,27,0.9983160351778568,0.0003334833309054,moderate_04__rho_0.400,heft,0.0003120517358183,,moderate_04,moderate,True,,0.4,24,6,0,0,True
0.0,0,0.0,0.4,31.0,,36,493.699839694993,1.0,0.8032583800533678,0.3969684690190131,0.7187738173079014,30,26.0,54,10,94.24996886096778,6,0.1909054070570395,493.699839694993,24,1.0,8.378476601094007,moderate_04__rho_0.400,replica,8.378385359421372,,moderate_04,moderate,True,8.257011729292572,0.4,24,6,0,0,True
924.747,13,0.999965397138127,0.4,,,36,924.779,0.999965397138127,0.8316210815145205,0.3431079209194845,0.7775383141762453,30,,54,13,27.14999999999992,17,0.0293583656203265,0.0,0,0.0,0.0137978168204426,moderate_05__rho_0.400,cpsat,0.0135446563363075,OPTIMAL,moderate_05,moderate,True,,0.4,24,6,0,0,True
924.7469610776752,13,0.98696142437189,0.4,,,36,936.9636322576551,0.98696142437189,0.8316210815145205,0.3386451115301236,0.7775383141762453,30,,54,13,27.14750015901518,17,0.028973910218481,0.0,0,0.0,0.0014097215607762,moderate_05__rho_0.400,easy,0.0013861311599612,,moderate_05,moderate,True,,0.4,24,6,0,0,True
924.7469610776752,13,0.9999639581235982,0.4,,,36,924.7802918946544,0.9999639581235982,0.8316210815145205,0.343106526519391,0.7775383141762453,30,,54,13,27.14750015901518,17,0.0293556214345749,0.0,0,0.0,0.0005164239555597,moderate_05__rho_0.400,heft,0.0004813037812709,,moderate_05,moderate,True,,0.4,24,6,0,0,True
924.7469610776752,13,0.9999653108682504,0.4,31.0,,36,924.7790408596628,0.9999653108682504,0.8316210815145205,0.3431069906716388,0.7775383141762453,30,25.0,54,13,27.14750015901518,17,0.0293556611466661,0.0,0,0.0,8.399358661845326,moderate_05__rho_0.400,replica,8.39932052232325,,moderate_05,moderate,True,8.316936284303665,0.4,24,6,0,0,True
617.923,22,1.0,0.4,,,36,617.923,1.0,0.8799800644114185,0.4517790512194344,0.7731012054457643,30,,54,11,0.0,0,0.0,219.57099999999983,8,0.3553371536583035,0.0123315760865807,moderate_06__rho_0.400,cpsat,0.0121366158127784,OPTIMAL,moderate_06,moderate,True,,0.4,24,6,0,0,True
620.7891132859513,24,0.999860994570811,0.4,,,36,620.8754183399506,0.999860994570811,0.8799800644114185,0.450051632725972,0.7731012054457643,30,,54,8,0.0,0,0.0,217.4888739439957,6,0.3502939036071051,0.0009017875418066,moderate_06__rho_0.400,easy,0.0008800672367215,,moderate_06,moderate,True,,0.4,24,6,0,0,True
617.9236982641742,22,0.9998576822675198,0.4,,,36,618.0116522811732,0.9998576822675198,0.8799800644114185,0.4517152980518743,0.7731012054457643,30,,54,11,0.0,0,0.0,219.5722548649901,8,0.355288211888103,0.0003369729965925,moderate_06__rho_0.400,heft,0.0003051422536373,,moderate_06,moderate,True,,0.4,24,6,0,0,True
617.9236982641742,22,1.0,0.4,31.0,,36,617.9236982641742,1.0,0.8799800644114185,0.4517795942993157,0.7731012054457643,30,22.0,54,11,0.0,0,0.0,219.5722548649901,8,0.3553387828979473,7.280619180761278,moderate_06__rho_0.400,replica,7.280560639686882,,moderate_06,moderate,True,7.121524666436017,0.4,24,6,0,0,True
953.394,24,1.0,0.4,,,36,953.394,1.0,0.7724102172594207,0.3344909519743849,0.9523809523809524,30,,54,9,3.311000000000149,6,0.0034728559231546,0.0,0,0.0,0.0162315871566534,moderate_07__rho_0.400,cpsat,0.0160276647657156,OPTIMAL,moderate_07,moderate,True,,0.4,24,6,0,0,True
953.3951649451628,24,0.9998833255925188,0.4,,,36,953.5064147411322,0.9998833255925188,0.7724102172594207,0.3344515186315116,0.9523809523809524,30,,54,9,3.3098403600160964,6,0.003471230302016,0.0,0,0.0,0.0016030427068471,moderate_07__rho_0.400,easy,0.0015744920819997,,moderate_07,moderate,True,,0.4,24,6,0,0,True
953.3951649451628,24,0.9993632912886288,0.4,,,36,954.0025867027872,0.9993632912886288,0.7724102172594207,0.3342775720737236,0.9523809523809524,30,,54,9,3.3098403600160964,6,0.0034694249325418,0.0,0,0.0,0.0005727633833885,moderate_07__rho_0.400,heft,0.000537403859198,,moderate_07,moderate,True,,0.4,24,6,0,0,True
953.3951649451628,24,1.0,0.4,31.0,,36,953.3951649451628,1.0,0.7724102172594207,0.3344905451176712,0.9523809523809524,30,25.0,54,9,3.3098403600160964,6,0.0034716353530138,0.0,0,0.0,8.691665273159742,moderate_07__rho_0.400,replica,8.691595731303096,,moderate_07,moderate,True,8.588345411233604,0.4,24,6,0,0,True
0.0,0,0.0,0.4,,,36,552.376,1.0,0.7895104771563973,0.3360193056903269,0.7172745176343209,30,,54,10,552.376,24,1.0,4.451000000000192,6,0.0080579170709809,0.0135694053024053,moderate_08__rho_0.400,cpsat,0.0133667150512337,OPTIMAL,moderate_08,moderate,True,,0.4,24,6,0,0,True
0.0,0,0.0,0.4,,,36,555.6138674110298,0.9999101799452352,0.7895104771563973,0.3333943112336077,0.7172745176343209,30,,54,6,555.563962143031,26,0.9999101799452352,0.1515457689929462,4,0.0002727537555876,0.0012443400919437,moderate_08__rho_0.400,easy,0.0012196898460388,,moderate_08,moderate,True,,0.4,24,6,0,0,True
0.0,0,0.0,0.4,,,36,552.3809953720083,0.999986926101632,0.7895104771563973,0.3360154045132134,0.7172745176343209,30,,54,10,552.3737735990144,24,0.999986926101632,4.451797216996056,6,0.0080592874380081,0.0005817236378788,moderate_08__rho_0.400,heft,0.0005444940179586,,moderate_08,moderate,True,,0.4,24,6,0,0,True
0.0,0,0.0,0.4,31.0,,36,552.3737735990144,1.0,0.7895104771563973,0.3360197976018969,0.7172745176343209,30,24.0,54,10,552.3737735990144,24,1.0,4.451797216996056,6,0.0080593928056905,8.054065259173512,moderate_08__rho_0.400,replica,8.053996348753572,,moderate_08,moderate,True,7.875129489228129,0.4,24,6,0,0,True
392.936,7,1.0,0.4,,,36,392.936,1.0,0.8457790115455962,0.6026070403322678,0.7496921182266009,30,,54,10,317.422,23,0.8078211209968035,0.0,0,0.0,0.0174340074881911,moderate_09__rho_0.400,cpsat,0.0172314951196312,OPTIMAL,moderate_09,moderate,True,,0.4,24,6,0,0,True
407.7591283889488,10,0.999632122555626,0.4,,,36,407.909188978927,0.999632122555626,0.8457790115455962,0.5819200549142524,0.7496921182266009,30,,54,9,304.35248456298723,20,0.746128042187131,0.0,0,0.0,0.0011578993871808,moderate_09__rho_0.400,easy,0.0011346377432346,,moderate_09,moderate,True,,0.4,24,6,0,0,True
70.53465726226568,10,0.1340606775894136,0.4,,,36,526.1397937901784,0.9584280869811737,0.8457790115455962,0.3641629215235291,0.7496921182266009,30,,54,10,504.2671560469898,20,0.9584280869811737,0.0,0,0.0,0.0005735447630286,moderate_09__rho_0.400,heft,0.0005371840670704,,moderate_09,moderate,True,,0.4,24,6,0,0,True
392.9365859478712,7,1.0,0.4,31.0,,36,392.9365859478712,1.0,0.8457790115455962,0.6026041478680587,0.7496921182266009,30,24.0,54,10,317.41906367603224,23,0.8078124436041761,0.0,0,0.0,7.831528453156352,moderate_09__rho_0.400,replica,7.83142707310617,,moderate_09,moderate,True,7.711199998855591,0.4,24,6,0,0,True
0.0570000000000163,1,9.564480539640806e-05,0.4,,,36,595.955,1.0,0.7990498582513498,0.3343725616867045,0.736576537123945,30,,54,7,1.8009999999999309,3,0.0030220402547171,595.955,26,1.0,0.0148781463503837,moderate_10__rho_0.400,cpsat,0.0146661456674337,OPTIMAL,moderate_10,moderate,True,,0.4,26,2,2,0,True
0.0,0,0.0,0.4,,,36,596.0548816899827,1.0,0.7990498582513498,0.3342989710590136,0.736576537123945,30,,54,2,1.7267192410072312,1,0.0028969131770408,596.0548816899827,29,1.0,0.0009367568418383,moderate_10__rho_0.400,easy,0.0009173965081572,,moderate_10,moderate,True,,0.4,26,2,2,0,True
0.0,0,0.0,0.4,,,36,595.9873508399833,1.0,0.7990498582513498,0.3343405751416693,0.736576537123945,30,,54,5,1.8009101310162805,3,0.0030217254250078,595.9873508399833,27,1.0,0.0003467435017228,moderate_10__rho_0.400,heft,0.0003255233168601,,moderate_10,moderate,True,,0.4,26,2,2,0,True
0.0,0,0.0,0.4,31.0,,36,595.9571962219852,1.0,0.7990498582513498,0.3343596107358459,0.736576537123945,30,26.0,54,7,1.8348522100423,4,0.003078832207538,595.9571962219852,26,1.0,8.59721453487873,moderate_10__rho_0.400,replica,8.59659283887595,,moderate_10,moderate,True,8.471059292554855,0.4,26,2,2,0,True
0.0,0,0.0,0.4,,,36,594.165,1.0,0.8768000596413984,0.3351672795716117,0.7879942720240415,30,,54,8,3.2690000000000623,5,0.0055018387148352,594.165,25,1.0,0.0187767185270786,moderate_11__rho_0.400,cpsat,0.0185719262808561,OPTIMAL,moderate_11,moderate,True,,0.4,25,4,1,0,True
0.0,0,0.0,0.4,,,36,594.2907777549844,1.0,0.8768000596413984,0.3350889635484697,0.7879942720240415,30,,54,4,3.130064538010629,2,0.0052668906454091,594.2907777549844,28,1.0,0.0011039683595299,moderate_11__rho_0.400,easy,0.0010814778506755,,moderate_11,moderate,True,,0.4,25,4,1,0,True
0.0,0,0.0,0.4,,,36,595.1278208799813,0.9985935069818124,0.8768000596413984,0.3346176632607671,0.7879942720240415,30,,54,4,3.130064538010629,2,0.0052594828004887,594.2907777549844,28,0.9985935069818124,0.0005907835438847,moderate_11__rho_0.400,heft,0.0005565537139773,,moderate_11,moderate,True,,0.4,25,4,1,0,True
0.0,0,0.0,0.4,31.0,,36,594.1669902819849,1.0,0.8768000596413984,0.3351669830555259,0.7879942720240415,30,27.0,54,8,3.268482409999706,5,0.0055009491665777,594.1669902819849,25,1.0,8.827459626831114,moderate_11__rho_0.400,replica,8.827366774901748,,moderate_11,moderate,True,8.699892648495734,0.4,25,4,1,0,True
341.989,2,0.944027316943903,0.4,,,36,362.266,0.944027316943903,0.8606897300755892,0.6436761937360944,0.753741088823117,30,,54,13,326.135,16,0.9002638944863718,31.422000000000025,12,0.0867373697780084,0.0115078007802367,moderate_12__rho_0.400,cpsat,0.0111390883103013,OPTIMAL,moderate_12,moderate,True,,0.4,26,2,2,0,True
341.9892774717882,2,0.9438480872000348,0.4,,,36,362.335085602932,0.9438480872000348,0.8606897300755892,0.6435551839947198,0.753741088823117,30,,54,15,326.1898023260292,17,0.9002434908649368,31.36878825099484,11,0.0865739739191876,0.0009541977196931,moderate_12__rho_0.400,easy,0.0009293472394347,,moderate_12,moderate,True,,0.4,26,2,2,0,True
3.037411905825138,1,0.0057581982311338,0.4,,,36,527.4934595690429,0.9939464057703798,0.8606897300755892,0.3530911774067967,0.753741088823117,30,,54,12,524.3002282060334,17,0.9939464057703798,31.42222002899507,12,0.0595689282188763,0.0002819523215293,moderate_12__rho_0.400,heft,0.0002607516944408,,moderate_12,moderate,True,,0.4,26,2,2,0,True
341.9892774717882,2,0.9440278123311034,0.4,31.0,,36,362.2661038209335,0.9440278123311034,0.8606897300755892,0.643675725377472,0.753741088823117,30,22.0,54,13,326.13419396904646,16,0.9002614115127181,31.42222002899507,12,0.0867379522885942,7.20968421548605,moderate_12__rho_0.400,replica,7.209628845565021,,moderate_12,moderate,True,7.187926200218499,0.4,26,2,2,0,True
20.466999999999985,3,0.0621419180893796,0.4,,,36,329.359,1.0,0.8696042902688583,0.5846649603219182,0.7808452376896554,30,,54,13,329.359,20,1.0,227.868,7,0.6918529628763751,0.0118302144110202,moderate_13__rho_0.400,cpsat,0.0113792791962623,OPTIMAL,moderate_13,moderate,True,,0.4,24,6,0,0,True
20.467941587790847,3,0.0607241930389955,0.4,,,36,337.06403598721954,0.983227719849658,0.8696042902688583,0.5708038285715282,0.7808452376896554,30,,54,9,331.410703547037,24,0.983227719849658,225.31368151100105,3,0.6684595728259312,0.0014944216236472,moderate_13__rho_0.400,easy,0.0014592818915843,,moderate_13,moderate,True,,0.4,24,6,0,0,True
20.467941587790847,3,0.0620967415584795,0.4,,,36,329.61377801949857,0.9992218709423868,0.8696042902688583,0.5842117528186264,0.7808452376896554,30,,54,13,329.3572959610319,20,0.9992218709423868,227.8674914809999,7,0.6913166459550129,0.0005673542618751,moderate_13__rho_0.400,heft,0.0005322638899087,,moderate_13,moderate,True,,0.4,24,6,0,0,True
20.467941587790847,3,0.0621450984653836,0.4,31.0,,36,329.3572959610319,1.0,0.8696042902688583,0.5846666989661108,0.7808452376896554,30,23.0,54,13,329.3572959610319,20,1.0,227.8674914809999,7,0.6918549984329485,7.730996336787939,moderate_13__rho_0.400,replica,7.730916606262326,,moderate_13,moderate,True,7.609638294205069,0.4,24,6,0,0,True
370.174,16,1.0,0.4,,,36,370.174,1.0,0.8612899649857062,0.6639274143150699,0.7298277167001294,30,,54,14,0.0,0,0.0,367.132,14,0.9917822429452096,0.0169511241838336,moderate_14__rho_0.400,cpsat,0.0165377613157033,OPTIMAL,moderate_14,moderate,True,,0.4,24,6,0,0,True
409.7523523857817,19,0.9720735000767768,0.4,,,36,421.5240435557789,0.9720735000767768,0.8612899649857062,0.5951612967064225,0.7298277167001294,30,,54,9,0.0,0,0.0,342.8720366809939,11,0.8134103900424906,0.0009362371638417,moderate_14__rho_0.400,easy,0.0009118970483541,,moderate_14,moderate,True,,0.4,24,6,0,0,True
370.23013035114855,17,0.9993936331952068,0.4,,,36,370.4547618213946,0.9993936331952068,0.8612899649857062,0.663447773786596,0.7298277167001294,30,,54,12,0.0,0,0.0,367.1020307059953,13,0.9909496881645814,0.0003433218225836,moderate_14__rho_0.400,heft,0.0003199428319931,,moderate_14,moderate,True,,0.4,24,6,0,0,True
370.23013035114855,17,0.9990319818548824,0.4,31.0,,36,370.5888670988789,0.9990319818548824,0.8612899649857062,0.6632076914320008,0.7298277167001294,30,27.0,54,12,0.0,0,0.0,367.1020307059953,13,0.9905910924411196,9.064242267981172,moderate_14__rho_0.400,replica,9.064178337343035,,moderate_14,moderate,True,9.016569143161178,0.4,24,6,0,0,True
0.1270000000000095,2,0.0003464710423868,0.4,,,36,366.553,1.0,0.8449861919689503,0.5298078768054462,0.7407811518689699,30,,54,10,215.92800000000008,8,0.5890771593739517,366.553,20,1.0,0.0103517519310116,moderate_15__rho_0.400,cpsat,0.0101250717416405,OPTIMAL,moderate_15,moderate,True,,0.4,24,6,0,0,True
0.1267391545698046,2,0.0003420272619256,0.4,,,36,370.55278534299214,1.0,0.8449861919689503,0.5248770269724513,0.7407811518689699,30,,54,8,212.80440842401003,6,0.5742890536554284,370.55278534299214,22,1.0,0.0009102681651711,moderate_15__rho_0.400,easy,0.0008918764069676,,moderate_15,moderate,True,,0.4,24,6,0,0,True
0.1267391545698046,2,0.0003457561865442,0.4,,,36,366.5564334120209,0.9999917910429242,0.8449861919689503,0.5298026304513002,0.7407811518689699,30,,54,10,215.92752437104355,8,0.5890703441244319,366.5534243659931,20,0.9999917910429242,0.0002903314307332,moderate_15__rho_0.400,heft,0.0002707932144403,,moderate_15,moderate,True,,0.4,24,6,0,0,True
0.1267391545698046,2,0.0003457590248652,0.4,31.0,,36,366.5534243659931,1.0,0.8449861919689503,0.5298069796140542,0.7407811518689699,30,26.0,54,10,215.92752437104355,8,0.5890751798172975,366.5534243659931,20,1.0,8.501939347945154,moderate_15__rho_0.400,replica,8.50187049806118,,moderate_15,moderate,True,8.410220699384809,0.4,24,6,0,0,True
6.155999999999949,6,0.0111509618519725,0.4,,,36,552.06,1.0,0.8462253895711711,0.3370503206173241,0.4243094605527536,30,,54,9,552.06,24,1.0,0.0,0,0.0,0.0176046593114733,moderate_16__rho_0.400,cpsat,0.0174465989693999,OPTIMAL,moderate_16,moderate,True,,0.4,24,6,0,0,True
0.0,0,0.0,0.4,,,36,555.7293132080231,1.0,0.8462253895711711,0.3333333333333333,0.4243094605527536,30,,54,0,555.7293132080231,30,1.0,0.0,0,0.0,0.0008546272292733,moderate_16__rho_0.400,easy,0.0008364962413907,,moderate_16,moderate,True,,0.4,24,6,0,0,True
4.036288191564381,4,0.0072904872980014,0.4,,,36,553.6376412960526,1.0,0.8462253895711711,0.3357634957660005,0.4243094605527536,30,,54,5,553.6376412960526,26,1.0,0.0,0,0.0,0.0002807015553116,moderate_16__rho_0.400,heft,0.0002608420327305,,moderate_16,moderate,True,,0.4,24,6,0,0,True
6.156070721335709,6,0.0111511113915458,0.4,31.0,,36,552.0589388070221,1.0,0.8462253895711711,0.3370503704638486,0.4243094605527536,30,26.0,54,9,552.0589388070221,24,1.0,0.0,0,0.0,8.80042259581387,moderate_16__rho_0.400,replica,8.800338795408607,,moderate_16,moderate,True,8.627105079591274,0.4,24,6,0,0,True
3.47199999999998,6,0.0058258845796956,0.4,,,36,595.961,1.0,0.8014713662442864,0.3352752948598985,0.7264641488779421,30,,54,10,0.0,0,0.0,595.961,24,1.0,0.0119050256907939,moderate_17__rho_0.400,cpsat,0.0117303542792797,OPTIMAL,moderate_17,moderate,True,,0.4,24,6,0,0,True
0.0,0,0.0,0.4,,,36,598.2125527309836,1.0,0.8014713662442864,0.3333333333333333,0.7264641488779421,30,,54,0,0.0,0,0.0,598.2125527309836,30,1.0,0.000864147208631,moderate_17__rho_0.400,easy,0.0008454471826553,,moderate_17,moderate,True,,0.4,24,6,0,0,True
0.3252827003598213,5,0.0005439158185267,0.4,,,36,598.0386840759857,1.0,0.8014713662442864,0.3335146386061756,0.7264641488779421,30,,54,8,0.0,0,0.0,598.0386840759857,25,1.0,0.0004357229918241,moderate_17__rho_0.400,heft,0.0004094829782843,,moderate_17,moderate,True,,0.4,24,6,0,0,True
3.471771146170795,6,0.0058254855346015,0.4,31.0,,36,595.9625383239872,1.0,0.8014713662442864,0.3352751618448672,0.7264641488779421,30,24.0,54,10,0.0,0,0.0,595.9625383239872,24,1.0,7.87644587084651,moderate_17__rho_0.400,replica,7.87636986002326,,moderate_17,moderate,True,7.7191837430000305,0.4,24,6,0,0,True
876.051,14,1.0,0.4,,,36,876.051,1.0,0.899242838898011,0.3528360030789685,0.8289835609110099,30,,54,12,0.0,0,0.0,51.256000000000185,16,0.0585080092369053,0.009955788962543,moderate_18__rho_0.400,cpsat,0.0097940079867839,OPTIMAL,moderate_18,moderate,True,,0.4,24,6,0,0,True
876.0517275827006,14,0.9866261173701038,0.4,,,36,887.9267557986968,0.9866261173701038,0.899242838898011,0.3481174596541172,0.8289835609110099,30,,54,12,0.0,0,0.0,51.25669217999166,16,0.0577262615922479,0.0008717570453882,moderate_18__rho_0.400,easy,0.0008525056764483,,moderate_18,moderate,True,,0.4,24,6,0,0,True
879.2656023865566,16,0.9977696963156868,0.4,,,36,881.2310151664133,0.9977696963156868,0.899242838898011,0.3511793159720729,0.8289835609110099,30,,54,10,0.0,0,0.0,49.1447129719927,14,0.0557682516005319,0.0002611223608255,moderate_18__rho_0.400,heft,0.0002421224489808,,moderate_18,moderate,True,,0.4,24,6,0,0,True
876.0517275827006,14,1.0,0.4,31.0,,36,876.0517275827006,1.0,0.899242838898011,0.3528362502525677,0.8289835609110099,30,24.0,54,12,0.0,0,0.0,51.25669217999166,16,0.0585087507577033,7.843425936065614,moderate_18__rho_0.400,replica,7.84335308521986,,moderate_18,moderate,True,7.76485473010689,0.4,24,6,0,0,True
253.392,20,0.5585837009212293,0.4,,,36,453.633,0.996164300216254,0.8783981025360332,0.5182493337124945,0.8071975916803503,30,,54,7,0.0,0,0.0,451.893,10,0.996164300216254,0.0166134824976325,moderate_19__rho_0.400,cpsat,0.0162258306518197,OPTIMAL,moderate_19,moderate,True,,0.4,24,6,0,0,True
590.4943929109722,18,1.0,0.4,,,36,590.4943929109722,1.0,0.8783981025360332,0.4692281602507352,0.8071975916803503,30,,54,6,0.0,0,0.0,240.73539996099865,12,0.4076844807522056,0.0009787483140826,moderate_19__rho_0.400,easy,0.0009522680193185,,moderate_19,moderate,True,,0.4,24,6,0,0,True
253.32457745354623,19,0.55429761642386,0.4,,,36,457.0190633109887,0.9888625851116348,0.8783981025360332,0.514386733845165,0.8071975916803503,30,,54,7,0.0,0,0.0,451.9290523910022,11,0.9888625851116348,0.000332741998136,moderate_19__rho_0.400,heft,0.0003117322921752,,moderate_19,moderate,True,,0.4,24,6,0,0,True
253.2154683470726,17,0.5541911836609542,0.4,31.0,,36,456.9099542045151,0.9892316221013812,0.8783981025360332,0.5144742685874452,0.8071975916803503,30,27.0,54,7,0.0,0,0.0,451.9897751520002,13,0.9892316221013812,8.469010138884187,moderate_19__rho_0.400,replica,8.468938588164747,,moderate_19,moderate,True,8.42945115827024,0.4,24,6,0,0,True
165.01899999999995,14,0.3263257186249227,0.4,,,36,505.688,1.0,0.9111073922290076,0.4421085728749743,0.7191213307747842,30,,54,13,0.0,0,0.0,505.688,16,1.0,0.0133763877674937,moderate_20__rho_0.400,cpsat,0.0132009349763393,OPTIMAL,moderate_20,moderate,True,,0.4,24,6,0,0,True
157.40555897913873,10,0.3081615070099121,0.4,,,36,510.78916541667786,0.9994764564701308,0.9111073922290076,0.4358793211600143,0.7191213307747842,30,,54,10,0.0,0,0.0,510.5217450539967,20,0.9994764564701308,0.0009938590228557,moderate_20__rho_0.400,easy,0.000974578782916,,moderate_20,moderate,True,,0.4,24,6,0,0,True
160.73296339530498,13,0.3163197762005179,0.4,,,36,508.1344117207991,0.999922375029338,0.9111073922290076,0.4387473837432853,0.7191213307747842,30,,54,15,0.0,0,0.0,508.094967801997,17,0.999922375029338,0.0002783313393592,moderate_20__rho_0.400,heft,0.000257852487266,,moderate_20,moderate,True,,0.4,24,6,0,0,True
165.01769994478673,14,0.3263232112206299,0.4,31.0,,36,505.6879016589992,1.0,0.9111073922290076,0.4421077370735433,0.7191213307747842,30,23.0,54,13,0.0,0,0.0,505.6879016589992,16,1.0,7.333850944414735,moderate_20__rho_0.400,replica,7.333746793679893,,moderate_20,moderate,True,7.256331529468298,0.4,24,6,0,0,True
447.581,24,1.0,0.4,,,36,447.581,1.0,0.8320146232834412,0.5485666281633939,0.7551244028402128,30,,54,7,289.003,6,0.6456998844901816,0.0,0,0.0,0.0125229572877287,nominal_01__rho_0.400,cpsat,0.0123502844944596,OPTIMAL,nominal_01,nominal,True,,0.4,24,6,0,0,True
799.2896639360115,27,1.0,0.4,,,36,799.2896639360115,1.0,0.8320146232834412,0.3664104324705096,0.7551244028402128,30,,54,3,79.31455035999534,3,0.0992312974115288,0.0,0,0.0,0.0008793976157903,nominal_01__rho_0.400,easy,0.000860147178173,,nominal_01,nominal,True,,0.4,24,6,0,0,True
457.7408022992313,25,0.999906760518172,0.4,,,36,457.7834857942362,0.999906760518172,0.8320146232834412,0.535780509194681,0.7551244028402128,30,,54,7,278.0736050600244,5,0.6074347670658712,0.0,0,0.0,0.0002681529149413,nominal_01__rho_0.400,heft,0.0002513621002435,,nominal_01,nominal,True,,0.4,24,6,0,0,True
447.5803827894852,24,1.0,0.4,31.0,,36,447.5803827894852,1.0,0.8320146232834412,0.5485664805793123,0.7551244028402128,30,28.0,54,7,289.0024033000227,6,0.645699441737937,0.0,0,0.0,9.043142630718648,nominal_01__rho_0.400,replica,9.043061799369752,,nominal_01,nominal,True,8.933296149596572,0.4,24,6,0,0,True
0.0,0,0.0,0.4,,,36,328.633,1.0,0.8262606043295846,0.5755690998773709,0.6938970990695128,30,,54,7,328.633,24,1.0,238.82,6,0.7267072996321126,0.0118938283994793,severe_01__rho_0.400,cpsat,0.0117053054273128,OPTIMAL,severe_01,severe,True,,0.4,24,6,0,0,True
0.0,0,0.0,0.4,,,36,343.57517495502907,0.9655924021881284,0.8262606043295846,0.5496850664906072,0.6938970990695128,30,,54,3,331.753578517033,26,0.9655924021881284,234.82085015199848,4,0.6834627972836932,0.0008531874045729,severe_01__rho_0.400,easy,0.0008337469771504,,severe_01,severe,True,,0.4,24,6,0,0,True
0.0,0,0.0,0.4,,,36,530.2127479660267,1.0,0.8262606043295846,0.3493581524798486,0.6938970990695128,30,,54,6,530.2127479660267,26,1.0,25.48969018599746,4,0.0480744574395459,0.0002836920320987,severe_01__rho_0.400,heft,0.0002621319144964,,severe_01,severe,True,,0.4,24,6,0,0,True
0.0,0,0.0,0.4,31.0,,36,328.6304625699995,1.0,0.8262606043295846,0.5755711843847787,0.6938970990695128,30,27.0,54,7,328.6304625699995,24,1.0,238.82021112899747,6,0.7267135531543363,8.650553214363754,severe_01__rho_0.400,replica,8.650477653369308,,severe_01,severe,True,8.484899564646184,0.4,24,6,0,0,True
0.0,0,0.0,0.4,,,36,317.279,1.0,0.9013075271286372,0.601571487555117,0.8539478454866771,30,,54,13,317.279,14,1.0,255.31899999999996,16,0.8047144626653511,0.0125793423503637,severe_02__rho_0.400,cpsat,0.0123968217521905,OPTIMAL,severe_02,severe,True,,0.4,24,6,0,0,True
0.0,0,0.0,0.4,,,36,317.31390673600254,1.0,0.9013075271286372,0.6015115283295663,0.8539478454866771,30,,54,11,317.31390673600254,15,1.0,255.29001226699256,15,0.8045345849886991,0.0008954778313636,severe_02__rho_0.400,easy,0.000876267440617,,severe_02,severe,True,,0.4,24,6,0,0,True
0.0,0,0.0,0.4,,,36,317.3301759279566,0.9998417696305332,0.9013075271286372,0.6014767109867342,0.8539478454866771,30,,54,13,317.2799646569765,14,0.9998417696305332,255.3201668849906,16,0.8045883633296693,0.0002852426841855,severe_02__rho_0.400,heft,0.0002668928354978,,severe_02,severe,True,,0.4,24,6,0,0,True
0.0,0,0.0,0.4,31.0,,36,317.3269566379604,0.9998519130505592,0.9013075271286372,0.6014828129831707,0.8539478454866771,30,25.0,54,13,317.2799646569765,14,0.9998519130505592,255.3201668849906,16,0.8045965258989529,7.845483121462166,severe_02__rho_0.400,replica,7.845412450842559,,severe_02,severe,True,7.750531632453203,0.4,24,6,0,0,True
0.0,0,0.0,0.4,,,36,550.616,1.0,1.0,0.3373597328567762,0.8151032221824758,30,,54,10,550.616,21,1.0,6.6510000000000105,9,0.0120791985703285,0.011545623652637,severe_03__rho_0.400,cpsat,0.0113643230870366,OPTIMAL,severe_03,severe,True,,0.4,24,6,0,0,True
0.0,0,0.0,0.4,,,36,552.3518405720024,0.9998129144534178,1.0,0.3360322393605525,0.8151032221824758,30,,54,8,552.2485035260033,22,0.9998129144534178,4.575574180995318,8,0.0082838036282398,0.0009458269923925,severe_03__rho_0.400,easy,0.0009265569970011,,severe_03,severe,True,,0.4,24,6,0,0,True
0.0,0,0.0,0.4,,,36,552.5916280220226,0.999379063165963,1.0,0.3358864240609446,0.8151032221824758,30,,54,8,552.2485035260033,22,0.999379063165963,4.575574180995318,8,0.0082802090168708,0.000374462455511,severe_03__rho_0.400,heft,0.0003550518304109,,severe_03,severe,True,,0.4,24,6,0,0,True
0.0,0,0.0,0.4,31.0,,36,550.6142681409838,1.0,1.0,0.3373601813573603,0.8151032221824758,30,26.0,54,10,550.6142681409838,21,1.0,6.651719932993728,9,0.0120805440720809,8.344504354521632,severe_03__rho_0.400,replica,8.344405545853078,,severe_03,severe,True,8.234227294102311,0.4,24,6,0,0,True
0.0,0,0.0,0.4,,,36,510.598,1.0,0.8568007662835248,0.3800759109906424,0.7293092937024566,30,,54,10,71.60000000000007,6,0.1402277329719271,510.598,24,1.0,0.0142755769193172,severe_04__rho_0.400,cpsat,0.014098685234785,OPTIMAL,severe_04,severe,True,,0.4,24,6,0,0,True
0.0,0,0.0,0.4,,,36,514.7173866749836,1.0,0.8568007662835248,0.3775926170971095,0.7293092937024566,30,,54,1,68.34306862499216,1,0.1327778512913284,514.7173866749836,29,1.0,0.0009740283712744,severe_04__rho_0.400,easy,0.0009551979601383,,severe_04,severe,True,,0.4,24,6,0,0,True
0.0,0,0.0,0.4,,,36,510.6870926649863,1.0,0.8568007662835248,0.3800029865293271,0.7293092937024566,30,,54,6,71.50076851903577,4,0.1400089595879814,510.6870926649863,26,1.0,0.0002800021320581,severe_04__rho_0.400,heft,0.000260591506958,,severe_04,severe,True,,0.4,24,6,0,0,True
0.0,0,0.0,0.4,31.0,,36,510.5991386479873,1.0,0.8568007662835248,0.380075214934501,0.7293092937024566,30,25.0,54,10,71.59909345302731,6,0.1402256448035031,510.5991386479873,24,1.0,7.960117118433118,severe_04__rho_0.400,replica,7.960052848793566,,severe_04,severe,True,7.844446578994393,0.4,24,6,0,0,True
0.0,0,0.0,0.4,,,36,551.617,1.0,0.8266283524904215,0.3360906812758368,0.7712477632723833,30,,54,14,551.617,16,1.0,4.562999999999931,14,0.0082720438275106,0.0127817736938595,severe_05__rho_0.400,cpsat,0.012603523209691,OPTIMAL,severe_05,severe,True,,0.4,24,6,0,0,True
0.0,0,0.0,0.4,,,36,552.2109112730031,0.9998128667074672,0.8266283524904215,0.3356856746316998,0.7712477632723833,30,,54,13,552.1075742270041,17,0.9998128667074672,4.0003026419872185,13,0.0072441571876321,0.0009593684226274,severe_05__rho_0.400,easy,0.0009403880685567,,severe_05,severe,True,,0.4,24,6,0,0,True
0.0,0,0.0,0.4,,,36,552.0144688149849,0.9992782143141586,0.8266283524904215,0.3358485423361927,0.7712477632723833,30,,54,14,551.6160326730169,16,0.9992782143141586,4.563731426984305,14,0.0082674126944196,0.0003790529444813,severe_05__rho_0.400,heft,0.0003611436113715,,severe_05,severe,True,,0.4,24,6,0,0,True
0.0,0,0.0,0.4,31.0,,36,551.6160326730169,1.0,0.8266283524904215,0.3360911281015947,0.7712477632723833,30,23.0,54,14,551.6160326730169,16,1.0,4.563731426984305,14,0.0082733843047842,7.574272403493524,severe_05__rho_0.400,replica,7.574215714819729,,severe_05,severe,True,7.442154260352254,0.4,24,6,0,0,True
0.0,0,0.0,0.4,,,36,553.546,1.0,0.9371237000547346,0.3346671580440771,0.8408619372300737,30,,54,10,553.546,24,1.0,2.215000000000145,6,0.0040014741322313,0.0122698508203029,severe_06__rho_0.400,cpsat,0.0118665769696235,OPTIMAL,severe_06,severe,True,,0.4,24,6,0,0,True
0.0,0,0.0,0.4,,,36,554.0357545040024,1.0,0.9371237000547346,0.3343272603916291,0.8408619372300737,30,,54,9,554.0357545040024,25,1.0,1.6520133829944823,5,0.0029817811748872,0.0010147588327527,severe_06__rho_0.400,easy,0.0009875390678644,,severe_06,severe,True,,0.4,24,6,0,0,True
0.0,0,0.0,0.4,,,36,553.6136658260039,0.9998745463122104,0.9371237000547346,0.334625443351849,0.8408619372300737,30,,54,10,553.5442129500152,24,0.9998745463122104,2.215442167991569,6,0.0040017837433367,0.0002805534750223,severe_06__rho_0.400,heft,0.0002634618431329,,severe_06,severe,True,,0.4,24,6,0,0,True
0.0,0,0.0,0.4,31.0,,36,553.5442129500152,1.0,0.9371237000547346,0.3346674286149518,0.8408619372300737,30,26.0,54,10,553.5442129500152,24,1.0,2.215442167991569,6,0.0040022858448555,8.23312692437321,severe_06__rho_0.400,replica,8.233043893240392,,severe_06,severe,True,8.058113027364016,0.4,24,6,0,0,True
0.0,0,0.0,0.4,,,36,552.38,1.0,0.856783326836893,0.335596268269428,0.7728712223284121,30,,54,10,552.38,24,1.0,3.7499999999998863,6,0.0067888048082839,0.0117666171863675,severe_07__rho_0.400,cpsat,0.0115999551489949,OPTIMAL,severe_07,severe,True,,0.4,24,6,0,0,True
0.0,0,0.0,0.4,,,36,554.0620981150023,0.9999099283849796,0.856783326836893,0.3343103531562744,0.7728712223284121,30,,54,10,554.0121928470035,25,0.9999099283849796,1.673894226994889,5,0.0030211310838436,0.0010002879425883,severe_07__rho_0.400,easy,0.0009804274886846,,severe_07,severe,True,,0.4,24,6,0,0,True
0.0,0,0.0,0.4,,,36,554.0517073799747,0.9999286807847628,0.856783326836893,0.3343166228423892,0.7728712223284121,30,,54,10,554.0121928470035,25,0.9999286807847628,1.673894226994889,5,0.0030211877424049,0.0003954535350203,severe_07__rho_0.400,heft,0.0003699529916048,,severe_07,severe,True,,0.4,24,6,0,0,True
0.0,0,0.0,0.4,31.0,,36,552.3779574619839,1.0,0.856783326836893,0.335596300762509,0.7728712223284121,30,26.0,54,10,552.3779574619839,24,1.0,3.7500399789933,6,0.0067889022875272,8.224372658878565,severe_07__rho_0.400,replica,8.224295708350837,,severe_07,severe,True,8.1007608063519,0.4,24,6,0,0,True
0.0,0,0.0,0.4,,,36,286.979,1.0,0.90694197021823,0.6544218682667838,0.409994932217782,30,,54,5,276.437,4,0.9632656048003512,286.979,26,1.0,0.0178734771907329,severe_08__rho_0.400,cpsat,0.0177022852003574,OPTIMAL,severe_08,severe,True,,0.4,24,6,0,0,True
0.0,0,0.0,0.4,,,36,504.3225263649838,1.0,0.90694197021823,0.3850400936261151,0.409994932217782,30,,54,2,78.23065194301307,2,0.1551202808783454,504.3225263649838,28,1.0,0.0009667882695794,severe_08__rho_0.400,easy,0.0009459881111979,,severe_08,severe,True,,0.4,24,6,0,0,True
0.0,0,0.0,0.4,,,36,297.37563073298224,1.0,0.90694197021823,0.6321122538386653,0.409994932217782,30,,54,4,266.548709804978,3,0.896336761515996,297.37563073298224,27,1.0,0.0003046030178666,severe_08__rho_0.400,heft,0.000281143002212,,severe_08,severe,True,,0.4,24,6,0,0,True
0.0,0,0.0,0.4,31.0,,36,297.37563073298224,1.0,0.90694197021823,0.6321122538386653,0.409994932217782,30,28.0,54,4,266.548709804978,3,0.896336761515996,297.37563073298224,27,1.0,8.888475785031915,severe_08__rho_0.400,replica,8.88839483447373,,severe_08,severe,True,8.789125460200012,0.4,24,6,0,0,True
0.0,0,0.0,0.4,,,36,594.446,1.0,0.8890514386644391,0.3352202442834728,0.8531246035896614,30,,54,8,3.3649999999998954,6,0.0056607328504185,594.446,24,1.0,0.0156831489875912,severe_09__rho_0.400,cpsat,0.0155074279755353,OPTIMAL,severe_09,severe,True,,0.4,24,6,0,0,True
0.0,0,0.0,0.4,,,36,594.6164548429879,1.0,0.8890514386644391,0.3351154321238686,0.8531246035896614,30,,54,2,3.178995795024093,2,0.0053462963716056,594.6164548429879,28,1.0,0.0009588580578565,severe_09__rho_0.400,easy,0.0009380280971527,,severe_09,severe,True,,0.4,24,6,0,0,True
0.0,0,0.0,0.4,,,36,594.5131177969888,1.0,0.8890514386644391,0.3351781177417838,0.8531246035896614,30,,54,4,3.290245590993436,4,0.0055343532253513,594.5131177969888,26,1.0,0.0004101442173123,severe_09__rho_0.400,heft,0.0003894241526722,,severe_09,severe,True,,0.4,24,6,0,0,True
0.0,0,0.0,0.4,31.0,,36,594.4471297229902,1.0,0.8890514386644391,0.3352198373019228,0.8531246035896614,30,26.0,54,8,3.3642806080169976,6,0.0056595119057682,594.4471297229902,24,1.0,8.233144911006093,severe_09__rho_0.400,replica,8.23306599073112,,severe_09,severe,True,8.112465623766184,0.4,24,6,0,0,True
0.450999999999965,6,0.0008119206514087,0.4,,,36,555.473,1.0,0.825110275017508,0.3336039735504696,0.8203338806787083,30,,54,8,555.473,24,1.0,0.0,0,0.0,0.012516863644123,severe_10__rho_0.400,cpsat,0.0121435597538948,OPTIMAL,severe_10,severe,True,,0.4,24,6,0,0,True
0.0,0,0.0,0.4,,,36,555.7293132080231,1.0,0.825110275017508,0.3333333333333333,0.8203338806787083,30,,54,0,555.7293132080231,30,1.0,0.0,0,0.0,0.0010208394378423,severe_10__rho_0.400,easy,0.0009943591430783,,severe_10,severe,True,,0.4,24,6,0,0,True
0.4503607451915741,6,0.000810771743748,0.4,,,36,555.4716832010308,1.0,0.825110275017508,0.3336035905812493,0.8203338806787083,30,,54,8,555.4716832010308,24,1.0,0.0,0,0.0,0.0003870632499456,severe_10__rho_0.400,heft,0.0003690822049975,,severe_10,severe,True,,0.4,24,6,0,0,True
0.4503607451915741,6,0.000810771743748,0.4,31.0,,36,555.4716832010308,1.0,0.825110275017508,0.3336035905812493,0.8203338806787083,30,25.0,54,8,555.4716832010308,24,1.0,0.0,0,0.0,7.913587223738432,severe_10__rho_0.400,replica,7.913503523916006,,severe_10,severe,True,7.829523383639753,0.4,24,6,0,0,True
0.0,0,0.0,0.4,,,36,553.904,1.0,0.8881095887751536,0.3346879603685838,0.8027112556954904,30,,54,9,553.904,24,1.0,2.25100000000009,6,0.0040638811057513,0.0135773224756121,severe_11__rho_0.400,cpsat,0.0134023111313581,OPTIMAL,severe_11,severe,True,,0.4,24,6,0,0,True
0.0,0,0.0,0.4,,,36,555.536701881967,1.0,0.8881095887751536,0.3334383993547156,0.8027112556954904,30,,54,7,555.536701881967,25,1.0,0.1751040929957525,5,0.0003151980641469,0.0009950678795576,severe_11__rho_0.400,easy,0.0009755082428455,,severe_11,severe,True,,0.4,24,6,0,0,True
0.0,0,0.0,0.4,,,36,555.5668564999651,0.9999457227916942,0.8881095887751536,0.3334203012492567,0.8027112556954904,30,,54,7,555.536701881967,25,0.9999457227916942,0.1751040929957525,5,0.0003151809560759,0.0003928625956177,severe_11__rho_0.400,heft,0.0003713825717568,,severe_11,severe,True,,0.4,24,6,0,0,True
0.0,0,0.0,0.4,31.0,,36,553.9024664969475,1.0,0.8881095887751536,0.3346881144733125,0.8027112556954904,30,25.0,54,9,553.9024664969475,24,1.0,2.251249844994163,6,0.0040643434199377,7.996897637844086,severe_11__rho_0.400,replica,7.996823008172214,,severe_11,severe,True,7.877738476730883,0.4,24,6,0,0,True
227.97000000000003,6,0.5255719805604996,0.4,,,36,433.756,1.0,0.886963047568594,0.5085239935201665,0.782581367256341,30,,54,7,433.756,24,1.0,0.0,0,0.0,0.0105004264041781,severe_12__rho_0.400,cpsat,0.0103306248784065,OPTIMAL,severe_12,severe,True,,0.4,24,6,0,0,True
191.67151509225368,5,0.4164793726696728,0.4,,,36,460.218507014215,0.9841649831240336,0.886963047568594,0.4668814519312355,0.782581367256341,30,,54,6,452.93093918901286,25,0.9841649831240336,0.0,0,0.0,0.0010177390649914,severe_12__rho_0.400,easy,0.000998917967081,,severe_12,severe,True,,0.4,24,6,0,0,True
227.9700401108712,6,0.525574178179219,0.4,,,36,433.75426262500696,1.0,0.886963047568594,0.5085247260597398,0.782581367256341,30,,54,7,433.75426262500696,24,1.0,0.0,0,0.0,0.0003804443404078,severe_12__rho_0.400,heft,0.0002630930393934,,severe_12,severe,True,,0.4,24,6,0,0,True
227.9700401108712,6,0.525574178179219,0.4,31.0,,36,433.75426262500696,1.0,0.886963047568594,0.5085247260597398,0.782581367256341,30,28.0,54,7,433.75426262500696,24,1.0,0.0,0,0.0,8.743556873872876,severe_12__rho_0.400,replica,8.743468432687223,,severe_12,severe,True,8.594422827474773,0.4,24,6,0,0,True
0.0,0,0.0,0.4,,,36,349.132,1.0,0.9101905426227456,0.5576926014611474,0.800127349427475,30,,54,12,234.9929999999999,17,0.6730778043834421,349.132,13,1.0,0.0168234184384346,severe_13__rho_0.400,cpsat,0.0166653869673609,OPTIMAL,severe_13,severe,True,,0.4,24,6,0,0,True
0.0,0,0.0,0.4,,,36,349.1710143579912,1.0,0.9101905426227456,0.5576258839286806,0.800127349427475,30,,54,10,234.9493722129555,16,0.672877651786042,349.1710143579912,14,1.0,0.0009998679161071,severe_13__rho_0.400,easy,0.0009814780205488,,severe_13,severe,True,,0.4,24,6,0,0,True
0.0,0,0.0,0.4,,,36,355.0583132309366,0.9834187831869856,0.9101905426227456,0.5483797682467103,0.800127349427475,30,,54,10,234.9493722129555,16,0.6617205215531455,349.1710143579912,14,0.9834187831869856,0.0003784028813242,severe_13__rho_0.400,heft,0.0003599431365728,,severe_13,severe,True,,0.4,24,6,0,0,True
0.0,0,0.0,0.4,31.0,,36,349.17654982495515,0.9998751800028212,0.9101905426227456,0.5576214683849549,0.800127349427475,30,26.0,54,12,234.9920557079604,17,0.6729892251520433,349.13296560899107,13,0.9998751800028212,8.208973648957908,severe_13__rho_0.400,replica,8.208902649581432,,severe_13,severe,True,8.082772497087717,0.4,24,6,0,0,True
65.1640000000001,6,0.1168355921476099,0.4,,,36,557.741,1.0,0.9648932861283712,0.3722785307158699,0.7302238739037787,30,,54,11,0.0,0,0.0,557.741,24,1.0,0.0126327443867921,severe_14__rho_0.400,cpsat,0.0122774206101894,OPTIMAL,severe_14,severe,True,,0.4,24,6,0,0,True
40.40671419072896,2,0.0704623472643678,0.4,,,36,573.4511517069805,1.0,0.9648932861283712,0.356820782421456,0.7302238739037787,30,,54,3,0.0,0,0.0,573.4511517069805,28,1.0,0.0010002786293625,severe_14__rho_0.400,easy,0.0009732572361826,,severe_14,severe,True,,0.4,24,6,0,0,True
60.8789122486487,5,0.1086832854214317,0.4,,,36,560.1497232309812,1.0,0.9648932861283712,0.3695610951404772,0.7302238739037787,30,,54,9,0.0,0,0.0,560.1497232309812,25,1.0,0.000290522351861,severe_14__rho_0.400,heft,0.000270152464509,,severe_14,severe,True,,0.4,24,6,0,0,True
65.16364879813045,6,0.1168346153373937,0.4,31.0,,36,557.7426570879834,1.0,0.9648932861283712,0.3722782051124646,0.7302238739037787,30,24.0,54,11,0.0,0,0.0,557.7426570879834,24,1.0,7.801515174098313,severe_14__rho_0.400,replica,7.801437142305076,,severe_14,severe,True,7.610784366726875,0.4,24,6,0,0,True
0.0,0,0.0,0.4,,,36,596.525,1.0,0.9173544638528728,0.3343000433063716,1.0,30,,54,9,1.7300000000000022,6,0.0029001299191148,596.525,24,1.0,0.0163352955132722,severe_15__rho_0.400,cpsat,0.0161693627014756,OPTIMAL,severe_15,severe,True,,0.4,24,6,0,0,True
0.0,0,0.0,0.4,,,36,598.2125527309836,1.0,0.9173544638528728,0.3333333333333333,1.0,30,,54,0,0.0,0,0.0,598.2125527309836,30,1.0,0.0009844182059168,severe_15__rho_0.400,easy,0.0009652776643633,,severe_15,severe,True,,0.4,24,6,0,0,True
0.0,0,0.0,0.4,,,36,596.60094480099,1.0,0.9173544638528728,0.3342533592330547,1.0,30,,54,5,1.6466649630456232,4,0.0027600776991643,596.60094480099,26,1.0,0.0002918122336268,severe_15__rho_0.400,heft,0.0002706917002797,,severe_15,severe,True,,0.4,24,6,0,0,True
0.0,0,0.0,0.4,31.0,,36,596.5270625959893,1.0,0.9173544638528728,0.334299727821524,1.0,30,26.0,54,9,1.7294413960480597,6,0.0028991834645721,596.5270625959893,24,1.0,8.510523370467126,severe_15__rho_0.400,replica,8.51045776065439,,severe_15,severe,True,8.282882867380977,0.4,24,6,0,0,True
0.0,0,0.0,0.4,,,36,341.267,0.9991150623998216,0.9420926136830016,0.5674589104718594,0.7062759417275226,30,,54,19,240.00000000000009,14,0.7032616690157562,340.965,16,0.9991150623998216,0.02529429923743,severe_16__rho_0.400,cpsat,0.0251282667741179,OPTIMAL,severe_16,severe,True,,0.4,24,6,0,0,True
0.0,0,0.0,0.4,,,36,363.89157986495775,0.9371337503509896,0.9420926136830016,0.5322585119562033,0.7062759417275226,30,,54,14,240.03809147694847,15,0.6596417855176203,341.0150809599945,15,0.9371337503509896,0.0010338481515645,severe_16__rho_0.400,easy,0.0010047173127532,,severe_16,severe,True,,0.4,24,6,0,0,True
0.0,0,0.0,0.4,,,36,430.4580885589712,0.9990902478512256,0.9420926136830016,0.4415838878375235,0.7062759417275226,30,,54,17,430.0664783879474,14,0.9990902478512256,140.18359050299114,16,0.3256614156613449,0.0003810431808233,severe_16__rho_0.400,heft,0.0003633517771959,,severe_16,severe,True,,0.4,24,6,0,0,True
0.0,0,0.0,0.4,31.0,,36,353.9084462539904,0.9633494158382224,0.9420926136830016,0.5471929666126333,0.7062759417275226,30,24.0,54,18,240.03114288597132,15,0.6782294839996771,340.93749495899465,15,0.9633494158382224,7.593394351191819,severe_16__rho_0.400,replica,7.593329180032015,,severe_16,severe,True,7.473682638257742,0.4,24,6,0,0,True
2.385000000000048,6,0.0043051163193693,0.4,,,36,553.992,1.0,0.8913975551906583,0.3347683721064564,0.8301208152378199,30,,54,9,553.992,24,1.0,0.0,0,0.0,0.0177795253694057,severe_17__rho_0.400,cpsat,0.0176075445488095,OPTIMAL,severe_17,severe,True,,0.4,24,6,0,0,True
0.0,0,0.0,0.4,,,36,555.7293132080231,1.0,0.8913975551906583,0.3333333333333333,0.8301208152378199,30,,54,0,555.7293132080231,30,1.0,0.0,0,0.0,0.000990648753941,severe_17__rho_0.400,easy,0.0009715789929032,,severe_17,severe,True,,0.4,24,6,0,0,True
0.1623381813988089,3,0.0002921696216369,0.4,,,36,555.6299128200044,1.0,0.8913975551906583,0.3334307232072123,0.8301208152378199,30,,54,3,555.6299128200044,27,1.0,0.0,0,0.0,0.0003881035372614,severe_17__rho_0.400,heft,0.0003686221316456,,severe_17,severe,True,,0.4,24,6,0,0,True
2.385665586218238,6,0.0043063378262507,0.4,31.0,,36,553.9894180330157,1.0,0.8913975551906583,0.334768779275417,0.8301208152378199,30,26.0,54,9,553.9894180330157,24,1.0,0.0,0,0.0,8.327448479831219,severe_17__rho_0.400,replica,8.327376389876008,,severe_17,severe,True,8.09014489222318,0.4,24,6,0,0,True
0.0,0,0.0,0.4,,,36,542.282,1.0,0.8648309527810238,0.3425898948025812,0.7536261631089218,30,,54,5,542.282,24,1.0,15.059000000000086,6,0.0277696844077437,0.0106996372342109,severe_18__rho_0.400,cpsat,0.0105347568169236,OPTIMAL,severe_18,severe,True,,0.4,24,6,0,0,True
0.0,0,0.0,0.4,,,36,553.8940666049893,1.0,0.8648309527810238,0.3348413459083462,0.7536261631089218,30,,54,4,553.8940666049893,26,1.0,2.5058376529959787,4,0.0045240377250385,0.0010015480220317,severe_18__rho_0.400,easy,0.0009829979389905,,severe_18,severe,True,,0.4,24,6,0,0,True
0.0,0,0.0,0.4,,,36,542.3178127949614,0.99992984049555,0.8648309527810238,0.3425655091907491,0.7536261631089218,30,,54,5,542.2797640459612,24,0.99992984049555,15.058369003996631,6,0.0277666870766973,0.0004037227481603,severe_18__rho_0.400,heft,0.0003846725448966,,severe_18,severe,True,,0.4,24,6,0,0,True
0.0,0,0.0,0.4,31.0,,36,542.2797640459612,1.0,0.8648309527810238,0.3425895451034633,0.7536261631089218,30,27.0,54,5,542.2797640459612,24,1.0,15.058369003996631,6,0.0277686353103899,8.766964230686426,severe_18__rho_0.400,replica,8.766901181079447,,severe_18,severe,True,8.639662437140942,0.4,24,6,0,0,True
0.0,0,0.0,0.4,,,36,555.508,1.0,0.93810964515299,0.3334557438116702,0.9071565407772304,30,,54,8,555.508,24,1.0,0.2039999999999509,6,0.0003672314350107,0.0113139236345887,severe_19__rho_0.400,cpsat,0.0111338216811418,OPTIMAL,severe_19,severe,True,,0.4,24,6,0,0,True
0.0,0,0.0,0.4,,,36,555.5059616219951,1.0,0.93810964515299,0.3334558801081675,0.9071565407772304,30,,54,8,555.5059616219951,24,1.0,0.2042263919938705,6,0.0003676403245026,0.0009946478530764,severe_19__rho_0.400,easy,0.0009730681777,,severe_19,severe,True,,0.4,24,6,0,0,True
0.0,0,0.0,0.4,,,36,555.5361162399931,0.9999457197882972,0.93810964515299,0.3334377800524017,0.9071565407772304,30,,54,8,555.5059616219951,24,0.9999457197882972,0.2042263919938705,6,0.000367620368908,0.0004526739940047,severe_19__rho_0.400,heft,0.000425623729825,,severe_19,severe,True,,0.4,24,6,0,0,True
0.0,0,0.0,0.4,31.0,,36,555.5059616219951,1.0,0.93810964515299,0.3334558801081675,0.9071565407772304,30,25.0,54,8,555.5059616219951,24,1.0,0.2042263919938705,6,0.0003676403245026,8.066938007250428,severe_19__rho_0.400,replica,8.06684484705329,,severe_19,severe,True,7.954243293963373,0.4,24,6,0,0,True
0.0,0,0.0,0.4,,,36,549.9,1.0,0.95589308520343,0.3375528884039522,0.843319956686241,30,,54,14,549.9,18,1.0,6.960999999999956,12,0.0126586652118566,0.0122833922505378,severe_20__rho_0.400,cpsat,0.0119056580588221,OPTIMAL,severe_20,severe,True,,0.4,24,6,0,0,True
0.0,0,0.0,0.4,,,36,550.038833841998,0.9997459509703644,0.95589308520343,0.3374676432082306,0.843319956686241,30,,54,14,549.8990970099985,18,0.9997459509703644,6.96182977898934,12,0.0126569786543274,0.0010143378749489,severe_20__rho_0.400,easy,0.0009870678186416,,severe_20,severe,True,,0.4,24,6,0,0,True
0.0,0,0.0,0.4,,,36,549.900346518989,0.9999977277537678,0.95589308520343,0.3375526313170869,0.843319956686241,30,,54,14,549.8990970099985,18,0.9999977277537678,6.96182977898934,12,0.0126601661974929,0.0003829831257462,severe_20__rho_0.400,heft,0.0003626933321356,,severe_20,severe,True,,0.4,24,6,0,0,True
0.0,0,0.0,0.4,31.0,,36,549.8990970099985,1.0,0.95589308520343,0.3375533983215244,0.843319956686241,30,23.0,54,14,549.8990970099985,18,1.0,6.96182977898934,12,0.0126601949645732,7.293907486833632,severe_20__rho_0.400,replica,7.29383182618767,,severe_20,severe,True,7.158858511596918,0.4,24,6,0,0,True
0.0,0,0.0,0.3333333333333333,,,30,598.211,1.0,0.9006991512080248,0.3333333333333333,0.7534482758620692,30,,60,0,0.0,0,0.0,598.211,30,1.0,0.0080807954072952,high_01__rho_0.333,cpsat,0.0079247644171118,OPTIMAL,high_01,high,True,,0.3333333333333333,30,0,0,0,True
0.0,0,0.0,0.3333333333333333,,,30,598.2125527309836,1.0,0.9006991512080248,0.3333333333333333,0.7534482758620692,30,,60,0,0.0,0,0.0,598.2125527309836,30,1.0,0.0008646454662084,high_01__rho_0.333,easy,0.0008457470685243,,high_01,high,True,,0.3333333333333333,30,0,0,0,True
0.0,0,0.0,0.3333333333333333,,,30,598.2125527309836,1.0,0.9006991512080248,0.3333333333333333,0.7534482758620692,30,,60,0,0.0,0,0.0,598.2125527309836,30,1.0,0.0004047136753797,high_01__rho_0.333,heft,0.0003789933398365,,high_01,high,True,,0.3333333333333333,30,0,0,0,True
0.0,0,0.0,0.3333333333333333,31.0,,30,598.2125527309836,1.0,0.9006991512080248,0.3333333333333333,0.7534482758620692,30,30.0,60,0,0.0,0,0.0,598.2125527309836,30,1.0,9.53389604948461,high_01__rho_0.333,replica,9.533826588653028,,high_01,high,True,9.38708667550236,0.3333333333333333,30,0,0,0,True
0.0,0,0.0,0.3333333333333333,,,30,555.732,1.0,0.8860107407214912,0.3333333333333333,0.7636931600554758,30,,60,0,555.732,30,1.0,0.0,0,0.0,0.0078136632218956,high_02__rho_0.333,cpsat,0.0074569694697856,OPTIMAL,high_02,high,True,,0.3333333333333333,30,0,0,0,True
0.0,0,0.0,0.3333333333333333,,,30,555.7293132080231,1.0,0.8860107407214912,0.3333333333333333,0.7636931600554758,30,,60,0,555.7293132080231,30,1.0,0.0,0,0.0,0.0008740369230508,high_02__rho_0.333,easy,0.0008435565978288,,high_02,high,True,,0.3333333333333333,30,0,0,0,True
0.0,0,0.0,0.3333333333333333,,,30,555.7293132080231,1.0,0.8860107407214912,0.3333333333333333,0.7636931600554758,30,,60,0,555.7293132080231,30,1.0,0.0,0,0.0,0.0003976933658123,high_02__rho_0.333,heft,0.000371222384274,,high_02,high,True,,0.3333333333333333,30,0,0,0,True
0.0,0,0.0,0.3333333333333333,31.0,,30,555.7293132080231,1.0,0.8860107407214912,0.3333333333333333,0.7636931600554758,30,30.0,60,0,555.7293132080231,30,1.0,0.0,0,0.0,9.530312409624456,high_02__rho_0.333,replica,9.530241799540818,,high_02,high,True,9.382409498095512,0.3333333333333333,30,0,0,0,True
0.0,0,0.0,0.3333333333333333,,,30,598.211,1.0,0.8188763297654673,0.3333333333333333,0.6962643678160919,30,,60,0,0.0,0,0.0,598.211,30,1.0,0.0079564843326807,high_03__rho_0.333,cpsat,0.0077209621667861,OPTIMAL,high_03,high,True,,0.3333333333333333,30,0,0,0,True
0.0,0,0.0,0.3333333333333333,,,30,598.2125527309836,1.0,0.8188763297654673,0.3333333333333333,0.6962643678160919,30,,60,0,0.0,0,0.0,598.2125527309836,30,1.0,0.000849206931889,high_03__rho_0.333,easy,0.0008305665105581,,high_03,high,True,,0.3333333333333333,30,0,0,0,True
0.0,0,0.0,0.3333333333333333,,,30,598.2125527309836,1.0,0.8188763297654673,0.3333333333333333,0.6962643678160919,30,,60,0,0.0,0,0.0,598.2125527309836,30,1.0,0.0003280425444245,high_03__rho_0.333,heft,0.0003057029098272,,high_03,high,True,,0.3333333333333333,30,0,0,0,True
0.0,0,0.0,0.3333333333333333,31.0,,30,598.2125527309836,1.0,0.8188763297654673,0.3333333333333333,0.6962643678160919,30,30.0,60,0,0.0,0,0.0,598.2125527309836,30,1.0,9.5488875284791,high_03__rho_0.333,replica,9.548821818083525,,high_03,high,True,9.40411745198071,0.3333333333333333,30,0,0,0,True
0.0,0,0.0,0.3333333333333333,,,30,598.211,1.0,0.8667126939837168,0.3333333333333333,0.7986453201970445,30,,60,0,0.0,0,0.0,598.211,30,1.0,0.0086411293596029,high_04__rho_0.333,cpsat,0.0084861675277352,OPTIMAL,high_04,high,True,,0.3333333333333333,30,0,0,0,True
0.0,0,0.0,0.3333333333333333,,,30,598.2125527309836,1.0,0.8667126939837168,0.3333333333333333,0.7986453201970445,30,,60,0,0.0,0,0.0,598.2125527309836,30,1.0,0.0010459078475832,high_04__rho_0.333,easy,0.001027038320899,,high_04,high,True,,0.3333333333333333,30,0,0,0,True
0.0,0,0.0,0.3333333333333333,,,30,598.2125527309836,1.0,0.8667126939837168,0.3333333333333333,0.7986453201970445,30,,60,0,0.0,0,0.0,598.2125527309836,30,1.0,0.0002759620547294,high_04__rho_0.333,heft,0.0002580815926194,,high_04,high,True,,0.3333333333333333,30,0,0,0,True
0.0,0,0.0,0.3333333333333333,31.0,,30,598.2125527309836,1.0,0.8667126939837168,0.3333333333333333,0.7986453201970445,30,30.0,60,0,0.0,0,0.0,598.2125527309836,30,1.0,9.598774794489144,high_04__rho_0.333,replica,9.59864763263613,,high_04,high,True,9.444512337446213,0.3333333333333333,30,0,0,0,True
0.0,0,0.0,0.3333333333333333,,,30,524.907,1.0,0.8503796751022427,0.3555391717008918,0.7816935833913751,30,,60,4,524.907,26,1.0,34.96800000000006,4,0.0666175151026754,0.0083043165504932,high_05__rho_0.333,cpsat,0.0081393765285611,OPTIMAL,high_05,high,True,,0.3333333333333333,30,0,0,0,True
0.0,0,0.0,0.3333333333333333,,,30,524.9049555579841,1.0,0.8503796751022427,0.3555389179982309,0.7816935833913751,30,,60,4,524.9049555579841,26,1.0,34.967464295001264,4,0.0666167539946925,0.0010596681386232,high_05__rho_0.333,easy,0.0010403078049421,,high_05,high,True,,0.3333333333333333,30,0,0,0,True
0.0,0,0.0,0.3333333333333333,,,30,524.9049555579841,1.0,0.8503796751022427,0.3555389179982309,0.7816935833913751,30,,60,4,524.9049555579841,26,1.0,34.967464295001264,4,0.0666167539946925,0.0003955839201807,high_05__rho_0.333,heft,0.0003700032830238,,high_05,high,True,,0.3333333333333333,30,0,0,0,True
0.0,0,0.0,0.3333333333333333,31.0,,30,524.9049555579841,1.0,0.8503796751022427,0.3555389179982309,0.7816935833913751,30,28.0,60,4,524.9049555579841,26,1.0,34.967464295001264,4,0.0666167539946925,8.891502334736288,high_05__rho_0.333,replica,8.891412215307355,,high_05,high,True,8.68815376702696,0.3333333333333333,30,0,0,0,True
0.0,0,0.0,0.3333333333333333,,,30,442.374,1.0,0.7865979196403013,0.4304834069512825,0.7201149425287358,30,,60,6,442.374,20,1.0,128.93000000000004,10,0.2914502208538477,0.0090965228155255,high_06__rho_0.333,cpsat,0.0089346021413803,OPTIMAL,high_06,high,True,,0.3333333333333333,30,0,0,0,True
0.0,0,0.0,0.3333333333333333,,,30,442.4080238009519,0.9999177234949592,0.7865979196403013,0.4304493247640468,0.7201149425287358,30,,60,6,442.3716240149515,20,0.9999177234949592,128.93108133099668,10,0.2914302507971811,0.0008854568004608,high_06__rho_0.333,easy,0.000865327194333,,high_06,high,True,,0.3333333333333333,30,0,0,0,True
0.0,0,0.0,0.3333333333333333,,,30,442.3716240149515,1.0,0.7865979196403013,0.4304847435442189,0.7201149425287358,30,,60,6,442.3716240149515,20,1.0,128.93108133099668,10,0.2914542306326569,0.0003150636330246,high_06__rho_0.333,heft,0.000290423631668,,high_06,high,True,,0.3333333333333333,30,0,0,0,True
0.0,0,0.0,0.3333333333333333,31.0,,30,442.3716240149515,1.0,0.7865979196403013,0.4304847435442189,0.7201149425287358,30,27.0,60,6,442.3716240149515,20,1.0,128.93108133099668,10,0.2914542306326569,8.618463471531868,high_06__rho_0.333,replica,8.618382480926812,,high_06,high,True,8.541197799146175,0.3333333333333333,30,0,0,0,True
0.0,0,0.0,0.3333333333333333,,,30,598.211,1.0,0.7812988333161893,0.3333333333333333,0.7546780406112225,30,,60,0,0.0,0,0.0,598.211,30,1.0,0.0076841115951538,high_07__rho_0.333,cpsat,0.0075249103829264,OPTIMAL,high_07,high,True,,0.3333333333333333,30,0,0,0,True
0.0,0,0.0,0.3333333333333333,,,30,598.2125527309836,1.0,0.7812988333161893,0.3333333333333333,0.7546780406112225,30,,60,0,0.0,0,0.0,598.2125527309836,30,1.0,0.0009106267243623,high_07__rho_0.333,easy,0.0008134068921208,,high_07,high,True,,0.3333333333333333,30,0,0,0,True
0.0,0,0.0,0.3333333333333333,,,30,598.2125527309836,1.0,0.7812988333161893,0.3333333333333333,0.7546780406112225,30,,60,0,0.0,0,0.0,598.2125527309836,30,1.0,0.0002528624609112,high_07__rho_0.333,heft,0.0002364935353398,,high_07,high,True,,0.3333333333333333,30,0,0,0,True
0.0,0,0.0,0.3333333333333333,31.0,,30,598.2125527309836,1.0,0.7812988333161893,0.3333333333333333,0.7546780406112225,30,30.0,60,0,0.0,0,0.0,598.2125527309836,30,1.0,9.58516949787736,high_07__rho_0.333,replica,9.58508750796318,,high_07,high,True,9.36870568152517,0.3333333333333333,30,0,0,0,True
0.0,0,0.0,0.3333333333333333,,,30,596.135,1.0,0.8330652042736962,0.3342469966254847,0.7352627257799674,30,,60,2,1.6340000000000146,1,0.0027409898764541,596.135,29,1.0,0.009174944832921,high_08__rho_0.333,cpsat,0.0090230023488402,OPTIMAL,high_08,high,True,,0.3333333333333333,30,0,0,0,True
0.0,0,0.0,0.3333333333333333,,,30,596.1364069789852,1.0,0.8330652042736962,0.33424712608607,0.7352627257799674,30,,60,2,1.634235385019565,1,0.0027413782582099,596.1364069789852,29,1.0,0.0010051280260086,high_08__rho_0.333,easy,0.0009861476719379,,high_08,high,True,,0.3333333333333333,30,0,0,0,True
0.0,0,0.0,0.3333333333333333,,,30,596.1364069789852,1.0,0.8330652042736962,0.33424712608607,0.7352627257799674,30,,60,2,1.634235385019565,1,0.0027413782582099,596.1364069789852,29,1.0,0.0003812536597251,high_08__rho_0.333,heft,0.0003545526415109,,high_08,high,True,,0.3333333333333333,30,0,0,0,True
0.0,0,0.0,0.3333333333333333,31.0,,30,596.1364069789852,1.0,0.8330652042736962,0.33424712608607,0.7352627257799674,30,29.0,60,2,1.634235385019565,1,0.0027413782582099,596.1364069789852,29,1.0,9.195260914973916,high_08__rho_0.333,replica,9.195163504220544,,high_08,high,True,9.05094596836716,0.3333333333333333,30,0,0,0,True
0.0,0,0.0,0.3333333333333333,,,30,598.211,1.0,0.7803334506399601,0.3333333333333333,0.7938651695512112,30,,60,0,0.0,0,0.0,598.211,30,1.0,0.0084120677784085,high_09__rho_0.333,cpsat,0.0082584572955966,OPTIMAL,high_09,high,True,,0.3333333333333333,30,0,0,0,True
0.0,0,0.0,0.3333333333333333,,,30,598.2125527309836,1.0,0.7803334506399601,0.3333333333333333,0.7938651695512112,30,,60,0,0.0,0,0.0,598.2125527309836,30,1.0,0.0011284984648227,high_09__rho_0.333,easy,0.0011088587343692,,high_09,high,True,,0.3333333333333333,30,0,0,0,True
0.0,0,0.0,0.3333333333333333,,,30,598.2125527309836,1.0,0.7803334506399601,0.3333333333333333,0.7938651695512112,30,,60,0,0.0,0,0.0,598.2125527309836,30,1.0,0.0003438433632254,high_09__rho_0.333,heft,0.0003247233107686,,high_09,high,True,,0.3333333333333333,30,0,0,0,True
0.0,0,0.0,0.3333333333333333,31.0,,30,598.2125527309836,1.0,0.7803334506399601,0.3333333333333333,0.7938651695512112,30,30.0,60,0,0.0,0,0.0,598.2125527309836,30,1.0,9.58619621861726,high_09__rho_0.333,replica,9.586126969195902,,high_09,high,True,9.421211470849812,0.3333333333333333,30,0,0,0,True
0.0,0,0.0,0.3333333333333333,,,30,598.211,1.0,0.8272180368567953,0.3333333333333333,0.8144103650135653,30,,60,0,0.0,0,0.0,598.211,30,1.0,0.0082168569788336,high_10__rho_0.333,cpsat,0.0080554345622658,OPTIMAL,high_10,high,True,,0.3333333333333333,30,0,0,0,True
0.0,0,0.0,0.3333333333333333,,,30,598.2125527309836,1.0,0.8272180368567953,0.3333333333333333,0.8144103650135653,30,,60,0,0.0,0,0.0,598.2125527309836,30,1.0,0.0009475285187363,high_10__rho_0.333,easy,0.0009279772639274,,high_10,high,True,,0.3333333333333333,30,0,0,0,True
0.0,0,0.0,0.3333333333333333,,,30,598.2125527309836,1.0,0.8272180368567953,0.3333333333333333,0.8144103650135653,30,,60,0,0.0,0,0.0,598.2125527309836,30,1.0,0.0004005227237939,high_10__rho_0.333,heft,0.0003734529018402,,high_10,high,True,,0.3333333333333333,30,0,0,0,True
0.0,0,0.0,0.3333333333333333,31.0,,30,598.2125527309836,1.0,0.8272180368567953,0.3333333333333333,0.8144103650135653,30,30.0,60,0,0.0,0,0.0,598.2125527309836,30,1.0,9.515047058463097,high_10__rho_0.333,replica,9.514960116706789,,high_10,high,True,9.357375499792395,0.3333333333333333,30,0,0,0,True
0.0,0,0.0,0.3333333333333333,,,30,598.211,1.0,0.8635505818623865,0.3333333333333333,0.8362907990560069,30,,60,0,0.0,0,0.0,598.211,30,1.0,0.0082226460799574,high_11__rho_0.333,cpsat,0.0080535346642136,OPTIMAL,high_11,high,True,,0.3333333333333333,30,0,0,0,True
0.0,0,0.0,0.3333333333333333,,,30,598.2125527309836,1.0,0.8635505818623865,0.3333333333333333,0.8362907990560069,30,,60,0,0.0,0,0.0,598.2125527309836,30,1.0,0.0009377477690577,high_11__rho_0.333,easy,0.0009184479713439,,high_11,high,True,,0.3333333333333333,30,0,0,0,True
0.0,0,0.0,0.3333333333333333,,,30,598.2125527309836,1.0,0.8635505818623865,0.3333333333333333,0.8362907990560069,30,,60,0,0.0,0,0.0,598.2125527309836,30,1.0,0.0003636730834841,high_11__rho_0.333,heft,0.0003455532714724,,high_11,high,True,,0.3333333333333333,30,0,0,0,True
0.0,0,0.0,0.3333333333333333,31.0,,30,598.2125527309836,1.0,0.8635505818623865,0.3333333333333333,0.8362907990560069,30,30.0,60,0,0.0,0,0.0,598.2125527309836,30,1.0,9.171766578219833,high_11__rho_0.333,replica,9.17168410681188,,high_11,high,True,9.016750717535617,0.3333333333333333,30,0,0,0,True
0.0,0,0.0,0.3333333333333333,,,30,555.732,1.0,0.8582392871671694,0.3333333333333333,0.8323507588002717,30,,60,0,555.732,30,1.0,0.0,0,0.0,0.0084484191611409,high_12__rho_0.333,cpsat,0.0080877859145402,OPTIMAL,high_12,high,True,,0.3333333333333333,30,0,0,0,True
0.0,0,0.0,0.3333333333333333,,,30,555.7293132080231,1.0,0.8582392871671694,0.3333333333333333,0.8323507588002717,30,,60,0,555.7293132080231,30,1.0,0.0,0,0.0,0.0008738972246646,high_12__rho_0.333,easy,0.0008473470807075,,high_12,high,True,,0.3333333333333333,30,0,0,0,True
0.0,0,0.0,0.3333333333333333,,,30,555.7293132080231,1.0,0.8582392871671694,0.3333333333333333,0.8323507588002717,30,,60,0,555.7293132080231,30,1.0,0.0,0,0.0,0.0002674721181392,high_12__rho_0.333,heft,0.0002484219148755,,high_12,high,True,,0.3333333333333333,30,0,0,0,True
0.0,0,0.0,0.3333333333333333,31.0,,30,555.7293132080231,1.0,0.8582392871671694,0.3333333333333333,0.8323507588002717,30,30.0,60,0,555.7293132080231,30,1.0,0.0,0,0.0,9.48566571995616,high_12__rho_0.333,replica,9.485588509589434,,high_12,high,True,9.33757087495178,0.3333333333333333,30,0,0,0,True
0.0,0,0.0,0.3333333333333333,,,30,555.732,1.0,0.8929949779205274,0.3333333333333333,0.7983169129720854,30,,60,0,555.732,30,1.0,0.0,0,0.0,0.0081897871568799,high_13__rho_0.333,cpsat,0.0080087147653102,OPTIMAL,high_13,high,True,,0.3333333333333333,30,0,0,0,True
0.0,0,0.0,0.3333333333333333,,,30,555.7293132080231,1.0,0.8929949779205274,0.3333333333333333,0.7983169129720854,30,,60,0,555.7293132080231,30,1.0,0.0,0,0.0,0.0008899169042706,high_13__rho_0.333,easy,0.0008708769455552,,high_13,high,True,,0.3333333333333333,30,0,0,0,True
0.0,0,0.0,0.3333333333333333,,,30,555.7293132080231,1.0,0.8929949779205274,0.3333333333333333,0.7983169129720854,30,,60,0,555.7293132080231,30,1.0,0.0,0,0.0,0.0002785325050354,high_13__rho_0.333,heft,0.0002572415396571,,high_13,high,True,,0.3333333333333333,30,0,0,0,True
0.0,0,0.0,0.3333333333333333,31.0,,30,555.7293132080231,1.0,0.8929949779205274,0.3333333333333333,0.7983169129720854,30,30.0,60,0,555.7293132080231,30,1.0,0.0,0,0.0,9.522918003611268,high_13__rho_0.333,replica,9.522848263382912,,high_13,high,True,9.309915543533862,0.3333333333333333,30,0,0,0,True
0.0,0,0.0,0.3333333333333333,,,30,598.211,1.0,0.7802052396658665,0.3333333333333333,0.7954433497536948,30,,60,0,0.0,0,0.0,598.211,30,1.0,0.008126026019454,high_14__rho_0.333,cpsat,0.0079682953655719,OPTIMAL,high_14,high,True,,0.3333333333333333,30,0,0,0,True
0.0,0,0.0,0.3333333333333333,,,30,598.2125527309836,1.0,0.7802052396658665,0.3333333333333333,0.7954433497536948,30,,60,0,0.0,0,0.0,598.2125527309836,30,1.0,0.0008957870304584,high_14__rho_0.333,easy,0.0008773570880293,,high_14,high,True,,0.3333333333333333,30,0,0,0,True
0.0,0,0.0,0.3333333333333333,,,30,598.2125527309836,1.0,0.7802052396658665,0.3333333333333333,0.7954433497536948,30,,60,0,0.0,0,0.0,598.2125527309836,30,1.0,0.0002596424892544,high_14__rho_0.333,heft,0.0002408614382147,,high_14,high,True,,0.3333333333333333,30,0,0,0,True
0.0,0,0.0,0.3333333333333333,31.0,,30,598.2125527309836,1.0,0.7802052396658665,0.3333333333333333,0.7954433497536948,30,30.0,60,0,0.0,0,0.0,598.2125527309836,30,1.0,9.59017209429294,high_14__rho_0.333,replica,9.59009293280542,,high_14,high,True,9.444719868712127,0.3333333333333333,30,0,0,0,True
0.0,0,0.0,0.3333333333333333,,,30,598.211,1.0,0.9324302134646962,0.3333333333333333,0.7792839274811862,30,,60,0,0.0,0,0.0,598.211,30,1.0,0.0084174089133739,high_15__rho_0.333,cpsat,0.008260496892035,OPTIMAL,high_15,high,True,,0.3333333333333333,30,0,0,0,True
0.0,0,0.0,0.3333333333333333,,,30,598.2125527309836,1.0,0.9324302134646962,0.3333333333333333,0.7792839274811862,30,,60,0,0.0,0,0.0,598.2125527309836,30,1.0,0.0010522780939936,high_15__rho_0.333,easy,0.0010326094925403,,high_15,high,True,,0.3333333333333333,30,0,0,0,True
0.0,0,0.0,0.3333333333333333,,,30,598.2125527309836,1.0,0.9324302134646962,0.3333333333333333,0.7792839274811862,30,,60,0,0.0,0,0.0,598.2125527309836,30,1.0,0.0002692630514502,high_15__rho_0.333,heft,0.0002502622082829,,high_15,high,True,,0.3333333333333333,30,0,0,0,True
0.0,0,0.0,0.3333333333333333,31.0,,30,598.2125527309836,1.0,0.9324302134646962,0.3333333333333333,0.7792839274811862,30,30.0,60,0,0.0,0,0.0,598.2125527309836,30,1.0,9.565720761194823,high_15__rho_0.333,replica,9.56564724072814,,high_15,high,True,9.42148278001696,0.3333333333333333,30,0,0,0,True
0.0,0,0.0,0.3333333333333333,,,30,598.211,1.0,0.7765331292237255,0.3333333333333333,1.0,30,,60,0,0.0,0,0.0,598.211,30,1.0,0.0086153699085116,high_16__rho_0.333,cpsat,0.0084455385804176,OPTIMAL,high_16,high,True,,0.3333333333333333,30,0,0,0,True
0.0,0,0.0,0.3333333333333333,,,30,598.2125527309836,1.0,0.7765331292237255,0.3333333333333333,1.0,30,,60,0,0.0,0,0.0,598.2125527309836,30,1.0,0.0008577574044466,high_16__rho_0.333,easy,0.0008379472419619,,high_16,high,True,,0.3333333333333333,30,0,0,0,True
0.0,0,0.0,0.3333333333333333,,,30,598.2125527309836,1.0,0.7765331292237255,0.3333333333333333,1.0,30,,60,0,0.0,0,0.0,598.2125527309836,30,1.0,0.0003668228164315,high_16__rho_0.333,heft,0.0003482727333903,,high_16,high,True,,0.3333333333333333,30,0,0,0,True
0.0,0,0.0,0.3333333333333333,31.0,,30,598.2125527309836,1.0,0.7765331292237255,0.3333333333333333,1.0,30,30.0,60,0,0.0,0,0.0,598.2125527309836,30,1.0,9.60611544456333,high_16__rho_0.333,replica,9.606010533869268,,high_16,high,True,9.452858119271696,0.3333333333333333,30,0,0,0,True
0.0,0,0.0,0.3333333333333333,,,30,598.211,1.0,0.7464829438222368,0.3333333333333333,0.7467293210451129,30,,60,0,0.0,0,0.0,598.211,30,1.0,0.0086210407316684,high_17__rho_0.333,cpsat,0.0082502868026494,OPTIMAL,high_17,high,True,,0.3333333333333333,30,0,0,0,True
0.0,0,0.0,0.3333333333333333,,,30,598.2125527309836,1.0,0.7464829438222368,0.3333333333333333,0.7467293210451129,30,,60,0,0.0,0,0.0,598.2125527309836,30,1.0,0.0009696073830127,high_17__rho_0.333,easy,0.0009436281397938,,high_17,high,True,,0.3333333333333333,30,0,0,0,True
0.0,0,0.0,0.3333333333333333,,,30,598.2125527309836,1.0,0.7464829438222368,0.3333333333333333,0.7467293210451129,30,,60,0,0.0,0,0.0,598.2125527309836,30,1.0,0.0003357529640197,high_17__rho_0.333,heft,0.0003086822107434,,high_17,high,True,,0.3333333333333333,30,0,0,0,True
0.0,0,0.0,0.3333333333333333,31.0,,30,598.2125527309836,1.0,0.7464829438222368,0.3333333333333333,0.7467293210451129,30,30.0,60,0,0.0,0,0.0,598.2125527309836,30,1.0,9.640329636633396,high_17__rho_0.333,replica,9.64026650507003,,high_17,high,True,9.490190906450152,0.3333333333333333,30,0,0,0,True
0.0,0,0.0,0.3333333333333333,,,30,555.732,1.0,0.7883753119576702,0.3333333333333333,0.7646207722142052,30,,60,0,555.732,30,1.0,0.0,0,0.0,0.008337028324604,high_18__rho_0.333,cpsat,0.0081666177138686,OPTIMAL,high_18,high,True,,0.3333333333333333,30,0,0,0,True
0.0,0,0.0,0.3333333333333333,,,30,555.7293132080231,1.0,0.7883753119576702,0.3333333333333333,0.7646207722142052,30,,60,0,555.7293132080231,30,1.0,0.0,0,0.0,0.0009381882846355,high_18__rho_0.333,easy,0.0009192181751132,,high_18,high,True,,0.3333333333333333,30,0,0,0,True
0.0,0,0.0,0.3333333333333333,,,30,555.7293132080231,1.0,0.7883753119576702,0.3333333333333333,0.7646207722142052,30,,60,0,555.7293132080231,30,1.0,0.0,0,0.0,0.000347533263266,high_18__rho_0.333,heft,0.0003282930701971,,high_18,high,True,,0.3333333333333333,30,0,0,0,True
0.0,0,0.0,0.3333333333333333,31.0,,30,555.7293132080231,1.0,0.7883753119576702,0.3333333333333333,0.7646207722142052,30,30.0,60,0,555.7293132080231,30,1.0,0.0,0,0.0,9.442213241010904,high_18__rho_0.333,replica,9.442129381000996,,high_18,high,True,9.239495211280882,0.3333333333333333,30,0,0,0,True
0.0,0,0.0,0.3333333333333333,,,30,598.211,1.0,0.8566421611598329,0.3333333333333333,0.8315681444991792,30,,60,0,0.0,0,0.0,598.211,30,1.0,0.0091947149485349,high_19__rho_0.333,cpsat,0.0088469823822379,OPTIMAL,high_19,high,True,,0.3333333333333333,30,0,0,0,True
0.0,0,0.0,0.3333333333333333,,,30,598.2125527309836,1.0,0.8566421611598329,0.3333333333333333,0.8315681444991792,30,,60,0,0.0,0,0.0,598.2125527309836,30,1.0,0.001270561479032,high_19__rho_0.333,easy,0.0012438697740435,,high_19,high,True,,0.3333333333333333,30,0,0,0,True
0.0,0,0.0,0.3333333333333333,,,30,598.2125527309836,1.0,0.8566421611598329,0.3333333333333333,0.8315681444991792,30,,60,0,0.0,0,0.0,598.2125527309836,30,1.0,0.0003283526748418,high_19__rho_0.333,heft,0.0003066919744014,,high_19,high,True,,0.3333333333333333,30,0,0,0,True
0.0,0,0.0,0.3333333333333333,31.0,,30,598.2125527309836,1.0,0.8566421611598329,0.3333333333333333,0.8315681444991792,30,30.0,60,0,0.0,0,0.0,598.2125527309836,30,1.0,9.617984390817584,high_19__rho_0.333,replica,9.61791743990034,,high_19,high,True,9.392338747158648,0.3333333333333333,30,0,0,0,True
0.0,0,0.0,0.3333333333333333,,,30,555.732,1.0,0.837032955990735,0.3333333333333333,0.7678160919540231,30,,60,0,555.732,30,1.0,0.0,0,0.0,0.0084879286587238,high_20__rho_0.333,cpsat,0.0083261486142873,OPTIMAL,high_20,high,True,,0.3333333333333333,30,0,0,0,True
0.0,0,0.0,0.3333333333333333,,,30,555.7293132080231,1.0,0.837032955990735,0.3333333333333333,0.7678160919540231,30,,60,0,555.7293132080231,30,1.0,0.0,0,0.0,0.0011355495080351,high_20__rho_0.333,easy,0.001113848760724,,high_20,high,True,,0.3333333333333333,30,0,0,0,True
0.0,0,0.0,0.3333333333333333,,,30,555.7293132080231,1.0,0.837032955990735,0.3333333333333333,0.7678160919540231,30,,60,0,555.7293132080231,30,1.0,0.0,0,0.0,0.0002990216016769,high_20__rho_0.333,heft,0.0002781320363283,,high_20,high,True,,0.3333333333333333,30,0,0,0,True
0.0,0,0.0,0.3333333333333333,31.0,,30,555.7293132080231,1.0,0.837032955990735,0.3333333333333333,0.7678160919540231,30,30.0,60,0,555.7293132080231,30,1.0,0.0,0,0.0,9.554086717776954,high_20__rho_0.333,replica,9.553886727429926,,high_20,high,True,9.407702958211305,0.3333333333333333,30,0,0,0,True
960.075,30,1.0,0.3333333333333333,,,30,960.075,1.0,0.8147483616156895,0.3333333333333333,0.7656403940886701,30,,60,0,0.0,0,0.0,0.0,0,0.0,0.0104960910975933,moderate_01__rho_0.333,cpsat,0.0103296600282192,OPTIMAL,moderate_01,moderate,True,,0.3333333333333333,30,0,0,0,True
960.0754383178428,30,1.0,0.3333333333333333,,,30,960.0754383178428,1.0,0.8147483616156895,0.3333333333333333,0.7656403940886701,30,,60,0,0.0,0,0.0,0.0,0,0.0,0.0010452782735228,moderate_01__rho_0.333,easy,0.0010260278359055,,moderate_01,moderate,True,,0.3333333333333333,30,0,0,0,True
960.0754383178428,30,1.0,0.3333333333333333,,,30,960.0754383178428,1.0,0.8147483616156895,0.3333333333333333,0.7656403940886701,30,,60,0,0.0,0,0.0,0.0,0,0.0,0.0002575712278485,moderate_01__rho_0.333,heft,0.0002409517765045,,moderate_01,moderate,True,,0.3333333333333333,30,0,0,0,True
960.0754383178428,30,1.0,0.3333333333333333,31.0,,30,960.0754383178428,1.0,0.8147483616156895,0.3333333333333333,0.7656403940886701,30,30.0,60,0,0.0,0,0.0,0.0,0,0.0,10.101361125707626,moderate_01__rho_0.333,replica,10.101235513575377,,moderate_01,moderate,True,9.953835484571757,0.3333333333333333,30,0,0,0,True
0.0,0,0.0,0.3333333333333333,,,30,555.732,1.0,0.8483080074770305,0.3333333333333333,0.7758620689655172,30,,60,0,555.732,30,1.0,0.0,0,0.0,0.0101359374821186,moderate_02__rho_0.333,cpsat,0.0099219772964715,OPTIMAL,moderate_02,moderate,True,,0.3333333333333333,30,0,0,0,True
0.0,0,0.0,0.3333333333333333,,,30,555.7293132080231,1.0,0.8483080074770305,0.3333333333333333,0.7758620689655172,30,,60,0,555.7293132080231,30,1.0,0.0,0,0.0,0.0012761298567056,moderate_02__rho_0.333,easy,0.0012514200061559,,moderate_02,moderate,True,,0.3333333333333333,30,0,0,0,True
0.0,0,0.0,0.3333333333333333,,,30,555.7293132080231,1.0,0.8483080074770305,0.3333333333333333,0.7758620689655172,30,,60,0,555.7293132080231,30,1.0,0.0,0,0.0,0.0003518434241414,moderate_02__rho_0.333,heft,0.0003264620900154,,moderate_02,moderate,True,,0.3333333333333333,30,0,0,0,True
0.0,0,0.0,0.3333333333333333,31.0,,30,555.7293132080231,1.0,0.8483080074770305,0.3333333333333333,0.7758620689655172,30,30.0,60,0,555.7293132080231,30,1.0,0.0,0,0.0,9.994449380785229,moderate_02__rho_0.333,replica,9.99438760150224,,moderate_02,moderate,True,9.840814483352004,0.3333333333333333,30,0,0,0,True
0.0,0,0.0,0.3333333333333333,,,30,327.31,1.0,0.7934318555008211,0.5793050421109448,0.7498357963875206,30,,60,18,327.31,16,1.0,241.527,14,0.7379151263328343,0.0157025223597884,moderate_03__rho_0.333,cpsat,0.0154993301257491,OPTIMAL,moderate_03,moderate,True,,0.3333333333333333,30,0,0,0,True
0.0,0,0.0,0.3333333333333333,,,30,339.0801350349793,0.9652834538101654,0.7934318555008211,0.5591943996289556,0.7498357963875206,30,,60,18,327.3084438649821,16,0.9652834538101654,241.5266937459892,14,0.7122997450767011,0.0011562490835785,moderate_03__rho_0.333,easy,0.0011328281834721,,moderate_03,moderate,True,,0.3333333333333333,30,0,0,0,True
0.0,0,0.0,0.3333333333333333,,,30,337.8835260799606,0.9687019892988928,0.7934318555008211,0.561174777405746,0.7498357963875206,30,,60,18,327.3084438649821,16,0.9687019892988928,241.5266937459892,14,0.7148223429183451,0.0003062533214688,moderate_03__rho_0.333,heft,0.0002791322767734,,moderate_03,moderate,True,,0.3333333333333333,30,0,0,0,True
0.0,0,0.0,0.3333333333333333,31.0,,30,327.3084438649821,1.0,0.7934318555008211,0.5793058996522774,0.7498357963875206,30,23.0,60,18,327.3084438649821,16,1.0,241.5266937459892,14,0.7379176989568325,7.892435263842344,moderate_03__rho_0.333,replica,7.892375343479216,,moderate_03,moderate,True,7.777885629795492,0.3333333333333333,30,0,0,0,True
0.0,0,0.0,0.3333333333333333,,,30,598.211,1.0,0.7822140738120822,0.3333333333333333,0.7439655172413794,30,,60,0,0.0,0,0.0,598.211,30,1.0,0.0081481738016009,moderate_04__rho_0.333,cpsat,0.0077929114922881,OPTIMAL,moderate_04,moderate,True,,0.3333333333333333,30,0,0,0,True
0.0,0,0.0,0.3333333333333333,,,30,598.2125527309836,1.0,0.7822140738120822,0.3333333333333333,0.7439655172413794,30,,60,0,0.0,0,0.0,598.2125527309836,30,1.0,0.0010741287842392,moderate_04__rho_0.333,easy,0.0010456480085849,,moderate_04,moderate,True,,0.3333333333333333,30,0,0,0,True
0.0,0,0.0,0.3333333333333333,,,30,598.2125527309836,1.0,0.7822140738120822,0.3333333333333333,0.7439655172413794,30,,60,0,0.0,0,0.0,598.2125527309836,30,1.0,0.0002662520855665,moderate_04__rho_0.333,heft,0.0002486519515514,,moderate_04,moderate,True,,0.3333333333333333,30,0,0,0,True
0.0,0,0.0,0.3333333333333333,31.0,,30,598.2125527309836,1.0,0.7822140738120822,0.3333333333333333,0.7439655172413794,30,30.0,60,0,0.0,0,0.0,598.2125527309836,30,1.0,10.318294711411,moderate_04__rho_0.333,replica,10.318224160932004,,moderate_04,moderate,True,10.118130642920732,0.3333333333333333,30,0,0,0,True
943.082,14,0.999966069849456,0.3333333333333333,,,30,943.114,0.999966069849456,0.8198875447916399,0.3386529447482842,0.7901888341543514,30,,60,13,15.083000000000084,16,0.0159927643953966,0.0,0,0.0,0.0095451138913631,moderate_05__rho_0.333,cpsat,0.0093447426334023,OPTIMAL,moderate_05,moderate,True,,0.3333333333333333,30,0,0,0,True
943.0823894469067,14,0.9998409081558078,0.3333333333333333,,,30,943.232450036885,0.9998409081558078,0.8198875447916399,0.3386098089177103,0.7901888341543514,30,,60,13,15.08088956901338,16,0.0159885185973231,0.0,0,0.0,0.0010941782966256,moderate_05__rho_0.333,easy,0.0010713273659348,,moderate_05,moderate,True,,0.3333333333333333,30,0,0,0,True
943.0823894469067,14,0.9999646588257802,0.3333333333333333,,,30,943.115720263886,0.9999646588257802,0.8198875447916399,0.3386517187759397,0.7901888341543514,30,,60,13,15.08088956901338,16,0.0159904975020389,0.0,0,0.0,0.0003204913809895,moderate_05__rho_0.333,heft,0.0002970220521092,,moderate_05,moderate,True,,0.3333333333333333,30,0,0,0,True
943.0823894469067,14,0.9999659852721654,0.3333333333333333,31.0,,30,943.1144692288944,0.9999659852721654,0.8198875447916399,0.3386521679951639,0.7901888341543514,30,25.0,60,13,15.08088956901338,16,0.0159905187133262,0.0,0,0.0,8.295612128451467,moderate_05__rho_0.333,replica,8.295521427877247,,moderate_05,moderate,True,8.225302576087415,0.3333333333333333,30,0,0,0,True
959.74,25,1.0,0.3333333333333333,,,30,959.74,1.0,0.8566696159017366,0.3333968922138635,0.798346330671997,30,,60,7,0.0,0,0.0,0.1829999999999927,5,0.0001906766415904,0.0092086419463157,moderate_06__rho_0.333,cpsat,0.0090094804763793,OPTIMAL,moderate_06,moderate,True,,0.3333333333333333,30,0,0,0,True
959.7409788519144,25,0.9999100827248336,0.3333333333333333,,,30,959.8272839059136,0.9999100827248336,0.8566696159017366,0.3333671626019353,0.798346330671997,30,,60,7,0.0,0,0.0,0.1837158189955516,5,0.0001914050809724,0.0008329870179295,moderate_06__rho_0.333,easy,0.000813246704638,,moderate_06,moderate,True,,0.3333333333333333,30,0,0,0,True
959.7409788519144,25,0.9999083649033832,0.3333333333333333,,,30,959.8289328689134,0.9999083649033832,0.8566696159017366,0.3333665898851755,0.798346330671997,30,,60,7,0.0,0,0.0,0.1837158189955516,5,0.0001914047521431,0.0003293426707386,moderate_06__rho_0.333,heft,0.0003061825409531,,moderate_06,moderate,True,,0.3333333333333333,30,0,0,0,True
959.7409788519144,25,1.0,0.3333333333333333,31.0,,30,959.7409788519144,1.0,0.8566696159017366,0.3333971407643811,0.798346330671997,30,25.0,60,7,0.0,0,0.0,0.1837158189955516,5,0.0001914222931434,8.321197714656591,moderate_06__rho_0.333,replica,8.321127052418888,,moderate_06,moderate,True,8.207015422172844,0.3333333333333333,30,0,0,0,True
960.075,30,1.0,0.3333333333333333,,,30,960.075,1.0,0.7665977669620502,0.3333333333333333,1.0,30,,60,0,0.0,0,0.0,0.0,0,0.0,0.0082528432831168,moderate_07__rho_0.333,cpsat,0.0080694928765296,OPTIMAL,moderate_07,moderate,True,,0.3333333333333333,30,0,0,0,True
960.0754383178428,30,1.0,0.3333333333333333,,,30,960.0754383178428,1.0,0.7665977669620502,0.3333333333333333,1.0,30,,60,0,0.0,0,0.0,0.0,0,0.0,0.0010065073147416,moderate_07__rho_0.333,easy,0.0009870370849967,,moderate_07,moderate,True,,0.3333333333333333,30,0,0,0,True
960.0754383178428,30,1.0,0.3333333333333333,,,30,960.0754383178428,1.0,0.7665977669620502,0.3333333333333333,1.0,30,,60,0,0.0,0,0.0,0.0,0,0.0,0.0002524722367525,moderate_07__rho_0.333,heft,0.0002361619845032,,moderate_07,moderate,True,,0.3333333333333333,30,0,0,0,True
960.0754383178428,30,1.0,0.3333333333333333,31.0,,30,960.0754383178428,1.0,0.7665977669620502,0.3333333333333333,1.0,30,30.0,60,0,0.0,0,0.0,0.0,0,0.0,9.531441695988178,moderate_07__rho_0.333,replica,9.531394014135005,,moderate_07,moderate,True,9.32401580363512,0.3333333333333333,30,0,0,0,True
0.0,0,0.0,0.3333333333333333,,,30,555.732,1.0,0.7692697886256196,0.3333333333333333,0.7433087027914616,30,,60,0,555.732,30,1.0,0.0,0,0.0,0.007980203256011,moderate_08__rho_0.333,cpsat,0.0078078210353851,OPTIMAL,moderate_08,moderate,True,,0.3333333333333333,30,0,0,0,True
0.0,0,0.0,0.3333333333333333,,,30,555.7293132080231,1.0,0.7692697886256196,0.3333333333333333,0.7433087027914616,30,,60,0,555.7293132080231,30,1.0,0.0,0,0.0,0.0008450066670775,moderate_08__rho_0.333,easy,0.0008261455222964,,moderate_08,moderate,True,,0.3333333333333333,30,0,0,0,True
0.0,0,0.0,0.3333333333333333,,,30,555.7293132080231,1.0,0.7692697886256196,0.3333333333333333,0.7433087027914616,30,,60,0,555.7293132080231,30,1.0,0.0,0,0.0,0.0002813516184687,moderate_08__rho_0.333,heft,0.0002620425075292,,moderate_08,moderate,True,,0.3333333333333333,30,0,0,0,True
0.0,0,0.0,0.3333333333333333,31.0,,30,555.7293132080231,1.0,0.7692697886256196,0.3333333333333333,0.7433087027914616,30,30.0,60,0,555.7293132080231,30,1.0,0.0,0,0.0,10.070356618613005,moderate_08__rho_0.333,replica,10.070294967852533,,moderate_08,moderate,True,9.861854333430529,0.3333333333333333,30,0,0,0,True
407.884,12,1.0,0.3333333333333333,,,30,407.884,1.0,0.8183439675338936,0.5820004380330355,0.785344827586207,30,,60,11,304.282,18,0.7460013140991065,0.0,0,0.0,0.0112045584246516,moderate_09__rho_0.333,cpsat,0.0110335368663072,OPTIMAL,moderate_09,moderate,True,,0.3333333333333333,30,0,0,0,True
407.88522465433925,12,0.9996322362418036,0.3333333333333333,,,30,408.0352852443175,0.9996322362418036,0.8183439675338936,0.5817836099811016,0.785344827586207,30,,60,11,304.2794990929833,18,0.7457185937015012,0.0,0,0.0,0.0008717374876141,moderate_09__rho_0.333,easy,0.0008534472435712,,moderate_09,moderate,True,,0.3333333333333333,30,0,0,0,True
407.88522465433925,12,0.9857802918587,0.3333333333333333,,,30,413.76889761639177,0.9857802918587,0.8183439675338936,0.5737218109351273,0.785344827586207,30,,60,11,304.2794990929833,18,0.7353851409466816,0.0,0,0.0,0.0002493122592568,moderate_09__rho_0.333,heft,0.0002320222556591,,moderate_09,moderate,True,,0.3333333333333333,30,0,0,0,True
407.88522465433925,12,1.0,0.3333333333333333,31.0,,30,407.88522465433925,1.0,0.8183439675338936,0.581997647623253,0.785344827586207,30,25.0,60,11,304.2794990929833,18,0.745992942869759,0.0,0,0.0,8.004284435883164,moderate_09__rho_0.333,replica,8.004185275174677,,moderate_09,moderate,True,7.951711189001799,0.3333333333333333,30,0,0,0,True
0.0,0,0.0,0.3333333333333333,,,30,595.992,1.0,0.7761770015971335,0.3343378210893211,0.7698275862068967,30,,60,5,1.7960000000000491,3,0.0030134632679634,595.992,27,1.0,0.0093947341665625,moderate_10__rho_0.333,cpsat,0.0092371329665184,OPTIMAL,moderate_10,moderate,True,,0.3333333333333333,30,0,0,0,True
0.0,0,0.0,0.3333333333333333,,,30,595.9937940389864,1.0,0.7761770015971335,0.3343373959510983,0.7698275862068967,30,,60,5,1.795245267043356,3,0.0030121878532948,595.9937940389864,27,1.0,0.0008418867364525,moderate_10__rho_0.333,easy,0.0008232966065406,,moderate_10,moderate,True,,0.3333333333333333,30,0,0,0,True
0.0,0,0.0,0.3333333333333333,,,30,596.0277361180124,0.999943052853132,0.7761770015971335,0.3343183563903076,0.7698275862068967,30,,60,5,1.795245267043356,3,0.0030120163177907,595.9937940389864,27,0.999943052853132,0.0002647023648023,moderate_10__rho_0.333,heft,0.0002451920881867,,moderate_10,moderate,True,,0.3333333333333333,30,0,0,0,True
0.0,0,0.0,0.3333333333333333,31.0,,30,595.9937940389864,1.0,0.7761770015971335,0.3343373959510983,0.7698275862068967,30,27.0,60,5,1.795245267043356,3,0.0030121878532948,595.9937940389864,27,1.0,8.867123111151159,moderate_10__rho_0.333,replica,8.866985039785504,,moderate_10,moderate,True,8.693962131626904,0.3333333333333333,30,0,0,0,True
0.0,0,0.0,0.3333333333333333,,,30,598.211,1.0,0.853295927236511,0.3333333333333333,0.8172413793103448,30,,60,0,0.0,0,0.0,598.211,30,1.0,0.0084361769258975,moderate_11__rho_0.333,cpsat,0.0082715051248669,OPTIMAL,moderate_11,moderate,True,,0.3333333333333333,30,0,0,0,True
0.0,0,0.0,0.3333333333333333,,,30,598.2125527309836,1.0,0.853295927236511,0.3333333333333333,0.8172413793103448,30,,60,0,0.0,0,0.0,598.2125527309836,30,1.0,0.0010152580216526,moderate_11__rho_0.333,easy,0.000994618050754,,moderate_11,moderate,True,,0.3333333333333333,30,0,0,0,True
0.0,0,0.0,0.3333333333333333,,,30,598.2125527309836,1.0,0.853295927236511,0.3333333333333333,0.8172413793103448,30,,60,0,0.0,0,0.0,598.2125527309836,30,1.0,0.0003430116921663,moderate_11__rho_0.333,heft,0.0003200424835085,,moderate_11,moderate,True,,0.3333333333333333,30,0,0,0,True
0.0,0,0.0,0.3333333333333333,31.0,,30,598.2125527309836,1.0,0.853295927236511,0.3333333333333333,0.8172413793103448,30,30.0,60,0,0.0,0,0.0,598.2125527309836,30,1.0,9.84442592598498,moderate_11__rho_0.333,replica,9.84436591528356,,moderate_11,moderate,True,9.698585278354583,0.3333333333333333,30,0,0,0,True
342.042,3,0.94417361828049,0.3333333333333333,,,30,362.266,0.94417361828049,0.8419863515724942,0.6436991970909037,0.7697581175788123,30,,60,14,326.135,16,0.9002638944863718,31.394000000000005,11,0.0866600785058493,0.0096962768584489,moderate_12__rho_0.333,cpsat,0.0094930958002805,OPTIMAL,moderate_12,moderate,True,,0.3333333333333333,30,0,0,0,True
342.0425065467134,3,0.9439949928601274,0.3333333333333333,,,30,362.335085602932,0.9439949928601274,0.8419863515724942,0.6435763688710578,0.7697581175788123,30,,60,14,326.13419396904646,16,0.900090018680784,31.39419560499664,11,0.086644095072262,0.0010820785537362,moderate_12__rho_0.333,easy,0.001059309579432,,moderate_12,moderate,True,,0.3333333333333333,30,0,0,0,True
342.0425065467134,3,0.9440755898614516,0.3333333333333333,,,30,362.3041525699337,0.9440755898614516,0.8419863515724942,0.6436313165411687,0.7697581175788123,30,,60,14,326.13419396904646,16,0.9001668671354643,31.39419560499664,11,0.0866514926265902,0.0004904642701148,moderate_12__rho_0.333,heft,0.0004562735557556,,moderate_12,moderate,True,,0.3333333333333333,30,0,0,0,True
342.0425065467134,3,0.9441747459645948,0.3333333333333333,31.0,,30,362.2661038209335,0.9441747459645948,0.8419863515724942,0.6436989170319499,0.7697581175788123,30,21.0,60,14,326.13419396904646,16,0.9002614115127181,31.39419560499664,11,0.0866605936185369,6.827735579572618,moderate_12__rho_0.333,replica,6.827684409916401,,moderate_12,moderate,True,6.808550377376378,0.3333333333333333,30,0,0,0,True
20.466999999999985,3,0.0621419180893796,0.3333333333333333,,,30,329.359,1.0,0.854072432670544,0.5846649603219182,0.7941571423704435,30,,60,13,329.359,20,1.0,227.868,7,0.6918529628763751,0.0085699176415801,moderate_13__rho_0.333,cpsat,0.0084076467901468,OPTIMAL,moderate_13,moderate,True,,0.3333333333333333,30,0,0,0,True
20.467941587790847,3,0.0616105610849061,0.3333333333333333,,,30,332.21482205922075,0.9913985592801772,0.854072432670544,0.5796377230140993,0.7941571423704435,30,,60,13,329.3572959610319,20,0.9913985592801772,227.8674914809999,7,0.6859040486772144,0.0009172381833195,moderate_13__rho_0.333,easy,0.0008987365290522,,moderate_13,moderate,True,,0.3333333333333333,30,0,0,0,True
20.467941587790847,3,0.0620967415584795,0.3333333333333333,,,30,329.61377801949857,0.9992218709423868,0.854072432670544,0.5842117528186264,0.7941571423704435,30,,60,13,329.3572959610319,20,0.9992218709423868,227.8674914809999,7,0.6913166459550129,0.0003128731623291,moderate_13__rho_0.333,heft,0.0002918727695941,,moderate_13,moderate,True,,0.3333333333333333,30,0,0,0,True
20.467941587790847,3,0.0621450984653836,0.3333333333333333,31.0,,30,329.3572959610319,1.0,0.854072432670544,0.5846666989661108,0.7941571423704435,30,24.0,60,13,329.3572959610319,20,1.0,227.8674914809999,7,0.6918549984329485,7.819667113944888,moderate_13__rho_0.333,replica,7.819581402465701,,moderate_13,moderate,True,7.74212643597275,0.3333333333333333,30,0,0,0,True
370.229,17,1.0,0.3333333333333333,,,30,370.229,1.0,0.8464396615010451,0.663851292038171,0.7332358740123356,30,,60,12,0.0,0,0.0,367.102,13,0.9915538761145128,0.0094912964850664,moderate_14__rho_0.333,cpsat,0.009323994629085,OPTIMAL,moderate_14,moderate,True,,0.3333333333333333,30,0,0,0,True
370.23013035114855,17,0.9691842014702392,0.3333333333333333,,,30,382.00182152114576,0.9691842014702392,0.8464396615010451,0.6433932331535831,0.7332358740123356,30,,60,12,0.0,0,0.0,367.1020307059953,13,0.9609954979905098,0.0008819568902254,moderate_14__rho_0.333,easy,0.0008610170334577,,moderate_14,moderate,True,,0.3333333333333333,30,0,0,0,True
370.23013035114855,17,0.9993936331952068,0.3333333333333333,,,30,370.4547618213946,0.9993936331952068,0.8464396615010451,0.663447773786596,0.7332358740123356,30,,60,12,0.0,0,0.0,367.1020307059953,13,0.9909496881645814,0.000408113002777,moderate_14__rho_0.333,heft,0.0003809630870819,,moderate_14,moderate,True,,0.3333333333333333,30,0,0,0,True
370.23013035114855,17,0.9990319818548824,0.3333333333333333,31.0,,30,370.5888670988789,0.9990319818548824,0.8464396615010451,0.6632076914320008,0.7332358740123356,30,27.0,60,12,0.0,0,0.0,367.1020307059953,13,0.9905910924411196,8.993562255054712,moderate_14__rho_0.333,replica,8.993489275686443,,moderate_14,moderate,True,8.959800286218524,0.3333333333333333,30,0,0,0,True
0.1270000000000095,2,0.0003365433027882,0.3333333333333333,,,30,377.366,1.0,0.8190069988359068,0.5111986771463248,0.771898530115061,30,,60,10,201.23400000000004,4,0.5332594881361862,377.366,24,1.0,0.0090095223858952,moderate_15__rho_0.333,cpsat,0.0088521800935268,OPTIMAL,moderate_15,moderate,True,,0.3333333333333333,30,0,0,0,True
0.1267391545698046,2,0.0003358514724503,0.3333333333333333,,,30,377.36667832699095,1.0,0.8190069988359068,0.5111977889651057,0.771898530115061,30,,60,10,201.23361728803135,4,0.5332575154228668,377.36667832699095,24,1.0,0.0008868975564837,moderate_15__rho_0.333,easy,0.0008679870516061,,moderate_15,moderate,True,,0.3333333333333333,30,0,0,0,True
0.1267391545698046,2,0.0003358487944595,0.3333333333333333,,,30,377.3696873730187,0.9999920262646196,0.8190069988359068,0.5111937128092093,0.771898530115061,30,,60,10,201.23361728803135,4,0.5332532633685492,377.36667832699095,24,0.9999920262646196,0.0002633323892951,moderate_15__rho_0.333,heft,0.0002462519332766,,moderate_15,moderate,True,,0.3333333333333333,30,0,0,0,True
0.1267391545698046,2,0.0003358514724503,0.3333333333333333,31.0,,30,377.36667832699095,1.0,0.8190069988359068,0.5111977889651057,0.771898530115061,30,24.0,60,10,201.23361728803135,4,0.5332575154228668,377.36667832699095,24,1.0,7.782696368172765,moderate_15__rho_0.333,replica,7.782608637586236,,moderate_15,moderate,True,7.6674638064578176,0.3333333333333333,30,0,0,0,True
0.0,0,0.0,0.3333333333333333,,,30,555.732,1.0,0.8473171363283396,0.3333333333333333,0.3377427812347328,30,,60,0,555.732,30,1.0,0.0,0,0.0,0.0083562163636088,moderate_16__rho_0.333,cpsat,0.0081955548375844,OPTIMAL,moderate_16,moderate,True,,0.3333333333333333,30,0,0,0,True
0.0,0,0.0,0.3333333333333333,,,30,555.7293132080231,1.0,0.8473171363283396,0.3333333333333333,0.3377427812347328,30,,60,0,555.7293132080231,30,1.0,0.0,0,0.0,0.000894677825272,moderate_16__rho_0.333,easy,0.0008750474080443,,moderate_16,moderate,True,,0.3333333333333333,30,0,0,0,True
0.0,0,0.0,0.3333333333333333,,,30,555.7293132080231,1.0,0.8473171363283396,0.3333333333333333,0.3377427812347328,30,,60,0,555.7293132080231,30,1.0,0.0,0,0.0,0.0002728831022977,moderate_16__rho_0.333,heft,0.0002526016905903,,moderate_16,moderate,True,,0.3333333333333333,30,0,0,0,True
0.0,0,0.0,0.3333333333333333,31.0,,30,555.7293132080231,1.0,0.8473171363283396,0.3333333333333333,0.3377427812347328,30,30.0,60,0,555.7293132080231,30,1.0,0.0,0,0.0,10.096945993602276,moderate_16__rho_0.333,replica,10.096817562356591,,moderate_16,moderate,True,9.895835102535784,0.3333333333333333,30,0,0,0,True
0.0,0,0.0,0.3333333333333333,,,30,598.211,1.0,0.7927528010484292,0.3333333333333333,0.7288998357963874,30,,60,0,0.0,0,0.0,598.211,30,1.0,0.0076258508488535,moderate_17__rho_0.333,cpsat,0.0074698496609926,OPTIMAL,moderate_17,moderate,True,,0.3333333333333333,30,0,0,0,True
0.0,0,0.0,0.3333333333333333,,,30,598.2125527309836,1.0,0.7927528010484292,0.3333333333333333,0.7288998357963874,30,,60,0,0.0,0,0.0,598.2125527309836,30,1.0,0.0010311882942914,moderate_17__rho_0.333,easy,0.0010071573778986,,moderate_17,moderate,True,,0.3333333333333333,30,0,0,0,True
0.0,0,0.0,0.3333333333333333,,,30,598.2125527309836,1.0,0.7927528010484292,0.3333333333333333,0.7288998357963874,30,,60,0,0.0,0,0.0,598.2125527309836,30,1.0,0.0002577425912022,moderate_17__rho_0.333,heft,0.0002404721453785,,moderate_17,moderate,True,,0.3333333333333333,30,0,0,0,True
0.0,0,0.0,0.3333333333333333,31.0,,30,598.2125527309836,1.0,0.7927528010484292,0.3333333333333333,0.7288998357963874,30,30.0,60,0,0.0,0,0.0,598.2125527309836,30,1.0,9.964579593390226,moderate_17__rho_0.333,replica,9.96450330130756,,moderate_17,moderate,True,9.746715135872364,0.3333333333333333,30,0,0,0,True
879.554,20,1.0,0.3333333333333333,,,30,879.554,1.0,0.8950328407224958,0.3518984242771526,0.8233517016646402,30,,60,14,0.0,0,0.0,48.98700000000007,10,0.0556952728314578,0.0094426749274134,moderate_18__rho_0.333,cpsat,0.0091258827596902,OPTIMAL,moderate_18,moderate,True,,0.3333333333333333,30,0,0,0,True
879.5546115497127,20,0.9867339109356564,0.3333333333333333,,,30,891.3797344977102,0.9867339109356564,0.8950328407224958,0.3472301833793057,0.8233517016646402,30,,60,14,0.0,0,0.0,48.98723446099757,10,0.0549566392022606,0.0009872475638985,moderate_18__rho_0.333,easy,0.0009617069736123,,moderate_18,moderate,True,,0.3333333333333333,30,0,0,0,True
879.5546115497127,20,0.9980373725016328,0.3333333333333333,,,30,881.2842442413385,0.9980373725016328,0.8950328407224958,0.3512078545517225,0.8233517016646402,30,,60,14,0.0,0,0.0,48.98723446099757,10,0.0555861911535348,0.0002594320103526,moderate_18__rho_0.333,heft,0.0002395417541265,,moderate_18,moderate,True,,0.3333333333333333,30,0,0,0,True
879.5546115497127,20,1.0,0.3333333333333333,31.0,,30,879.5546115497127,1.0,0.8950328407224958,0.3518985002248981,0.8233517016646402,30,23.0,60,14,0.0,0,0.0,48.98723446099757,10,0.0556955006746943,7.37258115876466,moderate_18__rho_0.333,replica,7.372499308548868,,moderate_18,moderate,True,7.231769997626543,0.3333333333333333,30,0,0,0,True
592.736,22,1.0,0.3333333333333333,,,30,592.736,1.0,0.8762725779967157,0.4678052286346704,0.7972085385878492,30,,60,8,0.0,0,0.0,239.119,8,0.4034156859040112,0.0082529857754707,moderate_19__rho_0.333,cpsat,0.0080775637179613,OPTIMAL,moderate_19,moderate,True,,0.3333333333333333,30,0,0,0,True
592.7360152360052,22,1.0,0.3333333333333333,,,30,592.7360152360052,1.0,0.8762725779967157,0.4678051642223869,0.7972085385878492,30,,60,8,0.0,0,0.0,239.11889160800277,8,0.4034154926671607,0.0010565593838691,moderate_19__rho_0.333,easy,0.0010371776297688,,moderate_19,moderate,True,,0.3333333333333333,30,0,0,0,True
592.7360152360052,22,1.0,0.3333333333333333,,,30,592.7360152360052,1.0,0.8762725779967157,0.4678051642223869,0.7972085385878492,30,,60,8,0.0,0,0.0,239.11889160800277,8,0.4034154926671607,0.000245202332735,moderate_19__rho_0.333,heft,0.0002282811328768,,moderate_19,moderate,True,,0.3333333333333333,30,0,0,0,True
592.7360152360052,22,1.0,0.3333333333333333,31.0,,30,592.7360152360052,1.0,0.8762725779967157,0.4678051642223869,0.7972085385878492,30,26.0,60,8,0.0,0,0.0,239.11889160800277,8,0.4034154926671607,8.323872081004083,moderate_19__rho_0.333,replica,8.32379802223295,,moderate_19,moderate,True,8.231205710209906,0.3333333333333333,30,0,0,0,True
6.51299999999992,10,0.0109686165868115,0.3333333333333333,,,30,593.785,1.0,0.8792122636720584,0.3369895388622705,0.7445143755978382,30,,60,12,0.0,0,0.0,593.785,20,1.0,0.0091669727116823,moderate_20__rho_0.333,cpsat,0.009013332426548,OPTIMAL,moderate_20,moderate,True,,0.3333333333333333,30,0,0,0,True
6.512273392640054,10,0.0109624668078453,0.3333333333333333,,,30,594.0518230786802,0.9995498366433836,0.8792122636720584,0.336837434483743,0.7445143755978382,30,,60,12,0.0,0,0.0,593.784402715999,20,0.9995498366433836,0.0011056987568736,moderate_20__rho_0.333,easy,0.0010856883600354,,moderate_20,moderate,True,,0.3333333333333333,30,0,0,0,True
6.512273392640054,10,0.010966689552895,0.3333333333333333,,,30,593.8230822738005,0.9999348634989844,0.8792122636720584,0.3369671843506265,0.7445143755978382,30,,60,12,0.0,0,0.0,593.784402715999,20,0.9999348634989844,0.0003845728933811,moderate_20__rho_0.333,heft,0.0003582527860999,,moderate_20,moderate,True,,0.3333333333333333,30,0,0,0,True
6.512273392640054,10,0.0109674039312124,0.3333333333333333,31.0,,30,593.784402715999,1.0,0.8792122636720584,0.3369891346437375,0.7445143755978382,30,23.0,60,12,0.0,0,0.0,593.784402715999,20,1.0,7.292509492486715,moderate_20__rho_0.333,replica,7.292435481213033,,moderate_20,moderate,True,7.1575389336794615,0.3333333333333333,30,0,0,0,True
960.075,30,1.0,0.3333333333333333,,,30,960.075,1.0,0.816509449254992,0.3333333333333333,0.7707567068084659,30,,60,0,0.0,0,0.0,0.0,0,0.0,0.0101362783461809,nominal_01__rho_0.333,cpsat,0.0099419271573424,OPTIMAL,nominal_01,nominal,True,,0.3333333333333333,30,0,0,0,True
960.0754383178428,30,1.0,0.3333333333333333,,,30,960.0754383178428,1.0,0.816509449254992,0.3333333333333333,0.7707567068084659,30,,60,0,0.0,0,0.0,0.0,0,0.0,0.0010415986180305,nominal_01__rho_0.333,easy,0.0010189274325966,,nominal_01,nominal,True,,0.3333333333333333,30,0,0,0,True
960.0754383178428,30,1.0,0.3333333333333333,,,30,960.0754383178428,1.0,0.816509449254992,0.3333333333333333,0.7707567068084659,30,,60,0,0.0,0,0.0,0.0,0,0.0,0.000324772670865,nominal_01__rho_0.333,heft,0.0003034733235836,,nominal_01,nominal,True,,0.3333333333333333,30,0,0,0,True
960.0754383178428,30,1.0,0.3333333333333333,31.0,,30,960.0754383178428,1.0,0.816509449254992,0.3333333333333333,0.7707567068084659,30,30.0,60,0,0.0,0,0.0,0.0,0,0.0,9.8152456888929,nominal_01__rho_0.333,replica,9.815169028937817,,nominal_01,nominal,True,9.604519374668598,0.3333333333333333,30,0,0,0,True
0.0,0,0.0,0.3333333333333333,,,30,555.732,1.0,0.8007774010394832,0.3333333333333333,0.7183908045977011,30,,60,0,555.732,30,1.0,0.0,0,0.0,0.008537009358406,severe_01__rho_0.333,cpsat,0.0083730295300483,OPTIMAL,severe_01,severe,True,,0.3333333333333333,30,0,0,0,True
0.0,0,0.0,0.3333333333333333,,,30,555.7293132080231,1.0,0.8007774010394832,0.3333333333333333,0.7183908045977011,30,,60,0,555.7293132080231,30,1.0,0.0,0,0.0,0.000956367701292,severe_01__rho_0.333,easy,0.0009368173778057,,severe_01,severe,True,,0.3333333333333333,30,0,0,0,True
0.0,0,0.0,0.3333333333333333,,,30,555.7293132080231,1.0,0.8007774010394832,0.3333333333333333,0.7183908045977011,30,,60,0,555.7293132080231,30,1.0,0.0,0,0.0,0.0002655126154422,severe_01__rho_0.333,heft,0.0002475613728165,,severe_01,severe,True,,0.3333333333333333,30,0,0,0,True
0.0,0,0.0,0.3333333333333333,31.0,,30,555.7293132080231,1.0,0.8007774010394832,0.3333333333333333,0.7183908045977011,30,30.0,60,0,555.7293132080231,30,1.0,0.0,0,0.0,9.574445211328566,severe_01__rho_0.333,replica,9.574354351498188,,severe_01,severe,True,9.359225649386644,0.3333333333333333,30,0,0,0,True
0.0,0,0.0,0.3333333333333333,,,30,317.279,1.0,0.8968910601300593,0.6015714875551171,0.8533088431554412,30,,60,13,317.279,14,1.0,255.319,16,0.8047144626653513,0.0109023889526724,severe_02__rho_0.333,cpsat,0.0107365874573588,OPTIMAL,severe_02,severe,True,,0.3333333333333333,30,0,0,0,True
0.0,0,0.0,0.3333333333333333,,,30,317.2799646569765,1.0,0.8968910601300593,0.6015718979304046,0.8533088431554412,30,,60,13,317.2799646569765,14,1.0,255.3201668849906,16,0.8047156937912137,0.0009429473429918,severe_02__rho_0.333,easy,0.000924777239561,,severe_02,severe,True,,0.3333333333333333,30,0,0,0,True
0.0,0,0.0,0.3333333333333333,,,30,317.3301759279566,0.9998417696305332,0.8968910601300593,0.6014767109867342,0.8533088431554412,30,,60,13,317.2799646569765,14,0.9998417696305332,255.3201668849906,16,0.8045883633296693,0.0003587622195482,severe_02__rho_0.333,heft,0.0003403024747967,,severe_02,severe,True,,0.3333333333333333,30,0,0,0,True
0.0,0,0.0,0.3333333333333333,31.0,,30,317.3269566379604,0.9998519130505592,0.8968910601300593,0.6014828129831707,0.8533088431554412,30,25.0,60,13,317.2799646569765,14,0.9998519130505592,255.3201668849906,16,0.8045965258989529,7.912275727838278,severe_02__rho_0.333,replica,7.912208646535873,,severe_02,severe,True,7.876079499721527,0.3333333333333333,30,0,0,0,True
0.0,0,0.0,0.3333333333333333,,,30,552.476,1.0,1.0,0.3359693452747268,0.778123866618971,30,,60,6,552.476,27,1.0,4.369000000000028,3,0.0079080358241806,0.0095764175057411,severe_03__rho_0.333,cpsat,0.0093173058703541,OPTIMAL,severe_03,severe,True,,0.3333333333333333,30,0,0,0,True
0.0,0,0.0,0.3333333333333333,,,30,552.4733952819952,1.0,1.0,0.3359697506289065,0.778123866618971,30,,60,6,552.4733952819952,27,1.0,4.369651243996486,3,0.0079092518867195,0.0008853878825902,severe_03__rho_0.333,easy,0.0008663879707455,,severe_03,severe,True,,0.3333333333333333,30,0,0,0,True
0.0,0,0.0,0.3333333333333333,,,30,552.70666527902,0.9995779497305194,1.0,0.3358279545051162,0.778123866618971,30,,60,6,552.4733952819952,27,0.9995779497305194,4.369651243996486,3,0.0079059137848293,0.0002640923485159,severe_03__rho_0.333,heft,0.0002448912709951,,severe_03,severe,True,,0.3333333333333333,30,0,0,0,True
0.0,0,0.0,0.3333333333333333,31.0,,30,552.4733952819952,1.0,1.0,0.3359697506289065,0.778123866618971,30,27.0,60,6,552.4733952819952,27,1.0,4.369651243996486,3,0.0079092518867195,8.647333079017699,severe_03__rho_0.333,replica,8.647133027203381,,severe_03,severe,True,8.51769335847348,0.3333333333333333,30,0,0,0,True
0.0,0,0.0,0.3333333333333333,,,30,598.211,1.0,0.824367185416876,0.3333333333333333,0.7686781609195402,30,,60,0,0.0,0,0.0,598.211,30,1.0,0.0083023076876997,severe_04__rho_0.333,cpsat,0.0081465477123856,OPTIMAL,severe_04,severe,True,,0.3333333333333333,30,0,0,0,True
0.0,0,0.0,0.3333333333333333,,,30,598.2125527309836,1.0,0.824367185416876,0.3333333333333333,0.7686781609195402,30,,60,0,0.0,0,0.0,598.2125527309836,30,1.0,0.0011630384251475,severe_04__rho_0.333,easy,0.0011440590023994,,severe_04,severe,True,,0.3333333333333333,30,0,0,0,True
0.0,0,0.0,0.3333333333333333,,,30,598.2125527309836,1.0,0.824367185416876,0.3333333333333333,0.7686781609195402,30,,60,0,0.0,0,0.0,598.2125527309836,30,1.0,0.0003751730546355,severe_04__rho_0.333,heft,0.0003576623275876,,severe_04,severe,True,,0.3333333333333333,30,0,0,0,True
0.0,0,0.0,0.3333333333333333,31.0,,30,598.2125527309836,1.0,0.824367185416876,0.3333333333333333,0.7686781609195402,30,30.0,60,0,0.0,0,0.0,598.2125527309836,30,1.0,9.603215163573624,severe_04__rho_0.333,replica,9.603147622197866,,severe_04,severe,True,9.46073277387768,0.3333333333333333,30,0,0,0,True
0.0,0,0.0,0.3333333333333333,,,30,553.84,1.0,0.8153940886699509,0.334724228417353,0.7826401730697169,30,,60,11,553.84,22,1.0,2.311000000000263,8,0.0041726852520588,0.0078131537884473,severe_05__rho_0.333,cpsat,0.0076542822644114,OPTIMAL,severe_05,severe,True,,0.3333333333333333,30,0,0,0,True
0.0,0,0.0,0.3333333333333333,,,30,553.8376194500015,1.0,0.8153940886699509,0.3347242496746532,0.7826401730697169,30,,60,11,553.8376194500015,22,1.0,2.3110253859922523,8,0.0041727490239598,0.0009668581187725,severe_05__rho_0.333,easy,0.000947467982769,,severe_05,severe,True,,0.3333333333333333,30,0,0,0,True
0.0,0,0.0,0.3333333333333333,,,30,554.1736464259884,0.999393643169151,0.8153940886699509,0.3345212873394123,0.7826401730697169,30,,60,11,553.8376194500015,22,0.999393643169151,2.3110253859922523,8,0.0041702188490857,0.0002666031941771,severe_05__rho_0.333,heft,0.0002486733719706,,severe_05,severe,True,,0.3333333333333333,30,0,0,0,True
0.0,0,0.0,0.3333333333333333,31.0,,30,553.8376194500015,1.0,0.8153940886699509,0.3347242496746532,0.7826401730697169,30,24.0,60,11,553.8376194500015,22,1.0,2.3110253859922523,8,0.0041727490239598,7.595500173047185,severe_05__rho_0.333,replica,7.595443842932582,,severe_05,severe,True,7.490319656208157,0.3333333333333333,30,0,0,0,True
0.0,0,0.0,0.3333333333333333,,,30,555.732,1.0,0.9434113300492613,0.3333333333333333,0.8090343246760886,30,,60,0,555.732,30,1.0,0.0,0,0.0,0.008203187957406,severe_06__rho_0.333,cpsat,0.0080357054248452,OPTIMAL,severe_06,severe,True,,0.3333333333333333,30,0,0,0,True
0.0,0,0.0,0.3333333333333333,,,30,555.7293132080231,1.0,0.9434113300492613,0.3333333333333333,0.8090343246760886,30,,60,0,555.7293132080231,30,1.0,0.0,0,0.0,0.0011438792571425,severe_06__rho_0.333,easy,0.0011249398812651,,severe_06,severe,True,,0.3333333333333333,30,0,0,0,True
0.0,0,0.0,0.3333333333333333,,,30,555.7293132080231,1.0,0.9434113300492613,0.3333333333333333,0.8090343246760886,30,,60,0,555.7293132080231,30,1.0,0.0,0,0.0,0.0003536222502589,severe_06__rho_0.333,heft,0.0003366535529494,,severe_06,severe,True,,0.3333333333333333,30,0,0,0,True
0.0,0,0.0,0.3333333333333333,31.0,,30,555.7293132080231,1.0,0.9434113300492613,0.3333333333333333,0.8090343246760886,30,30.0,60,0,555.7293132080231,30,1.0,0.0,0,0.0,9.587867925874887,severe_06__rho_0.333,replica,9.587788335047662,,severe_06,severe,True,9.437662817537785,0.3333333333333333,30,0,0,0,True
0.0,0,0.0,0.3333333333333333,,,30,555.732,1.0,0.8711049941532037,0.3333333333333333,0.7274454667940946,30,,60,0,555.732,30,1.0,0.0,0,0.0,0.0078615443781018,severe_07__rho_0.333,cpsat,0.0076173627749085,OPTIMAL,severe_07,severe,True,,0.3333333333333333,30,0,0,0,True
0.0,0,0.0,0.3333333333333333,,,30,555.7293132080231,1.0,0.8711049941532037,0.3333333333333333,0.7274454667940946,30,,60,0,555.7293132080231,30,1.0,0.0,0,0.0,0.0009647775441408,severe_07__rho_0.333,easy,0.000945427455008,,severe_07,severe,True,,0.3333333333333333,30,0,0,0,True
0.0,0,0.0,0.3333333333333333,,,30,555.7293132080231,1.0,0.8711049941532037,0.3333333333333333,0.7274454667940946,30,,60,0,555.7293132080231,30,1.0,0.0,0,0.0,0.0003761434927582,severe_07__rho_0.333,heft,0.000358042307198,,severe_07,severe,True,,0.3333333333333333,30,0,0,0,True
0.0,0,0.0,0.3333333333333333,31.0,,30,555.7293132080231,1.0,0.8711049941532037,0.3333333333333333,0.7274454667940946,30,30.0,60,0,555.7293132080231,30,1.0,0.0,0,0.0,9.53733690828085,severe_07__rho_0.333,replica,9.537253856658936,,severe_07,severe,True,9.391408543102443,0.3333333333333333,30,0,0,0,True
0.0,0,0.0,0.3333333333333333,,,30,598.211,1.0,0.8876763446249784,0.3333333333333333,0.3491367758041956,30,,60,0,0.0,0,0.0,598.211,30,1.0,0.0087119508534669,severe_08__rho_0.333,cpsat,0.0085546504706144,OPTIMAL,severe_08,severe,True,,0.3333333333333333,30,0,0,0,True
0.0,0,0.0,0.3333333333333333,,,30,598.2125527309836,1.0,0.8876763446249784,0.3333333333333333,0.3491367758041956,30,,60,0,0.0,0,0.0,598.2125527309836,30,1.0,0.0011497484520077,severe_08__rho_0.333,easy,0.0011303294450044,,severe_08,severe,True,,0.3333333333333333,30,0,0,0,True
0.0,0,0.0,0.3333333333333333,,,30,598.2125527309836,1.0,0.8876763446249784,0.3333333333333333,0.3491367758041956,30,,60,0,0.0,0,0.0,598.2125527309836,30,1.0,0.0003522429615259,severe_08__rho_0.333,heft,0.0003338921815156,,severe_08,severe,True,,0.3333333333333333,30,0,0,0,True
0.0,0,0.0,0.3333333333333333,31.0,,30,598.2125527309836,1.0,0.8876763446249784,0.3333333333333333,0.3491367758041956,30,30.0,60,0,0.0,0,0.0,598.2125527309836,30,1.0,9.441902256570756,severe_08__rho_0.333,replica,9.441837075166404,,severe_08,severe,True,9.299442700110376,0.3333333333333333,30,0,0,0,True
0.0,0,0.0,0.3333333333333333,,,30,598.211,1.0,0.9001462947979952,0.3333333333333333,0.8237495243075939,30,,60,0,0.0,0,0.0,598.211,30,1.0,0.008488249965012,severe_09__rho_0.333,cpsat,0.0082996673882007,OPTIMAL,severe_09,severe,True,,0.3333333333333333,30,0,0,0,True
0.0,0,0.0,0.3333333333333333,,,30,598.2125527309836,1.0,0.9001462947979952,0.3333333333333333,0.8237495243075939,30,,60,0,0.0,0,0.0,598.2125527309836,30,1.0,0.0009503467008471,severe_09__rho_0.333,easy,0.0009310375899076,,severe_09,severe,True,,0.3333333333333333,30,0,0,0,True
0.0,0,0.0,0.3333333333333333,,,30,598.2125527309836,1.0,0.9001462947979952,0.3333333333333333,0.8237495243075939,30,,60,0,0.0,0,0.0,598.2125527309836,30,1.0,0.0003725932911038,severe_09__rho_0.333,heft,0.0003540534526109,,severe_09,severe,True,,0.3333333333333333,30,0,0,0,True
0.0,0,0.0,0.3333333333333333,31.0,,30,598.2125527309836,1.0,0.9001462947979952,0.3333333333333333,0.8237495243075939,30,30.0,60,0,0.0,0,0.0,598.2125527309836,30,1.0,9.56703624408692,severe_09__rho_0.333,replica,9.566932883113624,,severe_09,severe,True,9.412232012487948,0.3333333333333333,30,0,0,0,True
0.0,0,0.0,0.3333333333333333,,,30,555.732,1.0,0.8283135332300429,0.3333333333333333,0.8129720853858785,30,,60,0,555.732,30,1.0,0.0,0,0.0,0.0080162053927779,severe_10__rho_0.333,cpsat,0.0078564845025539,OPTIMAL,severe_10,severe,True,,0.3333333333333333,30,0,0,0,True
0.0,0,0.0,0.3333333333333333,,,30,555.7293132080231,1.0,0.8283135332300429,0.3333333333333333,0.8129720853858785,30,,60,0,555.7293132080231,30,1.0,0.0,0,0.0,0.0009545087814331,severe_10__rho_0.333,easy,0.0009347274899482,,severe_10,severe,True,,0.3333333333333333,30,0,0,0,True
0.0,0,0.0,0.3333333333333333,,,30,555.7293132080231,1.0,0.8283135332300429,0.3333333333333333,0.8129720853858785,30,,60,0,555.7293132080231,30,1.0,0.0,0,0.0,0.0002729827538132,severe_10__rho_0.333,heft,0.0002530319616198,,severe_10,severe,True,,0.3333333333333333,30,0,0,0,True
0.0,0,0.0,0.3333333333333333,31.0,,30,555.7293132080231,1.0,0.8283135332300429,0.3333333333333333,0.8129720853858785,30,30.0,60,0,555.7293132080231,30,1.0,0.0,0,0.0,9.632931472733617,severe_10__rho_0.333,replica,9.632835782133045,,severe_10,severe,True,9.48363684117794,0.3333333333333333,30,0,0,0,True
0.0,0,0.0,0.3333333333333333,,,30,555.732,1.0,0.8707272013262095,0.3333333333333333,0.8203963639774455,30,,60,0,555.732,30,1.0,0.0,0,0.0,0.0082868281751871,severe_11__rho_0.333,cpsat,0.0081154676154255,OPTIMAL,severe_11,severe,True,,0.3333333333333333,30,0,0,0,True
0.0,0,0.0,0.3333333333333333,,,30,555.7293132080231,1.0,0.8707272013262095,0.3333333333333333,0.8203963639774455,30,,60,0,555.7293132080231,30,1.0,0.0,0,0.0,0.000970427878201,severe_11__rho_0.333,easy,0.0009509772062301,,severe_11,severe,True,,0.3333333333333333,30,0,0,0,True
0.0,0,0.0,0.3333333333333333,,,30,555.7293132080231,1.0,0.8707272013262095,0.3333333333333333,0.8203963639774455,30,,60,0,555.7293132080231,30,1.0,0.0,0,0.0,0.0003944830968976,severe_11__rho_0.333,heft,0.0003768233582377,,severe_11,severe,True,,0.3333333333333333,30,0,0,0,True
0.0,0,0.0,0.3333333333333333,31.0,,30,555.7293132080231,1.0,0.8707272013262095,0.3333333333333333,0.8203963639774455,30,30.0,60,0,555.7293132080231,30,1.0,0.0,0,0.0,9.788891398347914,severe_11__rho_0.333,replica,9.788801556453109,,severe_11,severe,True,9.64592407643795,0.3333333333333333,30,0,0,0,True
0.0,0,0.0,0.3333333333333333,,,30,555.732,1.0,0.8982667428117346,0.3333333333333333,0.7390976407076093,30,,60,0,555.732,30,1.0,0.0,0,0.0,0.0085794404149055,severe_12__rho_0.333,cpsat,0.0084252385422587,OPTIMAL,severe_12,severe,True,,0.3333333333333333,30,0,0,0,True
0.0,0,0.0,0.3333333333333333,,,30,555.7293132080231,1.0,0.8982667428117346,0.3333333333333333,0.7390976407076093,30,,60,0,555.7293132080231,30,1.0,0.0,0,0.0,0.0013150610029697,severe_12__rho_0.333,easy,0.0012947916984558,,severe_12,severe,True,,0.3333333333333333,30,0,0,0,True
0.0,0,0.0,0.3333333333333333,,,30,555.7293132080231,1.0,0.8982667428117346,0.3333333333333333,0.7390976407076093,30,,60,0,555.7293132080231,30,1.0,0.0,0,0.0,0.0002815518528223,severe_12__rho_0.333,heft,0.000260692089796,,severe_12,severe,True,,0.3333333333333333,30,0,0,0,True
0.0,0,0.0,0.3333333333333333,31.0,,30,555.7293132080231,1.0,0.8982667428117346,0.3333333333333333,0.7390976407076093,30,30.0,60,0,555.7293132080231,30,1.0,0.0,0,0.0,9.482617793604732,severe_12__rho_0.333,replica,9.48254548292607,,severe_12,severe,True,9.276152045466006,0.3333333333333333,30,0,0,0,True
0.0,0,0.0,0.3333333333333333,,,30,349.132,1.0,0.9048857740747568,0.5576926014611474,0.7887242478843984,30,,60,12,234.9929999999999,17,0.6730778043834421,349.132,13,1.0,0.0095979794859886,severe_13__rho_0.333,cpsat,0.0094380481168627,OPTIMAL,severe_13,severe,True,,0.3333333333333333,30,0,0,0,True
0.0,0,0.0,0.3333333333333333,,,30,349.20365878894154,0.99979755887955,0.9048857740747568,0.5575781797769347,0.7887242478843984,30,,60,12,234.9920557079604,17,0.6729369804512542,349.13296560899107,13,0.99979755887955,0.000979128293693,severe_13__rho_0.333,easy,0.0009608883410692,,severe_13,severe,True,,0.3333333333333333,30,0,0,0,True
0.0,0,0.0,0.3333333333333333,,,30,353.3056256929558,0.9881896585264368,0.9048857740747568,0.5511045572996262,0.7887242478843984,30,,60,12,234.9920557079604,17,0.6651240133724416,349.13296560899107,13,0.9881896585264368,0.0003580935299396,severe_13__rho_0.333,heft,0.000337372533977,,severe_13,severe,True,,0.3333333333333333,30,0,0,0,True
0.0,0,0.0,0.3333333333333333,31.0,,30,349.17654982495515,0.9998751800028212,0.9048857740747568,0.5576214683849549,0.7887242478843984,30,26.0,60,12,234.9920557079604,17,0.6729892251520433,349.13296560899107,13,0.9998751800028212,8.180774910375476,severe_13__rho_0.333,replica,8.180709591135383,,severe_13,severe,True,8.06881614215672,0.3333333333333333,30,0,0,0,True
0.0,0,0.0,0.3333333333333333,,,30,598.211,1.0,0.936690170199345,0.3333333333333333,0.7396962233169131,30,,60,0,0.0,0,0.0,598.211,30,1.0,0.0082051670178771,severe_14__rho_0.333,cpsat,0.0080486759543418,OPTIMAL,severe_14,severe,True,,0.3333333333333333,30,0,0,0,True
0.0,0,0.0,0.3333333333333333,,,30,598.2125527309836,1.0,0.936690170199345,0.3333333333333333,0.7396962233169131,30,,60,0,0.0,0,0.0,598.2125527309836,30,1.0,0.0009524086490273,severe_14__rho_0.333,easy,0.000933856703341,,severe_14,severe,True,,0.3333333333333333,30,0,0,0,True
0.0,0,0.0,0.3333333333333333,,,30,598.2125527309836,1.0,0.936690170199345,0.3333333333333333,0.7396962233169131,30,,60,0,0.0,0,0.0,598.2125527309836,30,1.0,0.0003697229549288,severe_14__rho_0.333,heft,0.00034034345299,,severe_14,severe,True,,0.3333333333333333,30,0,0,0,True
0.0,0,0.0,0.3333333333333333,31.0,,30,598.2125527309836,1.0,0.936690170199345,0.3333333333333333,0.7396962233169131,30,30.0,60,0,0.0,0,0.0,598.2125527309836,30,1.0,9.534779210574923,severe_14__rho_0.333,replica,9.534586308524013,,severe_14,severe,True,9.38501772005111,0.3333333333333333,30,0,0,0,True
0.0,0,0.0,0.3333333333333333,,,30,598.211,1.0,0.9256190174675856,0.3333333333333333,1.0,30,,60,0,0.0,0,0.0,598.211,30,1.0,0.0075913518667221,severe_15__rho_0.333,cpsat,0.0074343914166092,OPTIMAL,severe_15,severe,True,,0.3333333333333333,30,0,0,0,True
0.0,0,0.0,0.3333333333333333,,,30,598.2125527309836,1.0,0.9256190174675856,0.3333333333333333,1.0,30,,60,0,0.0,0,0.0,598.2125527309836,30,1.0,0.0008519953116774,severe_15__rho_0.333,easy,0.0008330959826707,,severe_15,severe,True,,0.3333333333333333,30,0,0,0,True
0.0,0,0.0,0.3333333333333333,,,30,598.2125527309836,1.0,0.9256190174675856,0.3333333333333333,1.0,30,,60,0,0.0,0,0.0,598.2125527309836,30,1.0,0.0002657016739249,severe_15__rho_0.333,heft,0.0002457816153764,,severe_15,severe,True,,0.3333333333333333,30,0,0,0,True
0.0,0,0.0,0.3333333333333333,31.0,,30,598.2125527309836,1.0,0.9256190174675856,0.3333333333333333,1.0,30,30.0,60,0,0.0,0,0.0,598.2125527309836,30,1.0,9.434865369461477,severe_15__rho_0.333,replica,9.434805129654706,,severe_15,severe,True,9.291551101952791,0.3333333333333333,30,0,0,0,True
0.0,0,0.0,0.3333333333333333,,,30,430.099,1.0,0.9148710884383268,0.4419556117700033,0.7135556578257763,30,,60,16,430.099,15,1.0,140.15500000000003,15,0.3258668353100101,0.0087726032361388,severe_16__rho_0.333,cpsat,0.0086165107786655,OPTIMAL,severe_16,severe,True,,0.3333333333333333,30,0,0,0,True
0.0,0,0.0,0.3333333333333333,,,30,437.832656621933,0.9823354920309744,0.9148710884383268,0.4341492239285235,0.7135556578257763,30,,60,16,430.09855816993513,15,0.9823354920309744,140.1555660789927,15,0.3201121797545964,0.0012083398178219,severe_16__rho_0.333,easy,0.0011880891397595,,severe_16,severe,True,,0.3333333333333333,30,0,0,0,True
0.0,0,0.0,0.3333333333333333,,,30,430.4621439169605,0.9991553595312308,0.9148710884383268,0.4415828680155548,0.7135556578257763,30,,60,16,430.09855816993513,15,0.9991553595312308,140.1555660789927,15,0.3255932445154336,0.0003686528652906,severe_16__rho_0.333,heft,0.0003505731001496,,severe_16,severe,True,,0.3333333333333333,30,0,0,0,True
0.0,0,0.0,0.3333333333333333,31.0,,30,430.09855816993513,1.0,0.9148710884383268,0.4419561620754657,0.7135556578257763,30,23.0,60,16,430.09855816993513,15,1.0,140.1555660789927,15,0.3258684862263969,7.193833018653095,severe_16__rho_0.333,replica,7.1937650283798575,,severe_16,severe,True,7.088060398586094,0.3333333333333333,30,0,0,0,True
0.0,0,0.0,0.3333333333333333,,,30,555.732,1.0,0.8879720853858782,0.3333333333333333,0.8247164068568125,30,,60,0,555.732,30,1.0,0.0,0,0.0,0.0081691779196262,severe_17__rho_0.333,cpsat,0.0079895760864019,OPTIMAL,severe_17,severe,True,,0.3333333333333333,30,0,0,0,True
0.0,0,0.0,0.3333333333333333,,,30,555.7293132080231,1.0,0.8879720853858782,0.3333333333333333,0.8247164068568125,30,,60,0,555.7293132080231,30,1.0,0.0,0,0.0,0.0009472882375121,severe_17__rho_0.333,easy,0.000927397981286,,severe_17,severe,True,,0.3333333333333333,30,0,0,0,True
0.0,0,0.0,0.3333333333333333,,,30,555.7293132080231,1.0,0.8879720853858782,0.3333333333333333,0.8247164068568125,30,,60,0,555.7293132080231,30,1.0,0.0,0,0.0,0.0002937214449048,severe_17__rho_0.333,heft,0.0002720411866903,,severe_17,severe,True,,0.3333333333333333,30,0,0,0,True
0.0,0,0.0,0.3333333333333333,31.0,,30,555.7293132080231,1.0,0.8879720853858782,0.3333333333333333,0.8247164068568125,30,30.0,60,0,555.7293132080231,30,1.0,0.0,0,0.0,9.563785626553,severe_17__rho_0.333,replica,9.563720765523612,,severe_17,severe,True,9.41163710039109,0.3333333333333333,30,0,0,0,True
0.0,0,0.0,0.3333333333333333,,,30,555.732,1.0,0.849776428931493,0.3333333333333333,0.7614942528735632,30,,60,0,555.732,30,1.0,0.0,0,0.0,0.0085719497874379,severe_18__rho_0.333,cpsat,0.0084126582369208,OPTIMAL,severe_18,severe,True,,0.3333333333333333,30,0,0,0,True
0.0,0,0.0,0.3333333333333333,,,30,555.7293132080231,1.0,0.849776428931493,0.3333333333333333,0.7614942528735632,30,,60,0,555.7293132080231,30,1.0,0.0,0,0.0,0.001209401525557,severe_18__rho_0.333,easy,0.0011889096349477,,severe_18,severe,True,,0.3333333333333333,30,0,0,0,True
0.0,0,0.0,0.3333333333333333,,,30,555.7293132080231,1.0,0.849776428931493,0.3333333333333333,0.7614942528735632,30,,60,0,555.7293132080231,30,1.0,0.0,0,0.0,0.0002760626375675,severe_18__rho_0.333,heft,0.0002550520002841,,severe_18,severe,True,,0.3333333333333333,30,0,0,0,True
0.0,0,0.0,0.3333333333333333,31.0,,30,555.7293132080231,1.0,0.849776428931493,0.3333333333333333,0.7614942528735632,30,30.0,60,0,555.7293132080231,30,1.0,0.0,0,0.0,9.800746094435452,severe_18__rho_0.333,replica,9.800678194500506,,severe_18,severe,True,9.594208748079836,0.3333333333333333,30,0,0,0,True
0.0,0,0.0,0.3333333333333333,,,30,555.732,1.0,0.9442986806376912,0.3333333333333333,0.8885878489326765,30,,60,0,555.732,30,1.0,0.0,0,0.0,0.0095779793336987,severe_19__rho_0.333,cpsat,0.0094180665910243,OPTIMAL,severe_19,severe,True,,0.3333333333333333,30,0,0,0,True
0.0,0,0.0,0.3333333333333333,,,30,555.7293132080231,1.0,0.9442986806376912,0.3333333333333333,0.8885878489326765,30,,60,0,555.7293132080231,30,1.0,0.0,0,0.0,0.0009543066844344,severe_19__rho_0.333,easy,0.0009231269359588,,severe_19,severe,True,,0.3333333333333333,30,0,0,0,True
0.0,0,0.0,0.3333333333333333,,,30,555.7293132080231,1.0,0.9442986806376912,0.3333333333333333,0.8885878489326765,30,,60,0,555.7293132080231,30,1.0,0.0,0,0.0,0.0003699632361531,severe_19__rho_0.333,heft,0.0003524525091052,,severe_19,severe,True,,0.3333333333333333,30,0,0,0,True
0.0,0,0.0,0.3333333333333333,31.0,,30,555.7293132080231,1.0,0.9442986806376912,0.3333333333333333,0.8885878489326765,30,30.0,60,0,555.7293132080231,30,1.0,0.0,0,0.0,9.53792599402368,severe_19__rho_0.333,replica,9.53784251306206,,severe_19,severe,True,9.383959589526055,0.3333333333333333,30,0,0,0,True
0.0,0,0.0,0.3333333333333333,,,30,550.166,1.0,0.9460180623973726,0.3374024082428454,0.8405553765949179,30,,60,9,550.166,24,1.0,6.715999999999895,6,0.0122072247285362,0.0091659752652049,severe_20__rho_0.333,cpsat,0.0090045239776372,OPTIMAL,severe_20,severe,True,,0.3333333333333333,30,0,0,0,True
0.0,0,0.0,0.3333333333333333,,,30,550.1644239269954,1.0,0.9460180623973726,0.3374026146729318,0.8405553765949179,30,,60,9,550.1644239269954,24,1.0,6.71632147199125,6,0.0122078440187955,0.0011613499373197,severe_20__rho_0.333,easy,0.0011410592123866,,severe_20,severe,True,,0.3333333333333333,30,0,0,0,True
0.0,0,0.0,0.3333333333333333,,,30,551.4887878480149,0.9975985660085904,0.9460180623973726,0.3365923645652657,0.8405553765949179,30,,60,9,550.1644239269954,24,0.9975985660085904,6.71632147199125,6,0.0121785276872069,0.0004011942073702,severe_20__rho_0.333,heft,0.0003837328404188,,severe_20,severe,True,,0.3333333333333333,30,0,0,0,True
0.0,0,0.0,0.3333333333333333,31.0,,30,550.1644239269954,1.0,0.9460180623973726,0.3374026146729318,0.8405553765949179,30,26.0,60,9,550.1644239269954,24,1.0,6.71632147199125,6,0.0122078440187955,8.311298117041588,severe_20__rho_0.333,replica,8.311207826249301,,severe_20,severe,True,8.213226987980306,0.3333333333333333,30,0,0,0,True
